ISO-10303-21;
HEADER;
/* Generated by software containing ST-Developer
 * from STEP Tools, Inc. (www.steptools.com) 
 */
/* OPTION: using custom renumber hook */

FILE_DESCRIPTION(
/* description */ ('STEP AP242 Edition 2',
'CAx-IF Rec.Pracs.---Representation and Presentation of Product Manufa
cturing Information (PMI)---4.0---2014-10-13',
'CAx-IF Rec.Pracs.---3D Tessellated Geometry---0.4---2014-09-14','2;1',
'CAx-IF Rec.Pracs.---User Defined Attributes---1.5---2016-08-15'),
/* implementation_level */ '2;1');

FILE_NAME(
/* name */ 'Chassis - Hood',
/* time_stamp */ '2026-07-28T04:28:05Z',
/* author */ (''),
/* organization */ (''),
/* preprocessor_version */ 'ST-DEVELOPER v20',
/* originating_system */ 'ONSHAPE BY PTC INC, 1.218',
/* authorisation */ '  ');

FILE_SCHEMA (('AP242_MANAGED_MODEL_BASED_3D_ENGINEERING_MIM_LF { 1 0 10303 442 3 1 4 }'));
ENDSEC;

DATA;
#10=SHAPE_REPRESENTATION_RELATIONSHIP('','',#7609,#11);
#11=ADVANCED_BREP_SHAPE_REPRESENTATION('',(#7607),#13256);
#12=SPHERICAL_SURFACE('',#8569,0.004);
#13=SPHERICAL_SURFACE('',#8571,0.004);
#14=SPHERICAL_SURFACE('',#8577,0.004);
#15=SPHERICAL_SURFACE('',#8596,0.004);
#16=SPHERICAL_SURFACE('',#8612,0.004);
#17=SPHERICAL_SURFACE('',#8616,0.004);
#18=(
BOUNDED_SURFACE()
B_SPLINE_SURFACE(3,2,((#12946,#12947,#12948),(#12949,#12950,#12951),(#12952,
#12953,#12954),(#12955,#12956,#12957),(#12958,#12959,#12960),(#12961,#12962,
#12963),(#12964,#12965,#12966),(#12967,#12968,#12969),(#12970,#12971,#12972)),
 .UNSPECIFIED.,.F.,.F.,.F.)
B_SPLINE_SURFACE_WITH_KNOTS((4,1,1,1,1,1,4),(3,3),(3.77302356024956E-17,
0.0010024423842475,0.00200488476849496,0.00300732715274242,0.00400976953698988,
0.0060146543054848,0.00801953907397972),(0.,1.),.UNSPECIFIED.)
GEOMETRIC_REPRESENTATION_ITEM()
RATIONAL_B_SPLINE_SURFACE(((1.,0.332617124495988,1.),(1.,0.332617125644486,
1.),(1.,0.349197583597094,1.),(1.,0.404580999702804,1.),(1.,0.467071850747721,
1.),(1.,0.547059606393708,1.),(1.,0.634457897375798,1.),(1.,0.686424083020964,
1.),(1.,0.708707450874857,1.)))
REPRESENTATION_ITEM('')
SURFACE()
);
#19=(
BOUNDED_SURFACE()
B_SPLINE_SURFACE(3,2,((#13002,#13003,#13004),(#13005,#13006,#13007),(#13008,
#13009,#13010),(#13011,#13012,#13013),(#13014,#13015,#13016),(#13017,#13018,
#13019),(#13020,#13021,#13022)),.UNSPECIFIED.,.F.,.F.,.F.)
B_SPLINE_SURFACE_WITH_KNOTS((4,1,1,1,4),(3,3),(3.14159265358979,3.53664792977871,
3.93170320596763,4.32675848215654,4.72181375834546),(0.,1.),
 .UNSPECIFIED.)
GEOMETRIC_REPRESENTATION_ITEM()
RATIONAL_B_SPLINE_SURFACE(((1.,0.866025403784438,1.),(1.,0.866025403785564,
1.),(1.,0.858467909897147,1.),(1.,0.825337529025435,1.),(1.,0.773122377145166,
1.),(1.,0.728771619842143,1.),(1.,0.705438757364318,1.)))
REPRESENTATION_ITEM('')
SURFACE()
);
#20=(
BOUNDED_SURFACE()
B_SPLINE_SURFACE(3,2,((#13025,#13026,#13027),(#13028,#13029,#13030),(#13031,
#13032,#13033),(#13034,#13035,#13036),(#13037,#13038,#13039)),
 .UNSPECIFIED.,.F.,.F.,.F.)
B_SPLINE_SURFACE_WITH_KNOTS((4,1,4),(3,3),(0.,0.790110552377833,1.58022110475567),
(0.,1.),.UNSPECIFIED.)
GEOMETRIC_REPRESENTATION_ITEM()
RATIONAL_B_SPLINE_SURFACE(((1.,0.737277336810125,1.),(1.,0.737277336807362,
1.),(1.,0.730834079093227,1.),(1.,0.714934827107874,1.),(1.,0.706816308752575,
1.)))
REPRESENTATION_ITEM('')
SURFACE()
);
#21=(
BOUNDED_SURFACE()
B_SPLINE_SURFACE(3,2,((#13058,#13059,#13060),(#13061,#13062,#13063),(#13064,
#13065,#13066),(#13067,#13068,#13069),(#13070,#13071,#13072),(#13073,#13074,
#13075),(#13076,#13077,#13078),(#13079,#13080,#13081),(#13082,#13083,#13084),
(#13085,#13086,#13087),(#13088,#13089,#13090),(#13091,#13092,#13093),(#13094,
#13095,#13096)),.UNSPECIFIED.,.F.,.F.,.F.)
B_SPLINE_SURFACE_WITH_KNOTS((4,1,1,1,1,1,1,1,1,1,4),(3,3),(0.276685711398325,
0.315982900560354,0.355280089722382,0.394577278884411,0.433874468046439,
0.453523062627453,0.473171657208468,0.492820251789482,0.512468846370496,
0.551766035532525,0.591063224694553),(0.,1.),.UNSPECIFIED.)
GEOMETRIC_REPRESENTATION_ITEM()
RATIONAL_B_SPLINE_SURFACE(((1.,0.998428035469209,1.),(1.,0.999514798152298,
1.),(1.,0.998801976668962,1.),(1.,0.989613352852551,1.),(1.,0.973377021844548,
1.),(1.,0.955134040988231,1.),(1.,0.938454997925675,1.),(1.,0.92508195556516,
1.),(1.,0.911019099687238,1.),(1.,0.891545679408514,1.),(1.,0.862570839973177,
1.),(1.,0.834291283767874,1.),(1.,0.818754741489052,1.)))
REPRESENTATION_ITEM('')
SURFACE()
);
#22=(
BOUNDED_SURFACE()
B_SPLINE_SURFACE(3,2,((#13105,#13106,#13107),(#13108,#13109,#13110),(#13111,
#13112,#13113),(#13114,#13115,#13116)),.UNSPECIFIED.,.F.,.F.,.F.)
B_SPLINE_SURFACE_WITH_KNOTS((4,4),(3,3),(0.554069296471903,0.998113911963782),
(0.,1.),.PIECEWISE_BEZIER_KNOTS.)
GEOMETRIC_REPRESENTATION_ITEM()
RATIONAL_B_SPLINE_SURFACE(((1.,0.875983138006424,1.),(1.,0.862008295321871,
1.),(1.,0.842637784982592,1.),(1.,0.818754741489055,1.)))
REPRESENTATION_ITEM('')
SURFACE()
);
#23=(
BOUNDED_SURFACE()
B_SPLINE_SURFACE(3,2,((#13120,#13121,#13122),(#13123,#13124,#13125),(#13126,
#13127,#13128),(#13129,#13130,#13131),(#13132,#13133,#13134)),
 .UNSPECIFIED.,.F.,.F.,.F.)
B_SPLINE_SURFACE_WITH_KNOTS((4,1,4),(3,3),(6.90124273567807,7.37761218482628,
7.85398163397449),(0.,1.),.UNSPECIFIED.)
GEOMETRIC_REPRESENTATION_ITEM()
RATIONAL_B_SPLINE_SURFACE(((1.,0.875983138006418,1.),(1.,0.905967459362822,
1.),(1.,0.97195779237165,1.),(1.,0.999999999999913,1.),(1.,1.,1.)))
REPRESENTATION_ITEM('')
SURFACE()
);
#24=CONICAL_SURFACE('',#8468,0.0037,0.785398163397448);
#25=CONICAL_SURFACE('',#8469,0.0037,0.785398163397448);
#26=CONICAL_SURFACE('',#8470,0.0037,0.785398163397448);
#27=CONICAL_SURFACE('',#8471,0.0037,0.785398163397448);
#28=CONICAL_SURFACE('',#8654,0.0025,0.785398163397448);
#29=CONICAL_SURFACE('',#8655,0.01125,0.78539816339745);
#30=CONICAL_SURFACE('',#8656,0.0125,0.785398163397452);
#31=CYLINDRICAL_SURFACE('',#7654,0.00225);
#32=CYLINDRICAL_SURFACE('',#7656,0.00225);
#33=CYLINDRICAL_SURFACE('',#7956,0.0125050497955948);
#34=CYLINDRICAL_SURFACE('',#7958,0.0225);
#35=CYLINDRICAL_SURFACE('',#7960,0.0225);
#36=CYLINDRICAL_SURFACE('',#7962,0.0147402665802676);
#37=CYLINDRICAL_SURFACE('',#7964,0.0225);
#38=CYLINDRICAL_SURFACE('',#7966,0.0149729596842734);
#39=CYLINDRICAL_SURFACE('',#7968,0.0225);
#40=CYLINDRICAL_SURFACE('',#7970,0.0150766453136282);
#41=CYLINDRICAL_SURFACE('',#7972,0.0225);
#42=CYLINDRICAL_SURFACE('',#7974,0.0151216173358864);
#43=CYLINDRICAL_SURFACE('',#7976,0.0225);
#44=CYLINDRICAL_SURFACE('',#7978,0.0151409000204035);
#45=CYLINDRICAL_SURFACE('',#7980,0.0225);
#46=CYLINDRICAL_SURFACE('',#7982,0.0164354770151254);
#47=CYLINDRICAL_SURFACE('',#7984,0.003);
#48=CYLINDRICAL_SURFACE('',#7986,0.003);
#49=CYLINDRICAL_SURFACE('',#7988,0.003);
#50=CYLINDRICAL_SURFACE('',#7990,0.003);
#51=CYLINDRICAL_SURFACE('',#7992,0.003);
#52=CYLINDRICAL_SURFACE('',#7994,0.003);
#53=CYLINDRICAL_SURFACE('',#7996,0.003);
#54=CYLINDRICAL_SURFACE('',#7998,0.003);
#55=CYLINDRICAL_SURFACE('',#8000,0.003);
#56=CYLINDRICAL_SURFACE('',#8002,0.003);
#57=CYLINDRICAL_SURFACE('',#8004,0.003);
#58=CYLINDRICAL_SURFACE('',#8006,0.003);
#59=CYLINDRICAL_SURFACE('',#8008,0.003);
#60=CYLINDRICAL_SURFACE('',#8010,0.003);
#61=CYLINDRICAL_SURFACE('',#8012,0.003);
#62=CYLINDRICAL_SURFACE('',#8014,0.003);
#63=CYLINDRICAL_SURFACE('',#8016,0.003);
#64=CYLINDRICAL_SURFACE('',#8018,0.003);
#65=CYLINDRICAL_SURFACE('',#8020,0.003);
#66=CYLINDRICAL_SURFACE('',#8022,0.003);
#67=CYLINDRICAL_SURFACE('',#8024,0.003);
#68=CYLINDRICAL_SURFACE('',#8026,0.003);
#69=CYLINDRICAL_SURFACE('',#8028,0.003);
#70=CYLINDRICAL_SURFACE('',#8030,0.003);
#71=CYLINDRICAL_SURFACE('',#8032,0.003);
#72=CYLINDRICAL_SURFACE('',#8034,0.003);
#73=CYLINDRICAL_SURFACE('',#8036,0.003);
#74=CYLINDRICAL_SURFACE('',#8038,0.003);
#75=CYLINDRICAL_SURFACE('',#8040,0.003);
#76=CYLINDRICAL_SURFACE('',#8042,0.003);
#77=CYLINDRICAL_SURFACE('',#8044,0.003);
#78=CYLINDRICAL_SURFACE('',#8046,0.003);
#79=CYLINDRICAL_SURFACE('',#8048,0.003);
#80=CYLINDRICAL_SURFACE('',#8050,0.003);
#81=CYLINDRICAL_SURFACE('',#8052,0.003);
#82=CYLINDRICAL_SURFACE('',#8054,0.003);
#83=CYLINDRICAL_SURFACE('',#8056,0.003);
#84=CYLINDRICAL_SURFACE('',#8058,0.003);
#85=CYLINDRICAL_SURFACE('',#8060,0.003);
#86=CYLINDRICAL_SURFACE('',#8062,0.003);
#87=CYLINDRICAL_SURFACE('',#8064,0.003);
#88=CYLINDRICAL_SURFACE('',#8066,0.003);
#89=CYLINDRICAL_SURFACE('',#8068,0.003);
#90=CYLINDRICAL_SURFACE('',#8070,0.003);
#91=CYLINDRICAL_SURFACE('',#8072,0.003);
#92=CYLINDRICAL_SURFACE('',#8074,0.003);
#93=CYLINDRICAL_SURFACE('',#8076,0.003);
#94=CYLINDRICAL_SURFACE('',#8078,0.003);
#95=CYLINDRICAL_SURFACE('',#8080,0.003);
#96=CYLINDRICAL_SURFACE('',#8082,0.003);
#97=CYLINDRICAL_SURFACE('',#8084,0.003);
#98=CYLINDRICAL_SURFACE('',#8086,0.003);
#99=CYLINDRICAL_SURFACE('',#8088,0.003);
#100=CYLINDRICAL_SURFACE('',#8090,0.003);
#101=CYLINDRICAL_SURFACE('',#8092,0.003);
#102=CYLINDRICAL_SURFACE('',#8094,0.003);
#103=CYLINDRICAL_SURFACE('',#8096,0.003);
#104=CYLINDRICAL_SURFACE('',#8098,0.003);
#105=CYLINDRICAL_SURFACE('',#8100,0.003);
#106=CYLINDRICAL_SURFACE('',#8102,0.003);
#107=CYLINDRICAL_SURFACE('',#8104,0.003);
#108=CYLINDRICAL_SURFACE('',#8106,0.003);
#109=CYLINDRICAL_SURFACE('',#8108,0.003);
#110=CYLINDRICAL_SURFACE('',#8110,0.003);
#111=CYLINDRICAL_SURFACE('',#8112,0.003);
#112=CYLINDRICAL_SURFACE('',#8114,0.003);
#113=CYLINDRICAL_SURFACE('',#8116,0.003);
#114=CYLINDRICAL_SURFACE('',#8118,0.003);
#115=CYLINDRICAL_SURFACE('',#8120,0.003);
#116=CYLINDRICAL_SURFACE('',#8122,0.003);
#117=CYLINDRICAL_SURFACE('',#8124,0.003);
#118=CYLINDRICAL_SURFACE('',#8126,0.003);
#119=CYLINDRICAL_SURFACE('',#8128,0.003);
#120=CYLINDRICAL_SURFACE('',#8130,0.003);
#121=CYLINDRICAL_SURFACE('',#8132,0.003);
#122=CYLINDRICAL_SURFACE('',#8134,0.003);
#123=CYLINDRICAL_SURFACE('',#8136,0.003);
#124=CYLINDRICAL_SURFACE('',#8138,0.003);
#125=CYLINDRICAL_SURFACE('',#8140,0.003);
#126=CYLINDRICAL_SURFACE('',#8142,0.003);
#127=CYLINDRICAL_SURFACE('',#8144,0.003);
#128=CYLINDRICAL_SURFACE('',#8146,0.003);
#129=CYLINDRICAL_SURFACE('',#8148,0.003);
#130=CYLINDRICAL_SURFACE('',#8150,0.003);
#131=CYLINDRICAL_SURFACE('',#8152,0.003);
#132=CYLINDRICAL_SURFACE('',#8154,0.003);
#133=CYLINDRICAL_SURFACE('',#8156,0.003);
#134=CYLINDRICAL_SURFACE('',#8158,0.003);
#135=CYLINDRICAL_SURFACE('',#8160,0.003);
#136=CYLINDRICAL_SURFACE('',#8162,0.003);
#137=CYLINDRICAL_SURFACE('',#8164,0.003);
#138=CYLINDRICAL_SURFACE('',#8166,0.003);
#139=CYLINDRICAL_SURFACE('',#8168,0.003);
#140=CYLINDRICAL_SURFACE('',#8170,0.003);
#141=CYLINDRICAL_SURFACE('',#8172,0.003);
#142=CYLINDRICAL_SURFACE('',#8174,0.003);
#143=CYLINDRICAL_SURFACE('',#8176,0.003);
#144=CYLINDRICAL_SURFACE('',#8178,0.003);
#145=CYLINDRICAL_SURFACE('',#8180,0.003);
#146=CYLINDRICAL_SURFACE('',#8182,0.003);
#147=CYLINDRICAL_SURFACE('',#8184,0.003);
#148=CYLINDRICAL_SURFACE('',#8186,0.003);
#149=CYLINDRICAL_SURFACE('',#8188,0.003);
#150=CYLINDRICAL_SURFACE('',#8190,0.003);
#151=CYLINDRICAL_SURFACE('',#8192,0.003);
#152=CYLINDRICAL_SURFACE('',#8194,0.003);
#153=CYLINDRICAL_SURFACE('',#8196,0.003);
#154=CYLINDRICAL_SURFACE('',#8198,0.003);
#155=CYLINDRICAL_SURFACE('',#8200,0.003);
#156=CYLINDRICAL_SURFACE('',#8202,0.003);
#157=CYLINDRICAL_SURFACE('',#8204,0.003);
#158=CYLINDRICAL_SURFACE('',#8206,0.003);
#159=CYLINDRICAL_SURFACE('',#8208,0.003);
#160=CYLINDRICAL_SURFACE('',#8210,0.003);
#161=CYLINDRICAL_SURFACE('',#8212,0.003);
#162=CYLINDRICAL_SURFACE('',#8214,0.003);
#163=CYLINDRICAL_SURFACE('',#8216,0.003);
#164=CYLINDRICAL_SURFACE('',#8218,0.003);
#165=CYLINDRICAL_SURFACE('',#8220,0.003);
#166=CYLINDRICAL_SURFACE('',#8222,0.003);
#167=CYLINDRICAL_SURFACE('',#8224,0.003);
#168=CYLINDRICAL_SURFACE('',#8226,0.003);
#169=CYLINDRICAL_SURFACE('',#8228,0.003);
#170=CYLINDRICAL_SURFACE('',#8230,0.003);
#171=CYLINDRICAL_SURFACE('',#8232,0.003);
#172=CYLINDRICAL_SURFACE('',#8234,0.003);
#173=CYLINDRICAL_SURFACE('',#8236,0.003);
#174=CYLINDRICAL_SURFACE('',#8238,0.003);
#175=CYLINDRICAL_SURFACE('',#8240,0.003);
#176=CYLINDRICAL_SURFACE('',#8242,0.003);
#177=CYLINDRICAL_SURFACE('',#8244,0.003);
#178=CYLINDRICAL_SURFACE('',#8246,0.003);
#179=CYLINDRICAL_SURFACE('',#8248,0.003);
#180=CYLINDRICAL_SURFACE('',#8250,0.003);
#181=CYLINDRICAL_SURFACE('',#8252,0.003);
#182=CYLINDRICAL_SURFACE('',#8254,0.003);
#183=CYLINDRICAL_SURFACE('',#8256,0.003);
#184=CYLINDRICAL_SURFACE('',#8258,0.003);
#185=CYLINDRICAL_SURFACE('',#8260,0.003);
#186=CYLINDRICAL_SURFACE('',#8262,0.003);
#187=CYLINDRICAL_SURFACE('',#8264,0.003);
#188=CYLINDRICAL_SURFACE('',#8266,0.003);
#189=CYLINDRICAL_SURFACE('',#8268,0.0126390712050584);
#190=CYLINDRICAL_SURFACE('',#8270,0.0127010958628571);
#191=CYLINDRICAL_SURFACE('',#8272,0.0127284122933735);
#192=CYLINDRICAL_SURFACE('',#8274,0.01274019944718);
#193=CYLINDRICAL_SURFACE('',#8276,0.0137514832554985);
#194=CYLINDRICAL_SURFACE('',#8278,0.01225);
#195=CYLINDRICAL_SURFACE('',#8280,0.003);
#196=CYLINDRICAL_SURFACE('',#8282,0.003);
#197=CYLINDRICAL_SURFACE('',#8284,0.003);
#198=CYLINDRICAL_SURFACE('',#8286,0.003);
#199=CYLINDRICAL_SURFACE('',#8288,0.003);
#200=CYLINDRICAL_SURFACE('',#8290,0.003);
#201=CYLINDRICAL_SURFACE('',#8292,0.003);
#202=CYLINDRICAL_SURFACE('',#8294,0.003);
#203=CYLINDRICAL_SURFACE('',#8296,0.003);
#204=CYLINDRICAL_SURFACE('',#8298,0.003);
#205=CYLINDRICAL_SURFACE('',#8300,0.003);
#206=CYLINDRICAL_SURFACE('',#8302,0.003);
#207=CYLINDRICAL_SURFACE('',#8304,0.003);
#208=CYLINDRICAL_SURFACE('',#8306,0.003);
#209=CYLINDRICAL_SURFACE('',#8308,0.003);
#210=CYLINDRICAL_SURFACE('',#8310,0.003);
#211=CYLINDRICAL_SURFACE('',#8312,0.003);
#212=CYLINDRICAL_SURFACE('',#8314,0.003);
#213=CYLINDRICAL_SURFACE('',#8316,0.003);
#214=CYLINDRICAL_SURFACE('',#8318,0.003);
#215=CYLINDRICAL_SURFACE('',#8320,0.003);
#216=CYLINDRICAL_SURFACE('',#8322,0.003);
#217=CYLINDRICAL_SURFACE('',#8324,0.003);
#218=CYLINDRICAL_SURFACE('',#8326,0.003);
#219=CYLINDRICAL_SURFACE('',#8328,0.003);
#220=CYLINDRICAL_SURFACE('',#8330,0.003);
#221=CYLINDRICAL_SURFACE('',#8332,0.003);
#222=CYLINDRICAL_SURFACE('',#8334,0.003);
#223=CYLINDRICAL_SURFACE('',#8336,0.003);
#224=CYLINDRICAL_SURFACE('',#8338,0.003);
#225=CYLINDRICAL_SURFACE('',#8340,0.003);
#226=CYLINDRICAL_SURFACE('',#8342,0.003);
#227=CYLINDRICAL_SURFACE('',#8344,0.003);
#228=CYLINDRICAL_SURFACE('',#8346,0.003);
#229=CYLINDRICAL_SURFACE('',#8348,0.003);
#230=CYLINDRICAL_SURFACE('',#8350,0.003);
#231=CYLINDRICAL_SURFACE('',#8352,0.003);
#232=CYLINDRICAL_SURFACE('',#8354,0.003);
#233=CYLINDRICAL_SURFACE('',#8356,0.003);
#234=CYLINDRICAL_SURFACE('',#8358,0.003);
#235=CYLINDRICAL_SURFACE('',#8360,0.003);
#236=CYLINDRICAL_SURFACE('',#8362,0.003);
#237=CYLINDRICAL_SURFACE('',#8364,0.003);
#238=CYLINDRICAL_SURFACE('',#8366,0.003);
#239=CYLINDRICAL_SURFACE('',#8368,0.003);
#240=CYLINDRICAL_SURFACE('',#8370,0.003);
#241=CYLINDRICAL_SURFACE('',#8372,0.003);
#242=CYLINDRICAL_SURFACE('',#8374,0.003);
#243=CYLINDRICAL_SURFACE('',#8376,0.003);
#244=CYLINDRICAL_SURFACE('',#8378,0.003);
#245=CYLINDRICAL_SURFACE('',#8380,0.003);
#246=CYLINDRICAL_SURFACE('',#8382,0.01425);
#247=CYLINDRICAL_SURFACE('',#8406,0.001);
#248=CYLINDRICAL_SURFACE('',#8407,0.001);
#249=CYLINDRICAL_SURFACE('',#8408,0.001);
#250=CYLINDRICAL_SURFACE('',#8409,0.001);
#251=CYLINDRICAL_SURFACE('',#8410,0.001);
#252=CYLINDRICAL_SURFACE('',#8411,0.001);
#253=CYLINDRICAL_SURFACE('',#8412,0.001);
#254=CYLINDRICAL_SURFACE('',#8413,0.001);
#255=CYLINDRICAL_SURFACE('',#8414,0.001);
#256=CYLINDRICAL_SURFACE('',#8415,0.001);
#257=CYLINDRICAL_SURFACE('',#8416,0.001);
#258=CYLINDRICAL_SURFACE('',#8417,0.001);
#259=CYLINDRICAL_SURFACE('',#8418,0.001);
#260=CYLINDRICAL_SURFACE('',#8419,0.001);
#261=CYLINDRICAL_SURFACE('',#8420,0.005);
#262=CYLINDRICAL_SURFACE('',#8421,0.005);
#263=CYLINDRICAL_SURFACE('',#8422,0.005);
#264=CYLINDRICAL_SURFACE('',#8423,0.005);
#265=CYLINDRICAL_SURFACE('',#8424,0.005);
#266=CYLINDRICAL_SURFACE('',#8425,0.005);
#267=CYLINDRICAL_SURFACE('',#8426,0.005);
#268=CYLINDRICAL_SURFACE('',#8427,0.0592376750000006);
#269=CYLINDRICAL_SURFACE('',#8429,0.064237675);
#270=CYLINDRICAL_SURFACE('',#8433,0.00295);
#271=CYLINDRICAL_SURFACE('',#8436,0.0055);
#272=CYLINDRICAL_SURFACE('',#8442,0.00295);
#273=CYLINDRICAL_SURFACE('',#8445,0.0055);
#274=CYLINDRICAL_SURFACE('',#8451,0.00295);
#275=CYLINDRICAL_SURFACE('',#8454,0.0055);
#276=CYLINDRICAL_SURFACE('',#8459,0.00295);
#277=CYLINDRICAL_SURFACE('',#8462,0.0055);
#278=CYLINDRICAL_SURFACE('',#8482,0.00725);
#279=CYLINDRICAL_SURFACE('',#8484,0.00725);
#280=CYLINDRICAL_SURFACE('',#8511,0.00813358673386909);
#281=CYLINDRICAL_SURFACE('',#8521,0.003);
#282=CYLINDRICAL_SURFACE('',#8526,0.00621320343559642);
#283=CYLINDRICAL_SURFACE('',#8528,0.003);
#284=CYLINDRICAL_SURFACE('',#8533,0.004);
#285=CYLINDRICAL_SURFACE('',#8535,0.004);
#286=CYLINDRICAL_SURFACE('',#8537,0.004);
#287=CYLINDRICAL_SURFACE('',#8539,0.004);
#288=CYLINDRICAL_SURFACE('',#8541,0.004);
#289=CYLINDRICAL_SURFACE('',#8544,0.004);
#290=CYLINDRICAL_SURFACE('',#8546,0.004);
#291=CYLINDRICAL_SURFACE('',#8549,0.004);
#292=CYLINDRICAL_SURFACE('',#8551,0.004);
#293=CYLINDRICAL_SURFACE('',#8553,0.004);
#294=CYLINDRICAL_SURFACE('',#8554,0.0005);
#295=CYLINDRICAL_SURFACE('',#8556,0.008);
#296=CYLINDRICAL_SURFACE('',#8557,0.002);
#297=CYLINDRICAL_SURFACE('',#8558,0.004);
#298=CYLINDRICAL_SURFACE('',#8560,0.004);
#299=CYLINDRICAL_SURFACE('',#8563,0.004);
#300=CYLINDRICAL_SURFACE('',#8567,0.004);
#301=CYLINDRICAL_SURFACE('',#8573,0.004);
#302=CYLINDRICAL_SURFACE('',#8575,0.004);
#303=CYLINDRICAL_SURFACE('',#8579,0.004);
#304=CYLINDRICAL_SURFACE('',#8580,0.003);
#305=CYLINDRICAL_SURFACE('',#8582,0.003);
#306=CYLINDRICAL_SURFACE('',#8585,0.004);
#307=CYLINDRICAL_SURFACE('',#8587,0.004);
#308=CYLINDRICAL_SURFACE('',#8589,0.004);
#309=CYLINDRICAL_SURFACE('',#8591,0.004);
#310=CYLINDRICAL_SURFACE('',#8593,0.004);
#311=CYLINDRICAL_SURFACE('',#8599,0.004);
#312=CYLINDRICAL_SURFACE('',#8601,0.004);
#313=CYLINDRICAL_SURFACE('',#8603,0.004);
#314=CYLINDRICAL_SURFACE('',#8608,0.004);
#315=CYLINDRICAL_SURFACE('',#8610,0.004);
#316=CYLINDRICAL_SURFACE('',#8614,0.004);
#317=CYLINDRICAL_SURFACE('',#8617,0.003);
#318=CYLINDRICAL_SURFACE('',#8636,0.01025);
#319=CYLINDRICAL_SURFACE('',#8639,0.0065);
#320=CYLINDRICAL_SURFACE('',#8642,0.015);
#321=CYLINDRICAL_SURFACE('',#8644,0.0125);
#322=CYLINDRICAL_SURFACE('',#8647,0.0025);
#323=TOROIDAL_SURFACE('',#7642,0.0075,0.002);
#324=TOROIDAL_SURFACE('',#8472,0.0075,0.002);
#325=TOROIDAL_SURFACE('',#8473,0.0075,0.002);
#326=TOROIDAL_SURFACE('',#8474,0.066237675,0.002);
#327=TOROIDAL_SURFACE('',#8475,0.0075,0.002);
#328=TOROIDAL_SURFACE('',#8542,0.0121335867338691,0.004);
#329=B_SPLINE_CURVE_WITH_KNOTS('',3,(#11215,#11216,#11217,#11218,#11219),
 .UNSPECIFIED.,.F.,.F.,(4,1,4),(0.,0.00272925536295791,0.00545851072591581),
 .UNSPECIFIED.);
#330=B_SPLINE_CURVE_WITH_KNOTS('',3,(#11235,#11236,#11237,#11238,#11239),
 .UNSPECIFIED.,.F.,.F.,(4,1,4),(0.,0.00331754364744746,0.00663508729489492),
 .UNSPECIFIED.);
#331=B_SPLINE_CURVE_WITH_KNOTS('',3,(#11255,#11256,#11257,#11258,#11259),
 .UNSPECIFIED.,.F.,.F.,(4,1,4),(0.,0.00369933824709527,0.00739867649419055),
 .UNSPECIFIED.);
#332=B_SPLINE_CURVE_WITH_KNOTS('',3,(#11260,#11261,#11262,#11263),
 .UNSPECIFIED.,.F.,.F.,(4,4),(0.,0.00250163079117827),.UNSPECIFIED.);
#333=B_SPLINE_CURVE_WITH_KNOTS('',3,(#11290,#11291,#11292,#11293,#11294),
 .UNSPECIFIED.,.F.,.F.,(4,1,4),(0.0279043199574348,0.0305935589600489,0.033282797962663),
 .UNSPECIFIED.);
#334=B_SPLINE_CURVE_WITH_KNOTS('',3,(#12801,#12802,#12803,#12804),
 .UNSPECIFIED.,.F.,.F.,(4,4),(4.9065389333868E-17,0.00053559337538188),
 .UNSPECIFIED.);
#335=B_SPLINE_CURVE_WITH_KNOTS('',3,(#12926,#12927,#12928,#12929,#12930,
#12931,#12932),.UNSPECIFIED.,.F.,.F.,(4,1,1,1,4),(0.,0.00184101273548707,
0.00368202547097413,0.0055230382064612,0.00736405094194826),
 .UNSPECIFIED.);
#336=ELLIPSE('',#7628,0.0917897059653455,0.008);
#337=ELLIPSE('',#7629,0.0102880909073052,0.008);
#338=ELLIPSE('',#7633,0.00702673886280343,0.007);
#339=ELLIPSE('',#7636,0.00808290376865476,0.007);
#340=ELLIPSE('',#7947,0.00488309835504583,0.004);
#341=ELLIPSE('',#7948,0.00401527935017339,0.004);
#342=ELLIPSE('',#8489,0.0114846579000282,0.004);
#343=ELLIPSE('',#8494,0.0114846579000285,0.004);
#344=ELLIPSE('',#8503,0.00401527935017339,0.004);
#345=ELLIPSE('',#8516,0.00401527935017339,0.004);
#346=ELLIPSE('',#8518,0.00488309835504583,0.004);
#347=ELLIPSE('',#8534,0.00565685424949238,0.004);
#348=ELLIPSE('',#8536,0.00404661080980518,0.004);
#349=ELLIPSE('',#8538,0.00565685424949238,0.004);
#350=ELLIPSE('',#8540,0.00565685424949238,0.004);
#351=ELLIPSE('',#8545,0.00565685424949238,0.004);
#352=ELLIPSE('',#8547,0.00568624070307733,0.004);
#353=ELLIPSE('',#8548,0.00565685424949238,0.004);
#354=ELLIPSE('',#8550,0.00565685424949238,0.004);
#355=ELLIPSE('',#8552,0.00565685424949238,0.004);
#356=ELLIPSE('',#8564,0.00710638332547053,0.004);
#357=ELLIPSE('',#8586,0.00400381074065328,0.004);
#358=ELLIPSE('',#8588,0.00406523255038943,0.004);
#359=ELLIPSE('',#8590,0.00406523255038944,0.004);
#360=ELLIPSE('',#8597,0.0915278652717553,0.004);
#361=ELLIPSE('',#8600,0.00407318532558335,0.004);
#362=ELLIPSE('',#8604,0.00407318532558336,0.004);
#363=ELLIPSE('',#8606,0.00760557785555945,0.004);
#364=ELLIPSE('',#8607,0.00710638332547051,0.004);
#365=LINE('',#11046,#650);
#366=LINE('',#11049,#651);
#367=LINE('',#11051,#652);
#368=LINE('',#11053,#653);
#369=LINE('',#11055,#654);
#370=LINE('',#11057,#655);
#371=LINE('',#11059,#656);
#372=LINE('',#11061,#657);
#373=LINE('',#11063,#658);
#374=LINE('',#11065,#659);
#375=LINE('',#11067,#660);
#376=LINE('',#11069,#661);
#377=LINE('',#11071,#662);
#378=LINE('',#11075,#663);
#379=LINE('',#11077,#664);
#380=LINE('',#11083,#665);
#381=LINE('',#11086,#666);
#382=LINE('',#11088,#667);
#383=LINE('',#11090,#668);
#384=LINE('',#11091,#669);
#385=LINE('',#11094,#670);
#386=LINE('',#11096,#671);
#387=LINE('',#11098,#672);
#388=LINE('',#11099,#673);
#389=LINE('',#11102,#674);
#390=LINE('',#11104,#675);
#391=LINE('',#11106,#676);
#392=LINE('',#11107,#677);
#393=LINE('',#11111,#678);
#394=LINE('',#11115,#679);
#395=LINE('',#11116,#680);
#396=LINE('',#11118,#681);
#397=LINE('',#11120,#682);
#398=LINE('',#11122,#683);
#399=LINE('',#11124,#684);
#400=LINE('',#11126,#685);
#401=LINE('',#11128,#686);
#402=LINE('',#11130,#687);
#403=LINE('',#11137,#688);
#404=LINE('',#11140,#689);
#405=LINE('',#11142,#690);
#406=LINE('',#11144,#691);
#407=LINE('',#11146,#692);
#408=LINE('',#11148,#693);
#409=LINE('',#11150,#694);
#410=LINE('',#11152,#695);
#411=LINE('',#11156,#696);
#412=LINE('',#11159,#697);
#413=LINE('',#11161,#698);
#414=LINE('',#11163,#699);
#415=LINE('',#11165,#700);
#416=LINE('',#11167,#701);
#417=LINE('',#11169,#702);
#418=LINE('',#11171,#703);
#419=LINE('',#11172,#704);
#420=LINE('',#11177,#705);
#421=LINE('',#11181,#706);
#422=LINE('',#11183,#707);
#423=LINE('',#11185,#708);
#424=LINE('',#11187,#709);
#425=LINE('',#11189,#710);
#426=LINE('',#11191,#711);
#427=LINE('',#11195,#712);
#428=LINE('',#11199,#713);
#429=LINE('',#11201,#714);
#430=LINE('',#11206,#715);
#431=LINE('',#11208,#716);
#432=LINE('',#11210,#717);
#433=LINE('',#11212,#718);
#434=LINE('',#11221,#719);
#435=LINE('',#11223,#720);
#436=LINE('',#11225,#721);
#437=LINE('',#11227,#722);
#438=LINE('',#11231,#723);
#439=LINE('',#11233,#724);
#440=LINE('',#11241,#725);
#441=LINE('',#11244,#726);
#442=LINE('',#11246,#727);
#443=LINE('',#11248,#728);
#444=LINE('',#11250,#729);
#445=LINE('',#11251,#730);
#446=LINE('',#11253,#731);
#447=LINE('',#11267,#732);
#448=LINE('',#11269,#733);
#449=LINE('',#11271,#734);
#450=LINE('',#11272,#735);
#451=LINE('',#11273,#736);
#452=LINE('',#11275,#737);
#453=LINE('',#11277,#738);
#454=LINE('',#11279,#739);
#455=LINE('',#11281,#740);
#456=LINE('',#11284,#741);
#457=LINE('',#11296,#742);
#458=LINE('',#11298,#743);
#459=LINE('',#11300,#744);
#460=LINE('',#11302,#745);
#461=LINE('',#11304,#746);
#462=LINE('',#11306,#747);
#463=LINE('',#11308,#748);
#464=LINE('',#11310,#749);
#465=LINE('',#11312,#750);
#466=LINE('',#11314,#751);
#467=LINE('',#11316,#752);
#468=LINE('',#11318,#753);
#469=LINE('',#11320,#754);
#470=LINE('',#11322,#755);
#471=LINE('',#11324,#756);
#472=LINE('',#11325,#757);
#473=LINE('',#11327,#758);
#474=LINE('',#11330,#759);
#475=LINE('',#11331,#760);
#476=LINE('',#11333,#761);
#477=LINE('',#11335,#762);
#478=LINE('',#11337,#763);
#479=LINE('',#11339,#764);
#480=LINE('',#11341,#765);
#481=LINE('',#11343,#766);
#482=LINE('',#11345,#767);
#483=LINE('',#11346,#768);
#484=LINE('',#11876,#769);
#485=LINE('',#11879,#770);
#486=LINE('',#11881,#771);
#487=LINE('',#11883,#772);
#488=LINE('',#11885,#773);
#489=LINE('',#11889,#774);
#490=LINE('',#11891,#775);
#491=LINE('',#11894,#776);
#492=LINE('',#11896,#777);
#493=LINE('',#11898,#778);
#494=LINE('',#11900,#779);
#495=LINE('',#11903,#780);
#496=LINE('',#11905,#781);
#497=LINE('',#11907,#782);
#498=LINE('',#11914,#783);
#499=LINE('',#11918,#784);
#500=LINE('',#11923,#785);
#501=LINE('',#11924,#786);
#502=LINE('',#11929,#787);
#503=LINE('',#11930,#788);
#504=LINE('',#11935,#789);
#505=LINE('',#11936,#790);
#506=LINE('',#11941,#791);
#507=LINE('',#11942,#792);
#508=LINE('',#11944,#793);
#509=LINE('',#11948,#794);
#510=LINE('',#11953,#795);
#511=LINE('',#11954,#796);
#512=LINE('',#11959,#797);
#513=LINE('',#11960,#798);
#514=LINE('',#11965,#799);
#515=LINE('',#11966,#800);
#516=LINE('',#11971,#801);
#517=LINE('',#11972,#802);
#518=LINE('',#11977,#803);
#519=LINE('',#11978,#804);
#520=LINE('',#11983,#805);
#521=LINE('',#11984,#806);
#522=LINE('',#11989,#807);
#523=LINE('',#11990,#808);
#524=LINE('',#11995,#809);
#525=LINE('',#11996,#810);
#526=LINE('',#12424,#811);
#527=LINE('',#12428,#812);
#528=LINE('',#12430,#813);
#529=LINE('',#12434,#814);
#530=LINE('',#12436,#815);
#531=LINE('',#12440,#816);
#532=LINE('',#12442,#817);
#533=LINE('',#12446,#818);
#534=LINE('',#12448,#819);
#535=LINE('',#12452,#820);
#536=LINE('',#12454,#821);
#537=LINE('',#12458,#822);
#538=LINE('',#12616,#823);
#539=LINE('',#12617,#824);
#540=LINE('',#12619,#825);
#541=LINE('',#12622,#826);
#542=LINE('',#12624,#827);
#543=LINE('',#12626,#828);
#544=LINE('',#12746,#829);
#545=LINE('',#12750,#830);
#546=LINE('',#12752,#831);
#547=LINE('',#12753,#832);
#548=LINE('',#12755,#833);
#549=LINE('',#12757,#834);
#550=LINE('',#12760,#835);
#551=LINE('',#12763,#836);
#552=LINE('',#12765,#837);
#553=LINE('',#12767,#838);
#554=LINE('',#12769,#839);
#555=LINE('',#12772,#840);
#556=LINE('',#12774,#841);
#557=LINE('',#12778,#842);
#558=LINE('',#12779,#843);
#559=LINE('',#12780,#844);
#560=LINE('',#12783,#845);
#561=LINE('',#12786,#846);
#562=LINE('',#12788,#847);
#563=LINE('',#12790,#848);
#564=LINE('',#12792,#849);
#565=LINE('',#12794,#850);
#566=LINE('',#12796,#851);
#567=LINE('',#12798,#852);
#568=LINE('',#12805,#853);
#569=LINE('',#12809,#854);
#570=LINE('',#12811,#855);
#571=LINE('',#12813,#856);
#572=LINE('',#12816,#857);
#573=LINE('',#12818,#858);
#574=LINE('',#12820,#859);
#575=LINE('',#12822,#860);
#576=LINE('',#12827,#861);
#577=LINE('',#12829,#862);
#578=LINE('',#12831,#863);
#579=LINE('',#12832,#864);
#580=LINE('',#12834,#865);
#581=LINE('',#12838,#866);
#582=LINE('',#12842,#867);
#583=LINE('',#12846,#868);
#584=LINE('',#12850,#869);
#585=LINE('',#12853,#870);
#586=LINE('',#12854,#871);
#587=LINE('',#12856,#872);
#588=LINE('',#12859,#873);
#589=LINE('',#12861,#874);
#590=LINE('',#12863,#875);
#591=LINE('',#12864,#876);
#592=LINE('',#12869,#877);
#593=LINE('',#12873,#878);
#594=LINE('',#12877,#879);
#595=LINE('',#12879,#880);
#596=LINE('',#12882,#881);
#597=LINE('',#12883,#882);
#598=LINE('',#12887,#883);
#599=LINE('',#12889,#884);
#600=LINE('',#12891,#885);
#601=LINE('',#12893,#886);
#602=LINE('',#12897,#887);
#603=LINE('',#12899,#888);
#604=LINE('',#12983,#889);
#605=LINE('',#13041,#890);
#606=LINE('',#13043,#891);
#607=LINE('',#13045,#892);
#608=LINE('',#13147,#893);
#609=LINE('',#13150,#894);
#610=LINE('',#13152,#895);
#611=LINE('',#13154,#896);
#612=LINE('',#13156,#897);
#613=LINE('',#13157,#898);
#614=LINE('',#13159,#899);
#615=LINE('',#13161,#900);
#616=LINE('',#13163,#901);
#617=LINE('',#13165,#902);
#618=LINE('',#13167,#903);
#619=LINE('',#13169,#904);
#620=LINE('',#13171,#905);
#621=LINE('',#13174,#906);
#622=LINE('',#13175,#907);
#623=LINE('',#13177,#908);
#624=LINE('',#13180,#909);
#625=LINE('',#13181,#910);
#626=LINE('',#13183,#911);
#627=LINE('',#13186,#912);
#628=LINE('',#13187,#913);
#629=LINE('',#13189,#914);
#630=LINE('',#13190,#915);
#631=LINE('',#13192,#916);
#632=LINE('',#13194,#917);
#633=LINE('',#13196,#918);
#634=LINE('',#13198,#919);
#635=LINE('',#13200,#920);
#636=LINE('',#13202,#921);
#637=LINE('',#13204,#922);
#638=LINE('',#13206,#923);
#639=LINE('',#13209,#924);
#640=LINE('',#13211,#925);
#641=LINE('',#13213,#926);
#642=LINE('',#13215,#927);
#643=LINE('',#13221,#928);
#644=LINE('',#13223,#929);
#645=LINE('',#13225,#930);
#646=LINE('',#13229,#931);
#647=LINE('',#13231,#932);
#648=LINE('',#13233,#933);
#649=LINE('',#13240,#934);
#650=VECTOR('',#8669,1.);
#651=VECTOR('',#8670,1.);
#652=VECTOR('',#8671,1.);
#653=VECTOR('',#8672,1.);
#654=VECTOR('',#8673,1.);
#655=VECTOR('',#8674,1.);
#656=VECTOR('',#8675,1.);
#657=VECTOR('',#8676,1.);
#658=VECTOR('',#8677,1.);
#659=VECTOR('',#8678,1.);
#660=VECTOR('',#8679,1.);
#661=VECTOR('',#8680,1.);
#662=VECTOR('',#8681,1.);
#663=VECTOR('',#8684,1.);
#664=VECTOR('',#8685,1.);
#665=VECTOR('',#8692,1.);
#666=VECTOR('',#8693,1.);
#667=VECTOR('',#8694,1.);
#668=VECTOR('',#8695,1.);
#669=VECTOR('',#8696,1.);
#670=VECTOR('',#8697,1.);
#671=VECTOR('',#8698,1.);
#672=VECTOR('',#8699,1.);
#673=VECTOR('',#8700,1.);
#674=VECTOR('',#8701,1.);
#675=VECTOR('',#8702,1.);
#676=VECTOR('',#8703,1.);
#677=VECTOR('',#8704,1.);
#678=VECTOR('',#8707,1.);
#679=VECTOR('',#8710,1.);
#680=VECTOR('',#8711,1.);
#681=VECTOR('',#8712,1.);
#682=VECTOR('',#8713,1.);
#683=VECTOR('',#8714,1.);
#684=VECTOR('',#8715,1.);
#685=VECTOR('',#8716,1.);
#686=VECTOR('',#8717,1.);
#687=VECTOR('',#8718,1.);
#688=VECTOR('',#8727,1.);
#689=VECTOR('',#8728,1.);
#690=VECTOR('',#8729,1.);
#691=VECTOR('',#8730,1.);
#692=VECTOR('',#8731,1.);
#693=VECTOR('',#8732,1.);
#694=VECTOR('',#8733,1.);
#695=VECTOR('',#8734,1.);
#696=VECTOR('',#8739,1.);
#697=VECTOR('',#8740,1.);
#698=VECTOR('',#8741,1.);
#699=VECTOR('',#8742,1.);
#700=VECTOR('',#8743,1.);
#701=VECTOR('',#8744,1.);
#702=VECTOR('',#8745,1.);
#703=VECTOR('',#8746,1.);
#704=VECTOR('',#8747,1.);
#705=VECTOR('',#8750,1.);
#706=VECTOR('',#8753,1.);
#707=VECTOR('',#8754,1.);
#708=VECTOR('',#8755,1.);
#709=VECTOR('',#8756,1.);
#710=VECTOR('',#8757,1.);
#711=VECTOR('',#8758,1.);
#712=VECTOR('',#8761,1.);
#713=VECTOR('',#8764,1.);
#714=VECTOR('',#8767,1.);
#715=VECTOR('',#8770,1.);
#716=VECTOR('',#8771,1.);
#717=VECTOR('',#8772,1.);
#718=VECTOR('',#8775,1.);
#719=VECTOR('',#8776,1.);
#720=VECTOR('',#8777,1.);
#721=VECTOR('',#8778,1.);
#722=VECTOR('',#8781,1.);
#723=VECTOR('',#8784,1.);
#724=VECTOR('',#8785,1.);
#725=VECTOR('',#8788,1.);
#726=VECTOR('',#8791,1.);
#727=VECTOR('',#8792,1.);
#728=VECTOR('',#8793,1.);
#729=VECTOR('',#8794,1.);
#730=VECTOR('',#8795,1.);
#731=VECTOR('',#8796,1.);
#732=VECTOR('',#8799,1.);
#733=VECTOR('',#8800,1.);
#734=VECTOR('',#8801,1.);
#735=VECTOR('',#8802,1.);
#736=VECTOR('',#8803,1.);
#737=VECTOR('',#8804,1.);
#738=VECTOR('',#8805,1.);
#739=VECTOR('',#8806,1.);
#740=VECTOR('',#8807,1.);
#741=VECTOR('',#8810,1.);
#742=VECTOR('',#8819,1.);
#743=VECTOR('',#8820,1.);
#744=VECTOR('',#8821,1.);
#745=VECTOR('',#8824,1.);
#746=VECTOR('',#8825,1.);
#747=VECTOR('',#8828,1.);
#748=VECTOR('',#8829,1.);
#749=VECTOR('',#8830,1.);
#750=VECTOR('',#8831,1.);
#751=VECTOR('',#8834,1.);
#752=VECTOR('',#8835,1.);
#753=VECTOR('',#8836,1.);
#754=VECTOR('',#8839,1.);
#755=VECTOR('',#8840,1.);
#756=VECTOR('',#8843,1.);
#757=VECTOR('',#8844,1.);
#758=VECTOR('',#8847,1.);
#759=VECTOR('',#8848,1.);
#760=VECTOR('',#8849,1.);
#761=VECTOR('',#8852,1.);
#762=VECTOR('',#8853,1.);
#763=VECTOR('',#8854,1.);
#764=VECTOR('',#8857,1.);
#765=VECTOR('',#8858,1.);
#766=VECTOR('',#8859,1.);
#767=VECTOR('',#8862,1.);
#768=VECTOR('',#8863,1.);
#769=VECTOR('',#9448,1.);
#770=VECTOR('',#9449,1.);
#771=VECTOR('',#9450,1.);
#772=VECTOR('',#9451,1.);
#773=VECTOR('',#9454,1.);
#774=VECTOR('',#9457,1.);
#775=VECTOR('',#9458,1.);
#776=VECTOR('',#9461,1.);
#777=VECTOR('',#9462,1.);
#778=VECTOR('',#9465,1.);
#779=VECTOR('',#9468,1.);
#780=VECTOR('',#9469,1.);
#781=VECTOR('',#9470,1.);
#782=VECTOR('',#9471,1.);
#783=VECTOR('',#9484,1.);
#784=VECTOR('',#9487,1.);
#785=VECTOR('',#9492,1.);
#786=VECTOR('',#9493,1.);
#787=VECTOR('',#9498,1.);
#788=VECTOR('',#9499,1.);
#789=VECTOR('',#9504,1.);
#790=VECTOR('',#9505,1.);
#791=VECTOR('',#9510,1.);
#792=VECTOR('',#9511,1.);
#793=VECTOR('',#9514,1.);
#794=VECTOR('',#9517,1.);
#795=VECTOR('',#9522,1.);
#796=VECTOR('',#9523,1.);
#797=VECTOR('',#9528,1.);
#798=VECTOR('',#9529,1.);
#799=VECTOR('',#9534,1.);
#800=VECTOR('',#9535,1.);
#801=VECTOR('',#9540,1.);
#802=VECTOR('',#9541,1.);
#803=VECTOR('',#9546,1.);
#804=VECTOR('',#9547,1.);
#805=VECTOR('',#9552,1.);
#806=VECTOR('',#9553,1.);
#807=VECTOR('',#9558,1.);
#808=VECTOR('',#9559,1.);
#809=VECTOR('',#9564,1.);
#810=VECTOR('',#9565,1.);
#811=VECTOR('',#10136,1.);
#812=VECTOR('',#10139,1.);
#813=VECTOR('',#10142,1.);
#814=VECTOR('',#10145,1.);
#815=VECTOR('',#10148,1.);
#816=VECTOR('',#10151,1.);
#817=VECTOR('',#10154,1.);
#818=VECTOR('',#10157,1.);
#819=VECTOR('',#10160,1.);
#820=VECTOR('',#10163,1.);
#821=VECTOR('',#10166,1.);
#822=VECTOR('',#10169,1.);
#823=VECTOR('',#10378,1.);
#824=VECTOR('',#10379,1.);
#825=VECTOR('',#10382,1.);
#826=VECTOR('',#10383,1.);
#827=VECTOR('',#10384,1.);
#828=VECTOR('',#10385,1.);
#829=VECTOR('',#10576,1.);
#830=VECTOR('',#10579,1.);
#831=VECTOR('',#10582,1.);
#832=VECTOR('',#10583,1.);
#833=VECTOR('',#10586,1.);
#834=VECTOR('',#10589,1.);
#835=VECTOR('',#10594,1.);
#836=VECTOR('',#10599,1.);
#837=VECTOR('',#10600,1.);
#838=VECTOR('',#10601,1.);
#839=VECTOR('',#10604,1.);
#840=VECTOR('',#10605,1.);
#841=VECTOR('',#10606,1.);
#842=VECTOR('',#10609,1.);
#843=VECTOR('',#10610,1.);
#844=VECTOR('',#10611,1.);
#845=VECTOR('',#10616,1.);
#846=VECTOR('',#10617,1.);
#847=VECTOR('',#10618,1.);
#848=VECTOR('',#10619,1.);
#849=VECTOR('',#10620,1.);
#850=VECTOR('',#10623,1.);
#851=VECTOR('',#10624,1.);
#852=VECTOR('',#10627,1.);
#853=VECTOR('',#10628,1.);
#854=VECTOR('',#10633,1.);
#855=VECTOR('',#10636,1.);
#856=VECTOR('',#10639,1.);
#857=VECTOR('',#10640,1.);
#858=VECTOR('',#10641,1.);
#859=VECTOR('',#10642,1.);
#860=VECTOR('',#10645,1.);
#861=VECTOR('',#10650,1.);
#862=VECTOR('',#10651,1.);
#863=VECTOR('',#10654,1.);
#864=VECTOR('',#10655,1.);
#865=VECTOR('',#10658,1.);
#866=VECTOR('',#10663,1.);
#867=VECTOR('',#10668,1.);
#868=VECTOR('',#10671,1.);
#869=VECTOR('',#10676,1.);
#870=VECTOR('',#10677,1.);
#871=VECTOR('',#10678,1.);
#872=VECTOR('',#10681,1.);
#873=VECTOR('',#10682,1.);
#874=VECTOR('',#10683,1.);
#875=VECTOR('',#10684,1.);
#876=VECTOR('',#10685,1.);
#877=VECTOR('',#10690,1.);
#878=VECTOR('',#10693,1.);
#879=VECTOR('',#10696,1.);
#880=VECTOR('',#10699,1.);
#881=VECTOR('',#10700,1.);
#882=VECTOR('',#10701,1.);
#883=VECTOR('',#10706,1.);
#884=VECTOR('',#10707,1.);
#885=VECTOR('',#10708,1.);
#886=VECTOR('',#10709,1.);
#887=VECTOR('',#10712,1.);
#888=VECTOR('',#10715,1.);
#889=VECTOR('',#10806,1.);
#890=VECTOR('',#10847,1.);
#891=VECTOR('',#10848,1.);
#892=VECTOR('',#10849,1.);
#893=VECTOR('',#10918,1.);
#894=VECTOR('',#10919,1.);
#895=VECTOR('',#10920,1.);
#896=VECTOR('',#10921,1.);
#897=VECTOR('',#10924,1.);
#898=VECTOR('',#10925,1.);
#899=VECTOR('',#10926,1.);
#900=VECTOR('',#10929,1.);
#901=VECTOR('',#10930,1.);
#902=VECTOR('',#10931,1.);
#903=VECTOR('',#10934,1.);
#904=VECTOR('',#10935,1.);
#905=VECTOR('',#10938,1.);
#906=VECTOR('',#10939,1.);
#907=VECTOR('',#10940,1.);
#908=VECTOR('',#10943,1.);
#909=VECTOR('',#10944,1.);
#910=VECTOR('',#10945,1.);
#911=VECTOR('',#10948,1.);
#912=VECTOR('',#10949,1.);
#913=VECTOR('',#10950,1.);
#914=VECTOR('',#10953,1.);
#915=VECTOR('',#10954,1.);
#916=VECTOR('',#10957,1.);
#917=VECTOR('',#10958,1.);
#918=VECTOR('',#10959,1.);
#919=VECTOR('',#10962,1.);
#920=VECTOR('',#10963,1.);
#921=VECTOR('',#10966,1.);
#922=VECTOR('',#10967,1.);
#923=VECTOR('',#10970,1.);
#924=VECTOR('',#10975,1.);
#925=VECTOR('',#10978,1.);
#926=VECTOR('',#10981,1.);
#927=VECTOR('',#10984,1.);
#928=VECTOR('',#10993,1.);
#929=VECTOR('',#10994,1.);
#930=VECTOR('',#10997,1.);
#931=VECTOR('',#11002,1.);
#932=VECTOR('',#11003,1.);
#933=VECTOR('',#11006,1.);
#934=VECTOR('',#11015,1.);
#935=ORIENTED_EDGE('',*,*,#2817,.T.);
#936=ORIENTED_EDGE('',*,*,#2818,.T.);
#937=ORIENTED_EDGE('',*,*,#2819,.T.);
#938=ORIENTED_EDGE('',*,*,#2820,.T.);
#939=ORIENTED_EDGE('',*,*,#2821,.F.);
#940=ORIENTED_EDGE('',*,*,#2822,.T.);
#941=ORIENTED_EDGE('',*,*,#2823,.T.);
#942=ORIENTED_EDGE('',*,*,#2824,.T.);
#943=ORIENTED_EDGE('',*,*,#2825,.T.);
#944=ORIENTED_EDGE('',*,*,#2826,.F.);
#945=ORIENTED_EDGE('',*,*,#2827,.F.);
#946=ORIENTED_EDGE('',*,*,#2828,.T.);
#947=ORIENTED_EDGE('',*,*,#2829,.F.);
#948=ORIENTED_EDGE('',*,*,#2830,.T.);
#949=ORIENTED_EDGE('',*,*,#2831,.F.);
#950=ORIENTED_EDGE('',*,*,#2832,.T.);
#951=ORIENTED_EDGE('',*,*,#2833,.T.);
#952=ORIENTED_EDGE('',*,*,#2834,.T.);
#953=ORIENTED_EDGE('',*,*,#2835,.T.);
#954=ORIENTED_EDGE('',*,*,#2836,.T.);
#955=ORIENTED_EDGE('',*,*,#2837,.T.);
#956=ORIENTED_EDGE('',*,*,#2838,.T.);
#957=ORIENTED_EDGE('',*,*,#2839,.T.);
#958=ORIENTED_EDGE('',*,*,#2840,.F.);
#959=ORIENTED_EDGE('',*,*,#2841,.F.);
#960=ORIENTED_EDGE('',*,*,#2842,.T.);
#961=ORIENTED_EDGE('',*,*,#2843,.F.);
#962=ORIENTED_EDGE('',*,*,#2844,.T.);
#963=ORIENTED_EDGE('',*,*,#2845,.F.);
#964=ORIENTED_EDGE('',*,*,#2846,.F.);
#965=ORIENTED_EDGE('',*,*,#2847,.F.);
#966=ORIENTED_EDGE('',*,*,#2848,.F.);
#967=ORIENTED_EDGE('',*,*,#2849,.T.);
#968=ORIENTED_EDGE('',*,*,#2850,.T.);
#969=ORIENTED_EDGE('',*,*,#2824,.F.);
#970=ORIENTED_EDGE('',*,*,#2851,.T.);
#971=ORIENTED_EDGE('',*,*,#2852,.F.);
#972=ORIENTED_EDGE('',*,*,#2853,.T.);
#973=ORIENTED_EDGE('',*,*,#2854,.T.);
#974=ORIENTED_EDGE('',*,*,#2855,.T.);
#975=ORIENTED_EDGE('',*,*,#2836,.F.);
#976=ORIENTED_EDGE('',*,*,#2856,.F.);
#977=ORIENTED_EDGE('',*,*,#2857,.T.);
#978=ORIENTED_EDGE('',*,*,#2858,.T.);
#979=ORIENTED_EDGE('',*,*,#2859,.F.);
#980=ORIENTED_EDGE('',*,*,#2860,.T.);
#981=ORIENTED_EDGE('',*,*,#2861,.T.);
#982=ORIENTED_EDGE('',*,*,#2862,.T.);
#983=ORIENTED_EDGE('',*,*,#2863,.F.);
#984=ORIENTED_EDGE('',*,*,#2864,.F.);
#985=ORIENTED_EDGE('',*,*,#2865,.T.);
#986=ORIENTED_EDGE('',*,*,#2866,.T.);
#987=ORIENTED_EDGE('',*,*,#2867,.T.);
#988=ORIENTED_EDGE('',*,*,#2868,.T.);
#989=ORIENTED_EDGE('',*,*,#2869,.T.);
#990=ORIENTED_EDGE('',*,*,#2870,.T.);
#991=ORIENTED_EDGE('',*,*,#2871,.T.);
#992=ORIENTED_EDGE('',*,*,#2872,.T.);
#993=ORIENTED_EDGE('',*,*,#2873,.T.);
#994=ORIENTED_EDGE('',*,*,#2874,.T.);
#995=ORIENTED_EDGE('',*,*,#2875,.T.);
#996=ORIENTED_EDGE('',*,*,#2876,.T.);
#997=ORIENTED_EDGE('',*,*,#2877,.T.);
#998=ORIENTED_EDGE('',*,*,#2878,.F.);
#999=ORIENTED_EDGE('',*,*,#2879,.F.);
#1000=ORIENTED_EDGE('',*,*,#2880,.T.);
#1001=ORIENTED_EDGE('',*,*,#2881,.T.);
#1002=ORIENTED_EDGE('',*,*,#2882,.T.);
#1003=ORIENTED_EDGE('',*,*,#2883,.T.);
#1004=ORIENTED_EDGE('',*,*,#2884,.T.);
#1005=ORIENTED_EDGE('',*,*,#2885,.T.);
#1006=ORIENTED_EDGE('',*,*,#2886,.T.);
#1007=ORIENTED_EDGE('',*,*,#2887,.T.);
#1008=ORIENTED_EDGE('',*,*,#2888,.T.);
#1009=ORIENTED_EDGE('',*,*,#2889,.F.);
#1010=ORIENTED_EDGE('',*,*,#2890,.T.);
#1011=ORIENTED_EDGE('',*,*,#2891,.F.);
#1012=ORIENTED_EDGE('',*,*,#2892,.F.);
#1013=ORIENTED_EDGE('',*,*,#2893,.F.);
#1014=ORIENTED_EDGE('',*,*,#2894,.T.);
#1015=ORIENTED_EDGE('',*,*,#2895,.T.);
#1016=ORIENTED_EDGE('',*,*,#2896,.T.);
#1017=ORIENTED_EDGE('',*,*,#2897,.T.);
#1018=ORIENTED_EDGE('',*,*,#2898,.T.);
#1019=ORIENTED_EDGE('',*,*,#2899,.T.);
#1020=ORIENTED_EDGE('',*,*,#2900,.T.);
#1021=ORIENTED_EDGE('',*,*,#2901,.F.);
#1022=ORIENTED_EDGE('',*,*,#2902,.T.);
#1023=ORIENTED_EDGE('',*,*,#2903,.T.);
#1024=ORIENTED_EDGE('',*,*,#2904,.F.);
#1025=ORIENTED_EDGE('',*,*,#2905,.F.);
#1026=ORIENTED_EDGE('',*,*,#2906,.T.);
#1027=ORIENTED_EDGE('',*,*,#2907,.F.);
#1028=ORIENTED_EDGE('',*,*,#2908,.T.);
#1029=ORIENTED_EDGE('',*,*,#2909,.T.);
#1030=ORIENTED_EDGE('',*,*,#2910,.T.);
#1031=ORIENTED_EDGE('',*,*,#2905,.T.);
#1032=ORIENTED_EDGE('',*,*,#2899,.F.);
#1033=ORIENTED_EDGE('',*,*,#2911,.T.);
#1034=ORIENTED_EDGE('',*,*,#2912,.T.);
#1035=ORIENTED_EDGE('',*,*,#2831,.T.);
#1036=ORIENTED_EDGE('',*,*,#2913,.T.);
#1037=ORIENTED_EDGE('',*,*,#2914,.F.);
#1038=ORIENTED_EDGE('',*,*,#2915,.F.);
#1039=ORIENTED_EDGE('',*,*,#2916,.T.);
#1040=ORIENTED_EDGE('',*,*,#2917,.T.);
#1041=ORIENTED_EDGE('',*,*,#2827,.T.);
#1042=ORIENTED_EDGE('',*,*,#2918,.T.);
#1043=ORIENTED_EDGE('',*,*,#2919,.T.);
#1044=ORIENTED_EDGE('',*,*,#2920,.T.);
#1045=ORIENTED_EDGE('',*,*,#2907,.T.);
#1046=ORIENTED_EDGE('',*,*,#2904,.T.);
#1047=ORIENTED_EDGE('',*,*,#2921,.T.);
#1048=ORIENTED_EDGE('',*,*,#2922,.T.);
#1049=ORIENTED_EDGE('',*,*,#2923,.T.);
#1050=ORIENTED_EDGE('',*,*,#2924,.T.);
#1051=ORIENTED_EDGE('',*,*,#2925,.F.);
#1052=ORIENTED_EDGE('',*,*,#2861,.F.);
#1053=ORIENTED_EDGE('',*,*,#2926,.F.);
#1054=ORIENTED_EDGE('',*,*,#2927,.T.);
#1055=ORIENTED_EDGE('',*,*,#2928,.T.);
#1056=ORIENTED_EDGE('',*,*,#2929,.F.);
#1057=ORIENTED_EDGE('',*,*,#2930,.T.);
#1058=ORIENTED_EDGE('',*,*,#2931,.F.);
#1059=ORIENTED_EDGE('',*,*,#2932,.T.);
#1060=ORIENTED_EDGE('',*,*,#2857,.F.);
#1061=ORIENTED_EDGE('',*,*,#2933,.F.);
#1062=ORIENTED_EDGE('',*,*,#2934,.T.);
#1063=ORIENTED_EDGE('',*,*,#2935,.F.);
#1064=ORIENTED_EDGE('',*,*,#2936,.F.);
#1065=ORIENTED_EDGE('',*,*,#2834,.F.);
#1066=ORIENTED_EDGE('',*,*,#2937,.F.);
#1067=ORIENTED_EDGE('',*,*,#2938,.T.);
#1068=ORIENTED_EDGE('',*,*,#2939,.T.);
#1069=ORIENTED_EDGE('',*,*,#2930,.F.);
#1070=ORIENTED_EDGE('',*,*,#2940,.F.);
#1071=ORIENTED_EDGE('',*,*,#2941,.T.);
#1072=ORIENTED_EDGE('',*,*,#2931,.T.);
#1073=ORIENTED_EDGE('',*,*,#2939,.F.);
#1074=ORIENTED_EDGE('',*,*,#2942,.F.);
#1075=ORIENTED_EDGE('',*,*,#2943,.T.);
#1076=ORIENTED_EDGE('',*,*,#2944,.T.);
#1077=ORIENTED_EDGE('',*,*,#2945,.T.);
#1078=ORIENTED_EDGE('',*,*,#2842,.F.);
#1079=ORIENTED_EDGE('',*,*,#2944,.F.);
#1080=ORIENTED_EDGE('',*,*,#2946,.T.);
#1081=ORIENTED_EDGE('',*,*,#2947,.T.);
#1082=ORIENTED_EDGE('',*,*,#2948,.T.);
#1083=ORIENTED_EDGE('',*,*,#2949,.F.);
#1084=ORIENTED_EDGE('',*,*,#2942,.T.);
#1085=ORIENTED_EDGE('',*,*,#2841,.T.);
#1086=ORIENTED_EDGE('',*,*,#2950,.F.);
#1087=ORIENTED_EDGE('',*,*,#2951,.F.);
#1088=ORIENTED_EDGE('',*,*,#2950,.T.);
#1089=ORIENTED_EDGE('',*,*,#2840,.T.);
#1090=ORIENTED_EDGE('',*,*,#2952,.T.);
#1091=ORIENTED_EDGE('',*,*,#2947,.F.);
#1092=ORIENTED_EDGE('',*,*,#2953,.F.);
#1093=ORIENTED_EDGE('',*,*,#2954,.T.);
#1094=ORIENTED_EDGE('',*,*,#2846,.T.);
#1095=ORIENTED_EDGE('',*,*,#2955,.F.);
#1096=ORIENTED_EDGE('',*,*,#2956,.F.);
#1097=ORIENTED_EDGE('',*,*,#2957,.T.);
#1098=ORIENTED_EDGE('',*,*,#2958,.T.);
#1099=ORIENTED_EDGE('',*,*,#2843,.T.);
#1100=ORIENTED_EDGE('',*,*,#2954,.F.);
#1101=ORIENTED_EDGE('',*,*,#2959,.F.);
#1102=ORIENTED_EDGE('',*,*,#2955,.T.);
#1103=ORIENTED_EDGE('',*,*,#2845,.T.);
#1104=ORIENTED_EDGE('',*,*,#2960,.T.);
#1105=ORIENTED_EDGE('',*,*,#2961,.F.);
#1106=ORIENTED_EDGE('',*,*,#2962,.F.);
#1107=ORIENTED_EDGE('',*,*,#2961,.T.);
#1108=ORIENTED_EDGE('',*,*,#2963,.T.);
#1109=ORIENTED_EDGE('',*,*,#2957,.F.);
#1110=ORIENTED_EDGE('',*,*,#2838,.F.);
#1111=ORIENTED_EDGE('',*,*,#2964,.T.);
#1112=ORIENTED_EDGE('',*,*,#2837,.F.);
#1113=ORIENTED_EDGE('',*,*,#2965,.T.);
#1114=ORIENTED_EDGE('',*,*,#2966,.F.);
#1115=ORIENTED_EDGE('',*,*,#2967,.T.);
#1116=ORIENTED_EDGE('',*,*,#2968,.T.);
#1117=ORIENTED_EDGE('',*,*,#2969,.T.);
#1118=ORIENTED_EDGE('',*,*,#2970,.T.);
#1119=ORIENTED_EDGE('',*,*,#2971,.T.);
#1120=ORIENTED_EDGE('',*,*,#2972,.T.);
#1121=ORIENTED_EDGE('',*,*,#2973,.T.);
#1122=ORIENTED_EDGE('',*,*,#2974,.T.);
#1123=ORIENTED_EDGE('',*,*,#2975,.T.);
#1124=ORIENTED_EDGE('',*,*,#2976,.T.);
#1125=ORIENTED_EDGE('',*,*,#2977,.T.);
#1126=ORIENTED_EDGE('',*,*,#2978,.T.);
#1127=ORIENTED_EDGE('',*,*,#2979,.T.);
#1128=ORIENTED_EDGE('',*,*,#2980,.T.);
#1129=ORIENTED_EDGE('',*,*,#2981,.T.);
#1130=ORIENTED_EDGE('',*,*,#2982,.T.);
#1131=ORIENTED_EDGE('',*,*,#2983,.T.);
#1132=ORIENTED_EDGE('',*,*,#2984,.T.);
#1133=ORIENTED_EDGE('',*,*,#2985,.T.);
#1134=ORIENTED_EDGE('',*,*,#2986,.T.);
#1135=ORIENTED_EDGE('',*,*,#2987,.T.);
#1136=ORIENTED_EDGE('',*,*,#2988,.T.);
#1137=ORIENTED_EDGE('',*,*,#2989,.T.);
#1138=ORIENTED_EDGE('',*,*,#2990,.T.);
#1139=ORIENTED_EDGE('',*,*,#2991,.T.);
#1140=ORIENTED_EDGE('',*,*,#2992,.T.);
#1141=ORIENTED_EDGE('',*,*,#2993,.T.);
#1142=ORIENTED_EDGE('',*,*,#2994,.T.);
#1143=ORIENTED_EDGE('',*,*,#2995,.T.);
#1144=ORIENTED_EDGE('',*,*,#2996,.T.);
#1145=ORIENTED_EDGE('',*,*,#2997,.T.);
#1146=ORIENTED_EDGE('',*,*,#2998,.T.);
#1147=ORIENTED_EDGE('',*,*,#2999,.T.);
#1148=ORIENTED_EDGE('',*,*,#3000,.T.);
#1149=ORIENTED_EDGE('',*,*,#3001,.T.);
#1150=ORIENTED_EDGE('',*,*,#3002,.T.);
#1151=ORIENTED_EDGE('',*,*,#3003,.T.);
#1152=ORIENTED_EDGE('',*,*,#3004,.T.);
#1153=ORIENTED_EDGE('',*,*,#3005,.T.);
#1154=ORIENTED_EDGE('',*,*,#3006,.T.);
#1155=ORIENTED_EDGE('',*,*,#3007,.T.);
#1156=ORIENTED_EDGE('',*,*,#3008,.T.);
#1157=ORIENTED_EDGE('',*,*,#3009,.T.);
#1158=ORIENTED_EDGE('',*,*,#3010,.T.);
#1159=ORIENTED_EDGE('',*,*,#3011,.T.);
#1160=ORIENTED_EDGE('',*,*,#3012,.T.);
#1161=ORIENTED_EDGE('',*,*,#3013,.T.);
#1162=ORIENTED_EDGE('',*,*,#3014,.T.);
#1163=ORIENTED_EDGE('',*,*,#3015,.T.);
#1164=ORIENTED_EDGE('',*,*,#3016,.T.);
#1165=ORIENTED_EDGE('',*,*,#3017,.T.);
#1166=ORIENTED_EDGE('',*,*,#3018,.T.);
#1167=ORIENTED_EDGE('',*,*,#3019,.T.);
#1168=ORIENTED_EDGE('',*,*,#3020,.T.);
#1169=ORIENTED_EDGE('',*,*,#3021,.T.);
#1170=ORIENTED_EDGE('',*,*,#3022,.T.);
#1171=ORIENTED_EDGE('',*,*,#3023,.T.);
#1172=ORIENTED_EDGE('',*,*,#3024,.T.);
#1173=ORIENTED_EDGE('',*,*,#3025,.T.);
#1174=ORIENTED_EDGE('',*,*,#3026,.T.);
#1175=ORIENTED_EDGE('',*,*,#3027,.T.);
#1176=ORIENTED_EDGE('',*,*,#3028,.T.);
#1177=ORIENTED_EDGE('',*,*,#3029,.T.);
#1178=ORIENTED_EDGE('',*,*,#3030,.T.);
#1179=ORIENTED_EDGE('',*,*,#3031,.T.);
#1180=ORIENTED_EDGE('',*,*,#3032,.T.);
#1181=ORIENTED_EDGE('',*,*,#3033,.T.);
#1182=ORIENTED_EDGE('',*,*,#3034,.T.);
#1183=ORIENTED_EDGE('',*,*,#3035,.T.);
#1184=ORIENTED_EDGE('',*,*,#3036,.T.);
#1185=ORIENTED_EDGE('',*,*,#3037,.T.);
#1186=ORIENTED_EDGE('',*,*,#3038,.T.);
#1187=ORIENTED_EDGE('',*,*,#3039,.T.);
#1188=ORIENTED_EDGE('',*,*,#3040,.T.);
#1189=ORIENTED_EDGE('',*,*,#3041,.T.);
#1190=ORIENTED_EDGE('',*,*,#3042,.T.);
#1191=ORIENTED_EDGE('',*,*,#3043,.T.);
#1192=ORIENTED_EDGE('',*,*,#3044,.T.);
#1193=ORIENTED_EDGE('',*,*,#3045,.T.);
#1194=ORIENTED_EDGE('',*,*,#3046,.T.);
#1195=ORIENTED_EDGE('',*,*,#3047,.T.);
#1196=ORIENTED_EDGE('',*,*,#3048,.T.);
#1197=ORIENTED_EDGE('',*,*,#3049,.T.);
#1198=ORIENTED_EDGE('',*,*,#3050,.T.);
#1199=ORIENTED_EDGE('',*,*,#3051,.T.);
#1200=ORIENTED_EDGE('',*,*,#3052,.T.);
#1201=ORIENTED_EDGE('',*,*,#3053,.T.);
#1202=ORIENTED_EDGE('',*,*,#3054,.T.);
#1203=ORIENTED_EDGE('',*,*,#3055,.T.);
#1204=ORIENTED_EDGE('',*,*,#3056,.T.);
#1205=ORIENTED_EDGE('',*,*,#3057,.T.);
#1206=ORIENTED_EDGE('',*,*,#3058,.T.);
#1207=ORIENTED_EDGE('',*,*,#3059,.T.);
#1208=ORIENTED_EDGE('',*,*,#3060,.T.);
#1209=ORIENTED_EDGE('',*,*,#3061,.T.);
#1210=ORIENTED_EDGE('',*,*,#3062,.T.);
#1211=ORIENTED_EDGE('',*,*,#3063,.T.);
#1212=ORIENTED_EDGE('',*,*,#3064,.T.);
#1213=ORIENTED_EDGE('',*,*,#3065,.T.);
#1214=ORIENTED_EDGE('',*,*,#3066,.T.);
#1215=ORIENTED_EDGE('',*,*,#3067,.T.);
#1216=ORIENTED_EDGE('',*,*,#3068,.T.);
#1217=ORIENTED_EDGE('',*,*,#3069,.T.);
#1218=ORIENTED_EDGE('',*,*,#3070,.T.);
#1219=ORIENTED_EDGE('',*,*,#3071,.T.);
#1220=ORIENTED_EDGE('',*,*,#3072,.T.);
#1221=ORIENTED_EDGE('',*,*,#3073,.T.);
#1222=ORIENTED_EDGE('',*,*,#3074,.T.);
#1223=ORIENTED_EDGE('',*,*,#3075,.T.);
#1224=ORIENTED_EDGE('',*,*,#3076,.T.);
#1225=ORIENTED_EDGE('',*,*,#3077,.T.);
#1226=ORIENTED_EDGE('',*,*,#3078,.T.);
#1227=ORIENTED_EDGE('',*,*,#3079,.T.);
#1228=ORIENTED_EDGE('',*,*,#3080,.T.);
#1229=ORIENTED_EDGE('',*,*,#3081,.T.);
#1230=ORIENTED_EDGE('',*,*,#3082,.T.);
#1231=ORIENTED_EDGE('',*,*,#3083,.T.);
#1232=ORIENTED_EDGE('',*,*,#3084,.T.);
#1233=ORIENTED_EDGE('',*,*,#3085,.T.);
#1234=ORIENTED_EDGE('',*,*,#3086,.T.);
#1235=ORIENTED_EDGE('',*,*,#3087,.T.);
#1236=ORIENTED_EDGE('',*,*,#3088,.T.);
#1237=ORIENTED_EDGE('',*,*,#3089,.T.);
#1238=ORIENTED_EDGE('',*,*,#3090,.T.);
#1239=ORIENTED_EDGE('',*,*,#3091,.T.);
#1240=ORIENTED_EDGE('',*,*,#3092,.T.);
#1241=ORIENTED_EDGE('',*,*,#3093,.T.);
#1242=ORIENTED_EDGE('',*,*,#3094,.T.);
#1243=ORIENTED_EDGE('',*,*,#3095,.T.);
#1244=ORIENTED_EDGE('',*,*,#3096,.T.);
#1245=ORIENTED_EDGE('',*,*,#3097,.T.);
#1246=ORIENTED_EDGE('',*,*,#3098,.T.);
#1247=ORIENTED_EDGE('',*,*,#3099,.T.);
#1248=ORIENTED_EDGE('',*,*,#3100,.T.);
#1249=ORIENTED_EDGE('',*,*,#3101,.T.);
#1250=ORIENTED_EDGE('',*,*,#3102,.T.);
#1251=ORIENTED_EDGE('',*,*,#3103,.T.);
#1252=ORIENTED_EDGE('',*,*,#3104,.T.);
#1253=ORIENTED_EDGE('',*,*,#3105,.T.);
#1254=ORIENTED_EDGE('',*,*,#3106,.T.);
#1255=ORIENTED_EDGE('',*,*,#3107,.T.);
#1256=ORIENTED_EDGE('',*,*,#3108,.T.);
#1257=ORIENTED_EDGE('',*,*,#3109,.T.);
#1258=ORIENTED_EDGE('',*,*,#3110,.T.);
#1259=ORIENTED_EDGE('',*,*,#3111,.T.);
#1260=ORIENTED_EDGE('',*,*,#3112,.T.);
#1261=ORIENTED_EDGE('',*,*,#3113,.T.);
#1262=ORIENTED_EDGE('',*,*,#3114,.T.);
#1263=ORIENTED_EDGE('',*,*,#3115,.T.);
#1264=ORIENTED_EDGE('',*,*,#3116,.T.);
#1265=ORIENTED_EDGE('',*,*,#3117,.T.);
#1266=ORIENTED_EDGE('',*,*,#3118,.F.);
#1267=ORIENTED_EDGE('',*,*,#3119,.T.);
#1268=ORIENTED_EDGE('',*,*,#3120,.T.);
#1269=ORIENTED_EDGE('',*,*,#3121,.T.);
#1270=ORIENTED_EDGE('',*,*,#3122,.T.);
#1271=ORIENTED_EDGE('',*,*,#3123,.T.);
#1272=ORIENTED_EDGE('',*,*,#3124,.F.);
#1273=ORIENTED_EDGE('',*,*,#3125,.T.);
#1274=ORIENTED_EDGE('',*,*,#3126,.T.);
#1275=ORIENTED_EDGE('',*,*,#3127,.T.);
#1276=ORIENTED_EDGE('',*,*,#3128,.T.);
#1277=ORIENTED_EDGE('',*,*,#3129,.T.);
#1278=ORIENTED_EDGE('',*,*,#3130,.F.);
#1279=ORIENTED_EDGE('',*,*,#3131,.T.);
#1280=ORIENTED_EDGE('',*,*,#3132,.T.);
#1281=ORIENTED_EDGE('',*,*,#3133,.T.);
#1282=ORIENTED_EDGE('',*,*,#3134,.T.);
#1283=ORIENTED_EDGE('',*,*,#3135,.T.);
#1284=ORIENTED_EDGE('',*,*,#3136,.F.);
#1285=ORIENTED_EDGE('',*,*,#3137,.T.);
#1286=ORIENTED_EDGE('',*,*,#3138,.T.);
#1287=ORIENTED_EDGE('',*,*,#3139,.T.);
#1288=ORIENTED_EDGE('',*,*,#3140,.T.);
#1289=ORIENTED_EDGE('',*,*,#3141,.T.);
#1290=ORIENTED_EDGE('',*,*,#3142,.F.);
#1291=ORIENTED_EDGE('',*,*,#3143,.T.);
#1292=ORIENTED_EDGE('',*,*,#3144,.T.);
#1293=ORIENTED_EDGE('',*,*,#3145,.T.);
#1294=ORIENTED_EDGE('',*,*,#3146,.T.);
#1295=ORIENTED_EDGE('',*,*,#3147,.T.);
#1296=ORIENTED_EDGE('',*,*,#3148,.F.);
#1297=ORIENTED_EDGE('',*,*,#3149,.T.);
#1298=ORIENTED_EDGE('',*,*,#3150,.F.);
#1299=ORIENTED_EDGE('',*,*,#3151,.T.);
#1300=ORIENTED_EDGE('',*,*,#3152,.F.);
#1301=ORIENTED_EDGE('',*,*,#3153,.T.);
#1302=ORIENTED_EDGE('',*,*,#3154,.F.);
#1303=ORIENTED_EDGE('',*,*,#3155,.T.);
#1304=ORIENTED_EDGE('',*,*,#3156,.F.);
#1305=ORIENTED_EDGE('',*,*,#3157,.T.);
#1306=ORIENTED_EDGE('',*,*,#3158,.F.);
#1307=ORIENTED_EDGE('',*,*,#3159,.T.);
#1308=ORIENTED_EDGE('',*,*,#3160,.F.);
#1309=ORIENTED_EDGE('',*,*,#3161,.T.);
#1310=ORIENTED_EDGE('',*,*,#3162,.F.);
#1311=ORIENTED_EDGE('',*,*,#3163,.T.);
#1312=ORIENTED_EDGE('',*,*,#3164,.F.);
#1313=ORIENTED_EDGE('',*,*,#3165,.T.);
#1314=ORIENTED_EDGE('',*,*,#3166,.F.);
#1315=ORIENTED_EDGE('',*,*,#3167,.T.);
#1316=ORIENTED_EDGE('',*,*,#3168,.F.);
#1317=ORIENTED_EDGE('',*,*,#3169,.T.);
#1318=ORIENTED_EDGE('',*,*,#3170,.F.);
#1319=ORIENTED_EDGE('',*,*,#3171,.T.);
#1320=ORIENTED_EDGE('',*,*,#3172,.F.);
#1321=ORIENTED_EDGE('',*,*,#3173,.T.);
#1322=ORIENTED_EDGE('',*,*,#3174,.F.);
#1323=ORIENTED_EDGE('',*,*,#3175,.T.);
#1324=ORIENTED_EDGE('',*,*,#3176,.F.);
#1325=ORIENTED_EDGE('',*,*,#3177,.T.);
#1326=ORIENTED_EDGE('',*,*,#3178,.F.);
#1327=ORIENTED_EDGE('',*,*,#3179,.T.);
#1328=ORIENTED_EDGE('',*,*,#3180,.F.);
#1329=ORIENTED_EDGE('',*,*,#3181,.T.);
#1330=ORIENTED_EDGE('',*,*,#3182,.F.);
#1331=ORIENTED_EDGE('',*,*,#3183,.T.);
#1332=ORIENTED_EDGE('',*,*,#3184,.F.);
#1333=ORIENTED_EDGE('',*,*,#3185,.T.);
#1334=ORIENTED_EDGE('',*,*,#3186,.F.);
#1335=ORIENTED_EDGE('',*,*,#3187,.T.);
#1336=ORIENTED_EDGE('',*,*,#3188,.F.);
#1337=ORIENTED_EDGE('',*,*,#3189,.T.);
#1338=ORIENTED_EDGE('',*,*,#3190,.F.);
#1339=ORIENTED_EDGE('',*,*,#3191,.T.);
#1340=ORIENTED_EDGE('',*,*,#3192,.F.);
#1341=ORIENTED_EDGE('',*,*,#3193,.T.);
#1342=ORIENTED_EDGE('',*,*,#3194,.F.);
#1343=ORIENTED_EDGE('',*,*,#3195,.T.);
#1344=ORIENTED_EDGE('',*,*,#3196,.F.);
#1345=ORIENTED_EDGE('',*,*,#3197,.T.);
#1346=ORIENTED_EDGE('',*,*,#3198,.F.);
#1347=ORIENTED_EDGE('',*,*,#3199,.T.);
#1348=ORIENTED_EDGE('',*,*,#3200,.F.);
#1349=ORIENTED_EDGE('',*,*,#3201,.T.);
#1350=ORIENTED_EDGE('',*,*,#3202,.F.);
#1351=ORIENTED_EDGE('',*,*,#3203,.T.);
#1352=ORIENTED_EDGE('',*,*,#3204,.F.);
#1353=ORIENTED_EDGE('',*,*,#3205,.T.);
#1354=ORIENTED_EDGE('',*,*,#3206,.F.);
#1355=ORIENTED_EDGE('',*,*,#3207,.T.);
#1356=ORIENTED_EDGE('',*,*,#3208,.F.);
#1357=ORIENTED_EDGE('',*,*,#3209,.T.);
#1358=ORIENTED_EDGE('',*,*,#3210,.F.);
#1359=ORIENTED_EDGE('',*,*,#3211,.T.);
#1360=ORIENTED_EDGE('',*,*,#3212,.F.);
#1361=ORIENTED_EDGE('',*,*,#3213,.T.);
#1362=ORIENTED_EDGE('',*,*,#3214,.F.);
#1363=ORIENTED_EDGE('',*,*,#3215,.T.);
#1364=ORIENTED_EDGE('',*,*,#3216,.F.);
#1365=ORIENTED_EDGE('',*,*,#3217,.T.);
#1366=ORIENTED_EDGE('',*,*,#3218,.F.);
#1367=ORIENTED_EDGE('',*,*,#3219,.T.);
#1368=ORIENTED_EDGE('',*,*,#3220,.F.);
#1369=ORIENTED_EDGE('',*,*,#3221,.T.);
#1370=ORIENTED_EDGE('',*,*,#3222,.F.);
#1371=ORIENTED_EDGE('',*,*,#3223,.T.);
#1372=ORIENTED_EDGE('',*,*,#3224,.F.);
#1373=ORIENTED_EDGE('',*,*,#3225,.T.);
#1374=ORIENTED_EDGE('',*,*,#3226,.F.);
#1375=ORIENTED_EDGE('',*,*,#3227,.T.);
#1376=ORIENTED_EDGE('',*,*,#3228,.F.);
#1377=ORIENTED_EDGE('',*,*,#3229,.T.);
#1378=ORIENTED_EDGE('',*,*,#3230,.F.);
#1379=ORIENTED_EDGE('',*,*,#3231,.T.);
#1380=ORIENTED_EDGE('',*,*,#3232,.F.);
#1381=ORIENTED_EDGE('',*,*,#3233,.T.);
#1382=ORIENTED_EDGE('',*,*,#3234,.F.);
#1383=ORIENTED_EDGE('',*,*,#3235,.T.);
#1384=ORIENTED_EDGE('',*,*,#3236,.F.);
#1385=ORIENTED_EDGE('',*,*,#3237,.T.);
#1386=ORIENTED_EDGE('',*,*,#3238,.F.);
#1387=ORIENTED_EDGE('',*,*,#3239,.T.);
#1388=ORIENTED_EDGE('',*,*,#3240,.F.);
#1389=ORIENTED_EDGE('',*,*,#3241,.T.);
#1390=ORIENTED_EDGE('',*,*,#3242,.F.);
#1391=ORIENTED_EDGE('',*,*,#3243,.T.);
#1392=ORIENTED_EDGE('',*,*,#3244,.F.);
#1393=ORIENTED_EDGE('',*,*,#3245,.T.);
#1394=ORIENTED_EDGE('',*,*,#3246,.F.);
#1395=ORIENTED_EDGE('',*,*,#3247,.T.);
#1396=ORIENTED_EDGE('',*,*,#3248,.F.);
#1397=ORIENTED_EDGE('',*,*,#3249,.T.);
#1398=ORIENTED_EDGE('',*,*,#3250,.F.);
#1399=ORIENTED_EDGE('',*,*,#3251,.T.);
#1400=ORIENTED_EDGE('',*,*,#3252,.T.);
#1401=ORIENTED_EDGE('',*,*,#3253,.T.);
#1402=ORIENTED_EDGE('',*,*,#3254,.T.);
#1403=ORIENTED_EDGE('',*,*,#3255,.T.);
#1404=ORIENTED_EDGE('',*,*,#3256,.T.);
#1405=ORIENTED_EDGE('',*,*,#3257,.T.);
#1406=ORIENTED_EDGE('',*,*,#2918,.F.);
#1407=ORIENTED_EDGE('',*,*,#2826,.T.);
#1408=ORIENTED_EDGE('',*,*,#3258,.T.);
#1409=ORIENTED_EDGE('',*,*,#3259,.F.);
#1410=ORIENTED_EDGE('',*,*,#2924,.F.);
#1411=ORIENTED_EDGE('',*,*,#3260,.T.);
#1412=ORIENTED_EDGE('',*,*,#3261,.T.);
#1413=ORIENTED_EDGE('',*,*,#3262,.T.);
#1414=ORIENTED_EDGE('',*,*,#3263,.T.);
#1415=ORIENTED_EDGE('',*,*,#3258,.F.);
#1416=ORIENTED_EDGE('',*,*,#2825,.F.);
#1417=ORIENTED_EDGE('',*,*,#2863,.T.);
#1418=ORIENTED_EDGE('',*,*,#3264,.T.);
#1419=ORIENTED_EDGE('',*,*,#3265,.T.);
#1420=ORIENTED_EDGE('',*,*,#3266,.F.);
#1421=ORIENTED_EDGE('',*,*,#3267,.T.);
#1422=ORIENTED_EDGE('',*,*,#3259,.T.);
#1423=ORIENTED_EDGE('',*,*,#3263,.F.);
#1424=ORIENTED_EDGE('',*,*,#2862,.F.);
#1425=ORIENTED_EDGE('',*,*,#2925,.T.);
#1426=ORIENTED_EDGE('',*,*,#2872,.F.);
#1427=ORIENTED_EDGE('',*,*,#3268,.T.);
#1428=ORIENTED_EDGE('',*,*,#2889,.T.);
#1429=ORIENTED_EDGE('',*,*,#3269,.T.);
#1430=ORIENTED_EDGE('',*,*,#3266,.T.);
#1431=ORIENTED_EDGE('',*,*,#3270,.T.);
#1432=ORIENTED_EDGE('',*,*,#3252,.F.);
#1433=ORIENTED_EDGE('',*,*,#3271,.T.);
#1434=ORIENTED_EDGE('',*,*,#2966,.T.);
#1435=ORIENTED_EDGE('',*,*,#3272,.T.);
#1436=ORIENTED_EDGE('',*,*,#3273,.F.);
#1437=ORIENTED_EDGE('',*,*,#3274,.T.);
#1438=ORIENTED_EDGE('',*,*,#3275,.T.);
#1439=ORIENTED_EDGE('',*,*,#3276,.T.);
#1440=ORIENTED_EDGE('',*,*,#2970,.F.);
#1441=ORIENTED_EDGE('',*,*,#3277,.T.);
#1442=ORIENTED_EDGE('',*,*,#3278,.T.);
#1443=ORIENTED_EDGE('',*,*,#3279,.T.);
#1444=ORIENTED_EDGE('',*,*,#3116,.F.);
#1445=ORIENTED_EDGE('',*,*,#3280,.T.);
#1446=ORIENTED_EDGE('',*,*,#3281,.T.);
#1447=ORIENTED_EDGE('',*,*,#3282,.T.);
#1448=ORIENTED_EDGE('',*,*,#3114,.F.);
#1449=ORIENTED_EDGE('',*,*,#3283,.T.);
#1450=ORIENTED_EDGE('',*,*,#3284,.T.);
#1451=ORIENTED_EDGE('',*,*,#3285,.T.);
#1452=ORIENTED_EDGE('',*,*,#3122,.F.);
#1453=ORIENTED_EDGE('',*,*,#3286,.T.);
#1454=ORIENTED_EDGE('',*,*,#3120,.F.);
#1455=ORIENTED_EDGE('',*,*,#3287,.T.);
#1456=ORIENTED_EDGE('',*,*,#3288,.T.);
#1457=ORIENTED_EDGE('',*,*,#3289,.T.);
#1458=ORIENTED_EDGE('',*,*,#3290,.T.);
#1459=ORIENTED_EDGE('',*,*,#3291,.T.);
#1460=ORIENTED_EDGE('',*,*,#3128,.F.);
#1461=ORIENTED_EDGE('',*,*,#3292,.T.);
#1462=ORIENTED_EDGE('',*,*,#3293,.T.);
#1463=ORIENTED_EDGE('',*,*,#3294,.T.);
#1464=ORIENTED_EDGE('',*,*,#3126,.F.);
#1465=ORIENTED_EDGE('',*,*,#3295,.T.);
#1466=ORIENTED_EDGE('',*,*,#3296,.T.);
#1467=ORIENTED_EDGE('',*,*,#3297,.T.);
#1468=ORIENTED_EDGE('',*,*,#3134,.F.);
#1469=ORIENTED_EDGE('',*,*,#3298,.T.);
#1470=ORIENTED_EDGE('',*,*,#3299,.T.);
#1471=ORIENTED_EDGE('',*,*,#3300,.T.);
#1472=ORIENTED_EDGE('',*,*,#3132,.F.);
#1473=ORIENTED_EDGE('',*,*,#3301,.T.);
#1474=ORIENTED_EDGE('',*,*,#3302,.T.);
#1475=ORIENTED_EDGE('',*,*,#3303,.T.);
#1476=ORIENTED_EDGE('',*,*,#3140,.F.);
#1477=ORIENTED_EDGE('',*,*,#3304,.T.);
#1478=ORIENTED_EDGE('',*,*,#3305,.T.);
#1479=ORIENTED_EDGE('',*,*,#3306,.T.);
#1480=ORIENTED_EDGE('',*,*,#3138,.F.);
#1481=ORIENTED_EDGE('',*,*,#3307,.T.);
#1482=ORIENTED_EDGE('',*,*,#3308,.T.);
#1483=ORIENTED_EDGE('',*,*,#3309,.T.);
#1484=ORIENTED_EDGE('',*,*,#3146,.F.);
#1485=ORIENTED_EDGE('',*,*,#3310,.T.);
#1486=ORIENTED_EDGE('',*,*,#3311,.T.);
#1487=ORIENTED_EDGE('',*,*,#3312,.T.);
#1488=ORIENTED_EDGE('',*,*,#3144,.F.);
#1489=ORIENTED_EDGE('',*,*,#3313,.T.);
#1490=ORIENTED_EDGE('',*,*,#3314,.T.);
#1491=ORIENTED_EDGE('',*,*,#2972,.F.);
#1492=ORIENTED_EDGE('',*,*,#3315,.T.);
#1493=ORIENTED_EDGE('',*,*,#2973,.F.);
#1494=ORIENTED_EDGE('',*,*,#3316,.T.);
#1495=ORIENTED_EDGE('',*,*,#2974,.F.);
#1496=ORIENTED_EDGE('',*,*,#3317,.T.);
#1497=ORIENTED_EDGE('',*,*,#2975,.F.);
#1498=ORIENTED_EDGE('',*,*,#3318,.T.);
#1499=ORIENTED_EDGE('',*,*,#2976,.F.);
#1500=ORIENTED_EDGE('',*,*,#3319,.T.);
#1501=ORIENTED_EDGE('',*,*,#2977,.F.);
#1502=ORIENTED_EDGE('',*,*,#3320,.T.);
#1503=ORIENTED_EDGE('',*,*,#2978,.F.);
#1504=ORIENTED_EDGE('',*,*,#3321,.T.);
#1505=ORIENTED_EDGE('',*,*,#2979,.F.);
#1506=ORIENTED_EDGE('',*,*,#3322,.T.);
#1507=ORIENTED_EDGE('',*,*,#2980,.F.);
#1508=ORIENTED_EDGE('',*,*,#3323,.T.);
#1509=ORIENTED_EDGE('',*,*,#2981,.F.);
#1510=ORIENTED_EDGE('',*,*,#3324,.T.);
#1511=ORIENTED_EDGE('',*,*,#2982,.F.);
#1512=ORIENTED_EDGE('',*,*,#3325,.T.);
#1513=ORIENTED_EDGE('',*,*,#2983,.F.);
#1514=ORIENTED_EDGE('',*,*,#3326,.T.);
#1515=ORIENTED_EDGE('',*,*,#2984,.F.);
#1516=ORIENTED_EDGE('',*,*,#3327,.T.);
#1517=ORIENTED_EDGE('',*,*,#2985,.F.);
#1518=ORIENTED_EDGE('',*,*,#3328,.T.);
#1519=ORIENTED_EDGE('',*,*,#2986,.F.);
#1520=ORIENTED_EDGE('',*,*,#3329,.T.);
#1521=ORIENTED_EDGE('',*,*,#2987,.F.);
#1522=ORIENTED_EDGE('',*,*,#3330,.T.);
#1523=ORIENTED_EDGE('',*,*,#2988,.F.);
#1524=ORIENTED_EDGE('',*,*,#3331,.T.);
#1525=ORIENTED_EDGE('',*,*,#2989,.F.);
#1526=ORIENTED_EDGE('',*,*,#3332,.T.);
#1527=ORIENTED_EDGE('',*,*,#2990,.F.);
#1528=ORIENTED_EDGE('',*,*,#3333,.T.);
#1529=ORIENTED_EDGE('',*,*,#2991,.F.);
#1530=ORIENTED_EDGE('',*,*,#3334,.T.);
#1531=ORIENTED_EDGE('',*,*,#2992,.F.);
#1532=ORIENTED_EDGE('',*,*,#3335,.T.);
#1533=ORIENTED_EDGE('',*,*,#2993,.F.);
#1534=ORIENTED_EDGE('',*,*,#3336,.T.);
#1535=ORIENTED_EDGE('',*,*,#2994,.F.);
#1536=ORIENTED_EDGE('',*,*,#3337,.T.);
#1537=ORIENTED_EDGE('',*,*,#2995,.F.);
#1538=ORIENTED_EDGE('',*,*,#3338,.T.);
#1539=ORIENTED_EDGE('',*,*,#2996,.F.);
#1540=ORIENTED_EDGE('',*,*,#3339,.T.);
#1541=ORIENTED_EDGE('',*,*,#2997,.F.);
#1542=ORIENTED_EDGE('',*,*,#3340,.T.);
#1543=ORIENTED_EDGE('',*,*,#2998,.F.);
#1544=ORIENTED_EDGE('',*,*,#3341,.T.);
#1545=ORIENTED_EDGE('',*,*,#2999,.F.);
#1546=ORIENTED_EDGE('',*,*,#3342,.T.);
#1547=ORIENTED_EDGE('',*,*,#3000,.F.);
#1548=ORIENTED_EDGE('',*,*,#3343,.T.);
#1549=ORIENTED_EDGE('',*,*,#3001,.F.);
#1550=ORIENTED_EDGE('',*,*,#3344,.T.);
#1551=ORIENTED_EDGE('',*,*,#3002,.F.);
#1552=ORIENTED_EDGE('',*,*,#3345,.T.);
#1553=ORIENTED_EDGE('',*,*,#3003,.F.);
#1554=ORIENTED_EDGE('',*,*,#3346,.T.);
#1555=ORIENTED_EDGE('',*,*,#3004,.F.);
#1556=ORIENTED_EDGE('',*,*,#3347,.T.);
#1557=ORIENTED_EDGE('',*,*,#3005,.F.);
#1558=ORIENTED_EDGE('',*,*,#3348,.T.);
#1559=ORIENTED_EDGE('',*,*,#3006,.F.);
#1560=ORIENTED_EDGE('',*,*,#3349,.T.);
#1561=ORIENTED_EDGE('',*,*,#3007,.F.);
#1562=ORIENTED_EDGE('',*,*,#3350,.T.);
#1563=ORIENTED_EDGE('',*,*,#3008,.F.);
#1564=ORIENTED_EDGE('',*,*,#3351,.T.);
#1565=ORIENTED_EDGE('',*,*,#3009,.F.);
#1566=ORIENTED_EDGE('',*,*,#3352,.T.);
#1567=ORIENTED_EDGE('',*,*,#3010,.F.);
#1568=ORIENTED_EDGE('',*,*,#3353,.T.);
#1569=ORIENTED_EDGE('',*,*,#3011,.F.);
#1570=ORIENTED_EDGE('',*,*,#3354,.T.);
#1571=ORIENTED_EDGE('',*,*,#3012,.F.);
#1572=ORIENTED_EDGE('',*,*,#3355,.T.);
#1573=ORIENTED_EDGE('',*,*,#3013,.F.);
#1574=ORIENTED_EDGE('',*,*,#3356,.T.);
#1575=ORIENTED_EDGE('',*,*,#3014,.F.);
#1576=ORIENTED_EDGE('',*,*,#3357,.T.);
#1577=ORIENTED_EDGE('',*,*,#3015,.F.);
#1578=ORIENTED_EDGE('',*,*,#3358,.T.);
#1579=ORIENTED_EDGE('',*,*,#3016,.F.);
#1580=ORIENTED_EDGE('',*,*,#3359,.T.);
#1581=ORIENTED_EDGE('',*,*,#3017,.F.);
#1582=ORIENTED_EDGE('',*,*,#3360,.T.);
#1583=ORIENTED_EDGE('',*,*,#3018,.F.);
#1584=ORIENTED_EDGE('',*,*,#3361,.T.);
#1585=ORIENTED_EDGE('',*,*,#3019,.F.);
#1586=ORIENTED_EDGE('',*,*,#3362,.T.);
#1587=ORIENTED_EDGE('',*,*,#3020,.F.);
#1588=ORIENTED_EDGE('',*,*,#3363,.T.);
#1589=ORIENTED_EDGE('',*,*,#3021,.F.);
#1590=ORIENTED_EDGE('',*,*,#3364,.T.);
#1591=ORIENTED_EDGE('',*,*,#3022,.F.);
#1592=ORIENTED_EDGE('',*,*,#3365,.T.);
#1593=ORIENTED_EDGE('',*,*,#3023,.F.);
#1594=ORIENTED_EDGE('',*,*,#3366,.T.);
#1595=ORIENTED_EDGE('',*,*,#3024,.F.);
#1596=ORIENTED_EDGE('',*,*,#3367,.T.);
#1597=ORIENTED_EDGE('',*,*,#3025,.F.);
#1598=ORIENTED_EDGE('',*,*,#3368,.T.);
#1599=ORIENTED_EDGE('',*,*,#3026,.F.);
#1600=ORIENTED_EDGE('',*,*,#3369,.T.);
#1601=ORIENTED_EDGE('',*,*,#3027,.F.);
#1602=ORIENTED_EDGE('',*,*,#3370,.T.);
#1603=ORIENTED_EDGE('',*,*,#3028,.F.);
#1604=ORIENTED_EDGE('',*,*,#3371,.T.);
#1605=ORIENTED_EDGE('',*,*,#3029,.F.);
#1606=ORIENTED_EDGE('',*,*,#3372,.T.);
#1607=ORIENTED_EDGE('',*,*,#3030,.F.);
#1608=ORIENTED_EDGE('',*,*,#3373,.T.);
#1609=ORIENTED_EDGE('',*,*,#3031,.F.);
#1610=ORIENTED_EDGE('',*,*,#3374,.T.);
#1611=ORIENTED_EDGE('',*,*,#3032,.F.);
#1612=ORIENTED_EDGE('',*,*,#3375,.T.);
#1613=ORIENTED_EDGE('',*,*,#3033,.F.);
#1614=ORIENTED_EDGE('',*,*,#3376,.T.);
#1615=ORIENTED_EDGE('',*,*,#3034,.F.);
#1616=ORIENTED_EDGE('',*,*,#3377,.T.);
#1617=ORIENTED_EDGE('',*,*,#3035,.F.);
#1618=ORIENTED_EDGE('',*,*,#3378,.T.);
#1619=ORIENTED_EDGE('',*,*,#3036,.F.);
#1620=ORIENTED_EDGE('',*,*,#3379,.T.);
#1621=ORIENTED_EDGE('',*,*,#3037,.F.);
#1622=ORIENTED_EDGE('',*,*,#3380,.T.);
#1623=ORIENTED_EDGE('',*,*,#3038,.F.);
#1624=ORIENTED_EDGE('',*,*,#3381,.T.);
#1625=ORIENTED_EDGE('',*,*,#3039,.F.);
#1626=ORIENTED_EDGE('',*,*,#3382,.T.);
#1627=ORIENTED_EDGE('',*,*,#3040,.F.);
#1628=ORIENTED_EDGE('',*,*,#3383,.T.);
#1629=ORIENTED_EDGE('',*,*,#3041,.F.);
#1630=ORIENTED_EDGE('',*,*,#3384,.T.);
#1631=ORIENTED_EDGE('',*,*,#3042,.F.);
#1632=ORIENTED_EDGE('',*,*,#3385,.T.);
#1633=ORIENTED_EDGE('',*,*,#3043,.F.);
#1634=ORIENTED_EDGE('',*,*,#3386,.T.);
#1635=ORIENTED_EDGE('',*,*,#3044,.F.);
#1636=ORIENTED_EDGE('',*,*,#3387,.T.);
#1637=ORIENTED_EDGE('',*,*,#3045,.F.);
#1638=ORIENTED_EDGE('',*,*,#3388,.T.);
#1639=ORIENTED_EDGE('',*,*,#3046,.F.);
#1640=ORIENTED_EDGE('',*,*,#3389,.T.);
#1641=ORIENTED_EDGE('',*,*,#3047,.F.);
#1642=ORIENTED_EDGE('',*,*,#3390,.T.);
#1643=ORIENTED_EDGE('',*,*,#3048,.F.);
#1644=ORIENTED_EDGE('',*,*,#3391,.T.);
#1645=ORIENTED_EDGE('',*,*,#3049,.F.);
#1646=ORIENTED_EDGE('',*,*,#3392,.T.);
#1647=ORIENTED_EDGE('',*,*,#3050,.F.);
#1648=ORIENTED_EDGE('',*,*,#3393,.T.);
#1649=ORIENTED_EDGE('',*,*,#3051,.F.);
#1650=ORIENTED_EDGE('',*,*,#3394,.T.);
#1651=ORIENTED_EDGE('',*,*,#3052,.F.);
#1652=ORIENTED_EDGE('',*,*,#3395,.T.);
#1653=ORIENTED_EDGE('',*,*,#3053,.F.);
#1654=ORIENTED_EDGE('',*,*,#3396,.T.);
#1655=ORIENTED_EDGE('',*,*,#3054,.F.);
#1656=ORIENTED_EDGE('',*,*,#3397,.T.);
#1657=ORIENTED_EDGE('',*,*,#3055,.F.);
#1658=ORIENTED_EDGE('',*,*,#3398,.T.);
#1659=ORIENTED_EDGE('',*,*,#3056,.F.);
#1660=ORIENTED_EDGE('',*,*,#3399,.T.);
#1661=ORIENTED_EDGE('',*,*,#3057,.F.);
#1662=ORIENTED_EDGE('',*,*,#3400,.T.);
#1663=ORIENTED_EDGE('',*,*,#3058,.F.);
#1664=ORIENTED_EDGE('',*,*,#3401,.T.);
#1665=ORIENTED_EDGE('',*,*,#3059,.F.);
#1666=ORIENTED_EDGE('',*,*,#3402,.T.);
#1667=ORIENTED_EDGE('',*,*,#3060,.F.);
#1668=ORIENTED_EDGE('',*,*,#3403,.T.);
#1669=ORIENTED_EDGE('',*,*,#3061,.F.);
#1670=ORIENTED_EDGE('',*,*,#3404,.T.);
#1671=ORIENTED_EDGE('',*,*,#3062,.F.);
#1672=ORIENTED_EDGE('',*,*,#3405,.T.);
#1673=ORIENTED_EDGE('',*,*,#3063,.F.);
#1674=ORIENTED_EDGE('',*,*,#3406,.T.);
#1675=ORIENTED_EDGE('',*,*,#3064,.F.);
#1676=ORIENTED_EDGE('',*,*,#3407,.T.);
#1677=ORIENTED_EDGE('',*,*,#3065,.F.);
#1678=ORIENTED_EDGE('',*,*,#3408,.T.);
#1679=ORIENTED_EDGE('',*,*,#3066,.F.);
#1680=ORIENTED_EDGE('',*,*,#3409,.T.);
#1681=ORIENTED_EDGE('',*,*,#3067,.F.);
#1682=ORIENTED_EDGE('',*,*,#3410,.T.);
#1683=ORIENTED_EDGE('',*,*,#3068,.F.);
#1684=ORIENTED_EDGE('',*,*,#3411,.T.);
#1685=ORIENTED_EDGE('',*,*,#3069,.F.);
#1686=ORIENTED_EDGE('',*,*,#3412,.T.);
#1687=ORIENTED_EDGE('',*,*,#3070,.F.);
#1688=ORIENTED_EDGE('',*,*,#3413,.T.);
#1689=ORIENTED_EDGE('',*,*,#3071,.F.);
#1690=ORIENTED_EDGE('',*,*,#3414,.T.);
#1691=ORIENTED_EDGE('',*,*,#3072,.F.);
#1692=ORIENTED_EDGE('',*,*,#3415,.T.);
#1693=ORIENTED_EDGE('',*,*,#3073,.F.);
#1694=ORIENTED_EDGE('',*,*,#3416,.T.);
#1695=ORIENTED_EDGE('',*,*,#3074,.F.);
#1696=ORIENTED_EDGE('',*,*,#3417,.T.);
#1697=ORIENTED_EDGE('',*,*,#3075,.F.);
#1698=ORIENTED_EDGE('',*,*,#3418,.T.);
#1699=ORIENTED_EDGE('',*,*,#3076,.F.);
#1700=ORIENTED_EDGE('',*,*,#3419,.T.);
#1701=ORIENTED_EDGE('',*,*,#3077,.F.);
#1702=ORIENTED_EDGE('',*,*,#3420,.T.);
#1703=ORIENTED_EDGE('',*,*,#3078,.F.);
#1704=ORIENTED_EDGE('',*,*,#3421,.T.);
#1705=ORIENTED_EDGE('',*,*,#3079,.F.);
#1706=ORIENTED_EDGE('',*,*,#3422,.T.);
#1707=ORIENTED_EDGE('',*,*,#3080,.F.);
#1708=ORIENTED_EDGE('',*,*,#3423,.T.);
#1709=ORIENTED_EDGE('',*,*,#3081,.F.);
#1710=ORIENTED_EDGE('',*,*,#3424,.T.);
#1711=ORIENTED_EDGE('',*,*,#3082,.F.);
#1712=ORIENTED_EDGE('',*,*,#3425,.T.);
#1713=ORIENTED_EDGE('',*,*,#3083,.F.);
#1714=ORIENTED_EDGE('',*,*,#3426,.T.);
#1715=ORIENTED_EDGE('',*,*,#3084,.F.);
#1716=ORIENTED_EDGE('',*,*,#3427,.T.);
#1717=ORIENTED_EDGE('',*,*,#3085,.F.);
#1718=ORIENTED_EDGE('',*,*,#3428,.T.);
#1719=ORIENTED_EDGE('',*,*,#3086,.F.);
#1720=ORIENTED_EDGE('',*,*,#3429,.T.);
#1721=ORIENTED_EDGE('',*,*,#3087,.F.);
#1722=ORIENTED_EDGE('',*,*,#3430,.T.);
#1723=ORIENTED_EDGE('',*,*,#3088,.F.);
#1724=ORIENTED_EDGE('',*,*,#3431,.T.);
#1725=ORIENTED_EDGE('',*,*,#3089,.F.);
#1726=ORIENTED_EDGE('',*,*,#3432,.T.);
#1727=ORIENTED_EDGE('',*,*,#3090,.F.);
#1728=ORIENTED_EDGE('',*,*,#3433,.T.);
#1729=ORIENTED_EDGE('',*,*,#3091,.F.);
#1730=ORIENTED_EDGE('',*,*,#3434,.T.);
#1731=ORIENTED_EDGE('',*,*,#3092,.F.);
#1732=ORIENTED_EDGE('',*,*,#3435,.T.);
#1733=ORIENTED_EDGE('',*,*,#3093,.F.);
#1734=ORIENTED_EDGE('',*,*,#3436,.T.);
#1735=ORIENTED_EDGE('',*,*,#3094,.F.);
#1736=ORIENTED_EDGE('',*,*,#3437,.T.);
#1737=ORIENTED_EDGE('',*,*,#3095,.F.);
#1738=ORIENTED_EDGE('',*,*,#3438,.T.);
#1739=ORIENTED_EDGE('',*,*,#3096,.F.);
#1740=ORIENTED_EDGE('',*,*,#3439,.T.);
#1741=ORIENTED_EDGE('',*,*,#3097,.F.);
#1742=ORIENTED_EDGE('',*,*,#3440,.T.);
#1743=ORIENTED_EDGE('',*,*,#3098,.F.);
#1744=ORIENTED_EDGE('',*,*,#3441,.T.);
#1745=ORIENTED_EDGE('',*,*,#3099,.F.);
#1746=ORIENTED_EDGE('',*,*,#3442,.T.);
#1747=ORIENTED_EDGE('',*,*,#3100,.F.);
#1748=ORIENTED_EDGE('',*,*,#3443,.T.);
#1749=ORIENTED_EDGE('',*,*,#3101,.F.);
#1750=ORIENTED_EDGE('',*,*,#3444,.T.);
#1751=ORIENTED_EDGE('',*,*,#3102,.F.);
#1752=ORIENTED_EDGE('',*,*,#3445,.T.);
#1753=ORIENTED_EDGE('',*,*,#3103,.F.);
#1754=ORIENTED_EDGE('',*,*,#3446,.T.);
#1755=ORIENTED_EDGE('',*,*,#3104,.F.);
#1756=ORIENTED_EDGE('',*,*,#3447,.T.);
#1757=ORIENTED_EDGE('',*,*,#3105,.F.);
#1758=ORIENTED_EDGE('',*,*,#3448,.T.);
#1759=ORIENTED_EDGE('',*,*,#3106,.F.);
#1760=ORIENTED_EDGE('',*,*,#3449,.T.);
#1761=ORIENTED_EDGE('',*,*,#3107,.F.);
#1762=ORIENTED_EDGE('',*,*,#3450,.T.);
#1763=ORIENTED_EDGE('',*,*,#3108,.F.);
#1764=ORIENTED_EDGE('',*,*,#3451,.T.);
#1765=ORIENTED_EDGE('',*,*,#3109,.F.);
#1766=ORIENTED_EDGE('',*,*,#3452,.T.);
#1767=ORIENTED_EDGE('',*,*,#3110,.F.);
#1768=ORIENTED_EDGE('',*,*,#3453,.T.);
#1769=ORIENTED_EDGE('',*,*,#3111,.F.);
#1770=ORIENTED_EDGE('',*,*,#3454,.T.);
#1771=ORIENTED_EDGE('',*,*,#3112,.F.);
#1772=ORIENTED_EDGE('',*,*,#3455,.T.);
#1773=ORIENTED_EDGE('',*,*,#3113,.F.);
#1774=ORIENTED_EDGE('',*,*,#3118,.T.);
#1775=ORIENTED_EDGE('',*,*,#3456,.T.);
#1776=ORIENTED_EDGE('',*,*,#3457,.F.);
#1777=ORIENTED_EDGE('',*,*,#3458,.T.);
#1778=ORIENTED_EDGE('',*,*,#3124,.T.);
#1779=ORIENTED_EDGE('',*,*,#3459,.T.);
#1780=ORIENTED_EDGE('',*,*,#3460,.F.);
#1781=ORIENTED_EDGE('',*,*,#3461,.T.);
#1782=ORIENTED_EDGE('',*,*,#3130,.T.);
#1783=ORIENTED_EDGE('',*,*,#3462,.T.);
#1784=ORIENTED_EDGE('',*,*,#3463,.F.);
#1785=ORIENTED_EDGE('',*,*,#3464,.T.);
#1786=ORIENTED_EDGE('',*,*,#3136,.T.);
#1787=ORIENTED_EDGE('',*,*,#3465,.T.);
#1788=ORIENTED_EDGE('',*,*,#3466,.F.);
#1789=ORIENTED_EDGE('',*,*,#3467,.T.);
#1790=ORIENTED_EDGE('',*,*,#3142,.T.);
#1791=ORIENTED_EDGE('',*,*,#3468,.T.);
#1792=ORIENTED_EDGE('',*,*,#3469,.F.);
#1793=ORIENTED_EDGE('',*,*,#3470,.T.);
#1794=ORIENTED_EDGE('',*,*,#3148,.T.);
#1795=ORIENTED_EDGE('',*,*,#3471,.T.);
#1796=ORIENTED_EDGE('',*,*,#3472,.F.);
#1797=ORIENTED_EDGE('',*,*,#3473,.T.);
#1798=ORIENTED_EDGE('',*,*,#3227,.F.);
#1799=ORIENTED_EDGE('',*,*,#3474,.T.);
#1800=ORIENTED_EDGE('',*,*,#3225,.F.);
#1801=ORIENTED_EDGE('',*,*,#3475,.T.);
#1802=ORIENTED_EDGE('',*,*,#3223,.F.);
#1803=ORIENTED_EDGE('',*,*,#3476,.T.);
#1804=ORIENTED_EDGE('',*,*,#3221,.F.);
#1805=ORIENTED_EDGE('',*,*,#3477,.T.);
#1806=ORIENTED_EDGE('',*,*,#3219,.F.);
#1807=ORIENTED_EDGE('',*,*,#3478,.T.);
#1808=ORIENTED_EDGE('',*,*,#3217,.F.);
#1809=ORIENTED_EDGE('',*,*,#3479,.T.);
#1810=ORIENTED_EDGE('',*,*,#3215,.F.);
#1811=ORIENTED_EDGE('',*,*,#3480,.T.);
#1812=ORIENTED_EDGE('',*,*,#3213,.F.);
#1813=ORIENTED_EDGE('',*,*,#3481,.T.);
#1814=ORIENTED_EDGE('',*,*,#3211,.F.);
#1815=ORIENTED_EDGE('',*,*,#3482,.T.);
#1816=ORIENTED_EDGE('',*,*,#3209,.F.);
#1817=ORIENTED_EDGE('',*,*,#3483,.T.);
#1818=ORIENTED_EDGE('',*,*,#3207,.F.);
#1819=ORIENTED_EDGE('',*,*,#3484,.T.);
#1820=ORIENTED_EDGE('',*,*,#3205,.F.);
#1821=ORIENTED_EDGE('',*,*,#3485,.T.);
#1822=ORIENTED_EDGE('',*,*,#3203,.F.);
#1823=ORIENTED_EDGE('',*,*,#3486,.T.);
#1824=ORIENTED_EDGE('',*,*,#3201,.F.);
#1825=ORIENTED_EDGE('',*,*,#3487,.T.);
#1826=ORIENTED_EDGE('',*,*,#3199,.F.);
#1827=ORIENTED_EDGE('',*,*,#3488,.T.);
#1828=ORIENTED_EDGE('',*,*,#3197,.F.);
#1829=ORIENTED_EDGE('',*,*,#3489,.T.);
#1830=ORIENTED_EDGE('',*,*,#3195,.F.);
#1831=ORIENTED_EDGE('',*,*,#3490,.T.);
#1832=ORIENTED_EDGE('',*,*,#3193,.F.);
#1833=ORIENTED_EDGE('',*,*,#3491,.T.);
#1834=ORIENTED_EDGE('',*,*,#3191,.F.);
#1835=ORIENTED_EDGE('',*,*,#3492,.T.);
#1836=ORIENTED_EDGE('',*,*,#3189,.F.);
#1837=ORIENTED_EDGE('',*,*,#3493,.T.);
#1838=ORIENTED_EDGE('',*,*,#3187,.F.);
#1839=ORIENTED_EDGE('',*,*,#3494,.T.);
#1840=ORIENTED_EDGE('',*,*,#3185,.F.);
#1841=ORIENTED_EDGE('',*,*,#3495,.T.);
#1842=ORIENTED_EDGE('',*,*,#3183,.F.);
#1843=ORIENTED_EDGE('',*,*,#3496,.T.);
#1844=ORIENTED_EDGE('',*,*,#3181,.F.);
#1845=ORIENTED_EDGE('',*,*,#3497,.T.);
#1846=ORIENTED_EDGE('',*,*,#3179,.F.);
#1847=ORIENTED_EDGE('',*,*,#3498,.T.);
#1848=ORIENTED_EDGE('',*,*,#3177,.F.);
#1849=ORIENTED_EDGE('',*,*,#3499,.T.);
#1850=ORIENTED_EDGE('',*,*,#3175,.F.);
#1851=ORIENTED_EDGE('',*,*,#3500,.T.);
#1852=ORIENTED_EDGE('',*,*,#3173,.F.);
#1853=ORIENTED_EDGE('',*,*,#3501,.T.);
#1854=ORIENTED_EDGE('',*,*,#3171,.F.);
#1855=ORIENTED_EDGE('',*,*,#3502,.T.);
#1856=ORIENTED_EDGE('',*,*,#3169,.F.);
#1857=ORIENTED_EDGE('',*,*,#3503,.T.);
#1858=ORIENTED_EDGE('',*,*,#3167,.F.);
#1859=ORIENTED_EDGE('',*,*,#3504,.T.);
#1860=ORIENTED_EDGE('',*,*,#3165,.F.);
#1861=ORIENTED_EDGE('',*,*,#3505,.T.);
#1862=ORIENTED_EDGE('',*,*,#3163,.F.);
#1863=ORIENTED_EDGE('',*,*,#3506,.T.);
#1864=ORIENTED_EDGE('',*,*,#3161,.F.);
#1865=ORIENTED_EDGE('',*,*,#3507,.T.);
#1866=ORIENTED_EDGE('',*,*,#3159,.F.);
#1867=ORIENTED_EDGE('',*,*,#3508,.T.);
#1868=ORIENTED_EDGE('',*,*,#3157,.F.);
#1869=ORIENTED_EDGE('',*,*,#3509,.T.);
#1870=ORIENTED_EDGE('',*,*,#3155,.F.);
#1871=ORIENTED_EDGE('',*,*,#3510,.T.);
#1872=ORIENTED_EDGE('',*,*,#3153,.F.);
#1873=ORIENTED_EDGE('',*,*,#3511,.T.);
#1874=ORIENTED_EDGE('',*,*,#3151,.F.);
#1875=ORIENTED_EDGE('',*,*,#3512,.T.);
#1876=ORIENTED_EDGE('',*,*,#3251,.F.);
#1877=ORIENTED_EDGE('',*,*,#3513,.T.);
#1878=ORIENTED_EDGE('',*,*,#3249,.F.);
#1879=ORIENTED_EDGE('',*,*,#3514,.T.);
#1880=ORIENTED_EDGE('',*,*,#3247,.F.);
#1881=ORIENTED_EDGE('',*,*,#3515,.T.);
#1882=ORIENTED_EDGE('',*,*,#3245,.F.);
#1883=ORIENTED_EDGE('',*,*,#3516,.T.);
#1884=ORIENTED_EDGE('',*,*,#3243,.F.);
#1885=ORIENTED_EDGE('',*,*,#3517,.T.);
#1886=ORIENTED_EDGE('',*,*,#3241,.F.);
#1887=ORIENTED_EDGE('',*,*,#3518,.T.);
#1888=ORIENTED_EDGE('',*,*,#3239,.F.);
#1889=ORIENTED_EDGE('',*,*,#3519,.T.);
#1890=ORIENTED_EDGE('',*,*,#3237,.F.);
#1891=ORIENTED_EDGE('',*,*,#3520,.T.);
#1892=ORIENTED_EDGE('',*,*,#3235,.F.);
#1893=ORIENTED_EDGE('',*,*,#3521,.T.);
#1894=ORIENTED_EDGE('',*,*,#3233,.F.);
#1895=ORIENTED_EDGE('',*,*,#3522,.T.);
#1896=ORIENTED_EDGE('',*,*,#3231,.F.);
#1897=ORIENTED_EDGE('',*,*,#3523,.T.);
#1898=ORIENTED_EDGE('',*,*,#3229,.F.);
#1899=ORIENTED_EDGE('',*,*,#3524,.T.);
#1900=ORIENTED_EDGE('',*,*,#3525,.T.);
#1901=ORIENTED_EDGE('',*,*,#3526,.T.);
#1902=ORIENTED_EDGE('',*,*,#2968,.F.);
#1903=ORIENTED_EDGE('',*,*,#3527,.T.);
#1904=ORIENTED_EDGE('',*,*,#3528,.T.);
#1905=ORIENTED_EDGE('',*,*,#3529,.T.);
#1906=ORIENTED_EDGE('',*,*,#3530,.T.);
#1907=ORIENTED_EDGE('',*,*,#3531,.T.);
#1908=ORIENTED_EDGE('',*,*,#3524,.F.);
#1909=ORIENTED_EDGE('',*,*,#3523,.F.);
#1910=ORIENTED_EDGE('',*,*,#3522,.F.);
#1911=ORIENTED_EDGE('',*,*,#3521,.F.);
#1912=ORIENTED_EDGE('',*,*,#3520,.F.);
#1913=ORIENTED_EDGE('',*,*,#3519,.F.);
#1914=ORIENTED_EDGE('',*,*,#3518,.F.);
#1915=ORIENTED_EDGE('',*,*,#3517,.F.);
#1916=ORIENTED_EDGE('',*,*,#3516,.F.);
#1917=ORIENTED_EDGE('',*,*,#3515,.F.);
#1918=ORIENTED_EDGE('',*,*,#3514,.F.);
#1919=ORIENTED_EDGE('',*,*,#3513,.F.);
#1920=ORIENTED_EDGE('',*,*,#3512,.F.);
#1921=ORIENTED_EDGE('',*,*,#3511,.F.);
#1922=ORIENTED_EDGE('',*,*,#3510,.F.);
#1923=ORIENTED_EDGE('',*,*,#3509,.F.);
#1924=ORIENTED_EDGE('',*,*,#3508,.F.);
#1925=ORIENTED_EDGE('',*,*,#3507,.F.);
#1926=ORIENTED_EDGE('',*,*,#3506,.F.);
#1927=ORIENTED_EDGE('',*,*,#3505,.F.);
#1928=ORIENTED_EDGE('',*,*,#3504,.F.);
#1929=ORIENTED_EDGE('',*,*,#3503,.F.);
#1930=ORIENTED_EDGE('',*,*,#3502,.F.);
#1931=ORIENTED_EDGE('',*,*,#3501,.F.);
#1932=ORIENTED_EDGE('',*,*,#3500,.F.);
#1933=ORIENTED_EDGE('',*,*,#3499,.F.);
#1934=ORIENTED_EDGE('',*,*,#3498,.F.);
#1935=ORIENTED_EDGE('',*,*,#3497,.F.);
#1936=ORIENTED_EDGE('',*,*,#3496,.F.);
#1937=ORIENTED_EDGE('',*,*,#3495,.F.);
#1938=ORIENTED_EDGE('',*,*,#3494,.F.);
#1939=ORIENTED_EDGE('',*,*,#3493,.F.);
#1940=ORIENTED_EDGE('',*,*,#3492,.F.);
#1941=ORIENTED_EDGE('',*,*,#3491,.F.);
#1942=ORIENTED_EDGE('',*,*,#3490,.F.);
#1943=ORIENTED_EDGE('',*,*,#3489,.F.);
#1944=ORIENTED_EDGE('',*,*,#3488,.F.);
#1945=ORIENTED_EDGE('',*,*,#3487,.F.);
#1946=ORIENTED_EDGE('',*,*,#3486,.F.);
#1947=ORIENTED_EDGE('',*,*,#3485,.F.);
#1948=ORIENTED_EDGE('',*,*,#3484,.F.);
#1949=ORIENTED_EDGE('',*,*,#3483,.F.);
#1950=ORIENTED_EDGE('',*,*,#3482,.F.);
#1951=ORIENTED_EDGE('',*,*,#3481,.F.);
#1952=ORIENTED_EDGE('',*,*,#3480,.F.);
#1953=ORIENTED_EDGE('',*,*,#3479,.F.);
#1954=ORIENTED_EDGE('',*,*,#3478,.F.);
#1955=ORIENTED_EDGE('',*,*,#3477,.F.);
#1956=ORIENTED_EDGE('',*,*,#3476,.F.);
#1957=ORIENTED_EDGE('',*,*,#3475,.F.);
#1958=ORIENTED_EDGE('',*,*,#3474,.F.);
#1959=ORIENTED_EDGE('',*,*,#3308,.F.);
#1960=ORIENTED_EDGE('',*,*,#3532,.T.);
#1961=ORIENTED_EDGE('',*,*,#3311,.F.);
#1962=ORIENTED_EDGE('',*,*,#3533,.T.);
#1963=ORIENTED_EDGE('',*,*,#3472,.T.);
#1964=ORIENTED_EDGE('',*,*,#3534,.T.);
#1965=ORIENTED_EDGE('',*,*,#3302,.F.);
#1966=ORIENTED_EDGE('',*,*,#3535,.T.);
#1967=ORIENTED_EDGE('',*,*,#3305,.F.);
#1968=ORIENTED_EDGE('',*,*,#3536,.T.);
#1969=ORIENTED_EDGE('',*,*,#3469,.T.);
#1970=ORIENTED_EDGE('',*,*,#3537,.T.);
#1971=ORIENTED_EDGE('',*,*,#3296,.F.);
#1972=ORIENTED_EDGE('',*,*,#3538,.T.);
#1973=ORIENTED_EDGE('',*,*,#3299,.F.);
#1974=ORIENTED_EDGE('',*,*,#3539,.T.);
#1975=ORIENTED_EDGE('',*,*,#3466,.T.);
#1976=ORIENTED_EDGE('',*,*,#3540,.T.);
#1977=ORIENTED_EDGE('',*,*,#3290,.F.);
#1978=ORIENTED_EDGE('',*,*,#3541,.T.);
#1979=ORIENTED_EDGE('',*,*,#3293,.F.);
#1980=ORIENTED_EDGE('',*,*,#3542,.T.);
#1981=ORIENTED_EDGE('',*,*,#3463,.T.);
#1982=ORIENTED_EDGE('',*,*,#3543,.T.);
#1983=ORIENTED_EDGE('',*,*,#3284,.F.);
#1984=ORIENTED_EDGE('',*,*,#3544,.T.);
#1985=ORIENTED_EDGE('',*,*,#3288,.F.);
#1986=ORIENTED_EDGE('',*,*,#3545,.T.);
#1987=ORIENTED_EDGE('',*,*,#3460,.T.);
#1988=ORIENTED_EDGE('',*,*,#3546,.T.);
#1989=ORIENTED_EDGE('',*,*,#3278,.F.);
#1990=ORIENTED_EDGE('',*,*,#3547,.T.);
#1991=ORIENTED_EDGE('',*,*,#3281,.F.);
#1992=ORIENTED_EDGE('',*,*,#3548,.T.);
#1993=ORIENTED_EDGE('',*,*,#3457,.T.);
#1994=ORIENTED_EDGE('',*,*,#3549,.T.);
#1995=ORIENTED_EDGE('',*,*,#3455,.F.);
#1996=ORIENTED_EDGE('',*,*,#3454,.F.);
#1997=ORIENTED_EDGE('',*,*,#3453,.F.);
#1998=ORIENTED_EDGE('',*,*,#3452,.F.);
#1999=ORIENTED_EDGE('',*,*,#3451,.F.);
#2000=ORIENTED_EDGE('',*,*,#3450,.F.);
#2001=ORIENTED_EDGE('',*,*,#3449,.F.);
#2002=ORIENTED_EDGE('',*,*,#3448,.F.);
#2003=ORIENTED_EDGE('',*,*,#3447,.F.);
#2004=ORIENTED_EDGE('',*,*,#3446,.F.);
#2005=ORIENTED_EDGE('',*,*,#3445,.F.);
#2006=ORIENTED_EDGE('',*,*,#3444,.F.);
#2007=ORIENTED_EDGE('',*,*,#3443,.F.);
#2008=ORIENTED_EDGE('',*,*,#3442,.F.);
#2009=ORIENTED_EDGE('',*,*,#3441,.F.);
#2010=ORIENTED_EDGE('',*,*,#3440,.F.);
#2011=ORIENTED_EDGE('',*,*,#3439,.F.);
#2012=ORIENTED_EDGE('',*,*,#3438,.F.);
#2013=ORIENTED_EDGE('',*,*,#3437,.F.);
#2014=ORIENTED_EDGE('',*,*,#3436,.F.);
#2015=ORIENTED_EDGE('',*,*,#3435,.F.);
#2016=ORIENTED_EDGE('',*,*,#3434,.F.);
#2017=ORIENTED_EDGE('',*,*,#3433,.F.);
#2018=ORIENTED_EDGE('',*,*,#3432,.F.);
#2019=ORIENTED_EDGE('',*,*,#3431,.F.);
#2020=ORIENTED_EDGE('',*,*,#3430,.F.);
#2021=ORIENTED_EDGE('',*,*,#3429,.F.);
#2022=ORIENTED_EDGE('',*,*,#3428,.F.);
#2023=ORIENTED_EDGE('',*,*,#3427,.F.);
#2024=ORIENTED_EDGE('',*,*,#3426,.F.);
#2025=ORIENTED_EDGE('',*,*,#3425,.F.);
#2026=ORIENTED_EDGE('',*,*,#3424,.F.);
#2027=ORIENTED_EDGE('',*,*,#3423,.F.);
#2028=ORIENTED_EDGE('',*,*,#3422,.F.);
#2029=ORIENTED_EDGE('',*,*,#3421,.F.);
#2030=ORIENTED_EDGE('',*,*,#3420,.F.);
#2031=ORIENTED_EDGE('',*,*,#3419,.F.);
#2032=ORIENTED_EDGE('',*,*,#3418,.F.);
#2033=ORIENTED_EDGE('',*,*,#3417,.F.);
#2034=ORIENTED_EDGE('',*,*,#3416,.F.);
#2035=ORIENTED_EDGE('',*,*,#3415,.F.);
#2036=ORIENTED_EDGE('',*,*,#3414,.F.);
#2037=ORIENTED_EDGE('',*,*,#3413,.F.);
#2038=ORIENTED_EDGE('',*,*,#3412,.F.);
#2039=ORIENTED_EDGE('',*,*,#3411,.F.);
#2040=ORIENTED_EDGE('',*,*,#3410,.F.);
#2041=ORIENTED_EDGE('',*,*,#3409,.F.);
#2042=ORIENTED_EDGE('',*,*,#3408,.F.);
#2043=ORIENTED_EDGE('',*,*,#3407,.F.);
#2044=ORIENTED_EDGE('',*,*,#3406,.F.);
#2045=ORIENTED_EDGE('',*,*,#3405,.F.);
#2046=ORIENTED_EDGE('',*,*,#3404,.F.);
#2047=ORIENTED_EDGE('',*,*,#3403,.F.);
#2048=ORIENTED_EDGE('',*,*,#3402,.F.);
#2049=ORIENTED_EDGE('',*,*,#3401,.F.);
#2050=ORIENTED_EDGE('',*,*,#3400,.F.);
#2051=ORIENTED_EDGE('',*,*,#3399,.F.);
#2052=ORIENTED_EDGE('',*,*,#3398,.F.);
#2053=ORIENTED_EDGE('',*,*,#3397,.F.);
#2054=ORIENTED_EDGE('',*,*,#3396,.F.);
#2055=ORIENTED_EDGE('',*,*,#3395,.F.);
#2056=ORIENTED_EDGE('',*,*,#3394,.F.);
#2057=ORIENTED_EDGE('',*,*,#3393,.F.);
#2058=ORIENTED_EDGE('',*,*,#3392,.F.);
#2059=ORIENTED_EDGE('',*,*,#3391,.F.);
#2060=ORIENTED_EDGE('',*,*,#3390,.F.);
#2061=ORIENTED_EDGE('',*,*,#3389,.F.);
#2062=ORIENTED_EDGE('',*,*,#3388,.F.);
#2063=ORIENTED_EDGE('',*,*,#3387,.F.);
#2064=ORIENTED_EDGE('',*,*,#3386,.F.);
#2065=ORIENTED_EDGE('',*,*,#3385,.F.);
#2066=ORIENTED_EDGE('',*,*,#3384,.F.);
#2067=ORIENTED_EDGE('',*,*,#3383,.F.);
#2068=ORIENTED_EDGE('',*,*,#3382,.F.);
#2069=ORIENTED_EDGE('',*,*,#3381,.F.);
#2070=ORIENTED_EDGE('',*,*,#3380,.F.);
#2071=ORIENTED_EDGE('',*,*,#3379,.F.);
#2072=ORIENTED_EDGE('',*,*,#3378,.F.);
#2073=ORIENTED_EDGE('',*,*,#3377,.F.);
#2074=ORIENTED_EDGE('',*,*,#3376,.F.);
#2075=ORIENTED_EDGE('',*,*,#3375,.F.);
#2076=ORIENTED_EDGE('',*,*,#3374,.F.);
#2077=ORIENTED_EDGE('',*,*,#3373,.F.);
#2078=ORIENTED_EDGE('',*,*,#3372,.F.);
#2079=ORIENTED_EDGE('',*,*,#3371,.F.);
#2080=ORIENTED_EDGE('',*,*,#3370,.F.);
#2081=ORIENTED_EDGE('',*,*,#3369,.F.);
#2082=ORIENTED_EDGE('',*,*,#3368,.F.);
#2083=ORIENTED_EDGE('',*,*,#3367,.F.);
#2084=ORIENTED_EDGE('',*,*,#3366,.F.);
#2085=ORIENTED_EDGE('',*,*,#3365,.F.);
#2086=ORIENTED_EDGE('',*,*,#3364,.F.);
#2087=ORIENTED_EDGE('',*,*,#3363,.F.);
#2088=ORIENTED_EDGE('',*,*,#3362,.F.);
#2089=ORIENTED_EDGE('',*,*,#3361,.F.);
#2090=ORIENTED_EDGE('',*,*,#3360,.F.);
#2091=ORIENTED_EDGE('',*,*,#3359,.F.);
#2092=ORIENTED_EDGE('',*,*,#3358,.F.);
#2093=ORIENTED_EDGE('',*,*,#3357,.F.);
#2094=ORIENTED_EDGE('',*,*,#3356,.F.);
#2095=ORIENTED_EDGE('',*,*,#3355,.F.);
#2096=ORIENTED_EDGE('',*,*,#3354,.F.);
#2097=ORIENTED_EDGE('',*,*,#3353,.F.);
#2098=ORIENTED_EDGE('',*,*,#3352,.F.);
#2099=ORIENTED_EDGE('',*,*,#3351,.F.);
#2100=ORIENTED_EDGE('',*,*,#3350,.F.);
#2101=ORIENTED_EDGE('',*,*,#3349,.F.);
#2102=ORIENTED_EDGE('',*,*,#3348,.F.);
#2103=ORIENTED_EDGE('',*,*,#3347,.F.);
#2104=ORIENTED_EDGE('',*,*,#3346,.F.);
#2105=ORIENTED_EDGE('',*,*,#3345,.F.);
#2106=ORIENTED_EDGE('',*,*,#3344,.F.);
#2107=ORIENTED_EDGE('',*,*,#3343,.F.);
#2108=ORIENTED_EDGE('',*,*,#3342,.F.);
#2109=ORIENTED_EDGE('',*,*,#3341,.F.);
#2110=ORIENTED_EDGE('',*,*,#3340,.F.);
#2111=ORIENTED_EDGE('',*,*,#3339,.F.);
#2112=ORIENTED_EDGE('',*,*,#3338,.F.);
#2113=ORIENTED_EDGE('',*,*,#3337,.F.);
#2114=ORIENTED_EDGE('',*,*,#3336,.F.);
#2115=ORIENTED_EDGE('',*,*,#3335,.F.);
#2116=ORIENTED_EDGE('',*,*,#3334,.F.);
#2117=ORIENTED_EDGE('',*,*,#3333,.F.);
#2118=ORIENTED_EDGE('',*,*,#3332,.F.);
#2119=ORIENTED_EDGE('',*,*,#3331,.F.);
#2120=ORIENTED_EDGE('',*,*,#3330,.F.);
#2121=ORIENTED_EDGE('',*,*,#3329,.F.);
#2122=ORIENTED_EDGE('',*,*,#3328,.F.);
#2123=ORIENTED_EDGE('',*,*,#3327,.F.);
#2124=ORIENTED_EDGE('',*,*,#3326,.F.);
#2125=ORIENTED_EDGE('',*,*,#3325,.F.);
#2126=ORIENTED_EDGE('',*,*,#3324,.F.);
#2127=ORIENTED_EDGE('',*,*,#3323,.F.);
#2128=ORIENTED_EDGE('',*,*,#3322,.F.);
#2129=ORIENTED_EDGE('',*,*,#3321,.F.);
#2130=ORIENTED_EDGE('',*,*,#3320,.F.);
#2131=ORIENTED_EDGE('',*,*,#3319,.F.);
#2132=ORIENTED_EDGE('',*,*,#3318,.F.);
#2133=ORIENTED_EDGE('',*,*,#3317,.F.);
#2134=ORIENTED_EDGE('',*,*,#3316,.F.);
#2135=ORIENTED_EDGE('',*,*,#3315,.F.);
#2136=ORIENTED_EDGE('',*,*,#3314,.F.);
#2137=ORIENTED_EDGE('',*,*,#3525,.F.);
#2138=ORIENTED_EDGE('',*,*,#3550,.T.);
#2139=ORIENTED_EDGE('',*,*,#3273,.T.);
#2140=ORIENTED_EDGE('',*,*,#3551,.T.);
#2141=ORIENTED_EDGE('',*,*,#3275,.F.);
#2142=ORIENTED_EDGE('',*,*,#3552,.T.);
#2143=ORIENTED_EDGE('',*,*,#3552,.F.);
#2144=ORIENTED_EDGE('',*,*,#3277,.F.);
#2145=ORIENTED_EDGE('',*,*,#2969,.F.);
#2146=ORIENTED_EDGE('',*,*,#3526,.F.);
#2147=ORIENTED_EDGE('',*,*,#3547,.F.);
#2148=ORIENTED_EDGE('',*,*,#3280,.F.);
#2149=ORIENTED_EDGE('',*,*,#3115,.F.);
#2150=ORIENTED_EDGE('',*,*,#3282,.F.);
#2151=ORIENTED_EDGE('',*,*,#3541,.F.);
#2152=ORIENTED_EDGE('',*,*,#3292,.F.);
#2153=ORIENTED_EDGE('',*,*,#3127,.F.);
#2154=ORIENTED_EDGE('',*,*,#3294,.F.);
#2155=ORIENTED_EDGE('',*,*,#3538,.F.);
#2156=ORIENTED_EDGE('',*,*,#3298,.F.);
#2157=ORIENTED_EDGE('',*,*,#3133,.F.);
#2158=ORIENTED_EDGE('',*,*,#3300,.F.);
#2159=ORIENTED_EDGE('',*,*,#3535,.F.);
#2160=ORIENTED_EDGE('',*,*,#3304,.F.);
#2161=ORIENTED_EDGE('',*,*,#3139,.F.);
#2162=ORIENTED_EDGE('',*,*,#3306,.F.);
#2163=ORIENTED_EDGE('',*,*,#3532,.F.);
#2164=ORIENTED_EDGE('',*,*,#3310,.F.);
#2165=ORIENTED_EDGE('',*,*,#3145,.F.);
#2166=ORIENTED_EDGE('',*,*,#3312,.F.);
#2167=ORIENTED_EDGE('',*,*,#3545,.F.);
#2168=ORIENTED_EDGE('',*,*,#3287,.F.);
#2169=ORIENTED_EDGE('',*,*,#3125,.F.);
#2170=ORIENTED_EDGE('',*,*,#3461,.F.);
#2171=ORIENTED_EDGE('',*,*,#3542,.F.);
#2172=ORIENTED_EDGE('',*,*,#3295,.F.);
#2173=ORIENTED_EDGE('',*,*,#3131,.F.);
#2174=ORIENTED_EDGE('',*,*,#3464,.F.);
#2175=ORIENTED_EDGE('',*,*,#3539,.F.);
#2176=ORIENTED_EDGE('',*,*,#3301,.F.);
#2177=ORIENTED_EDGE('',*,*,#3137,.F.);
#2178=ORIENTED_EDGE('',*,*,#3467,.F.);
#2179=ORIENTED_EDGE('',*,*,#3536,.F.);
#2180=ORIENTED_EDGE('',*,*,#3307,.F.);
#2181=ORIENTED_EDGE('',*,*,#3143,.F.);
#2182=ORIENTED_EDGE('',*,*,#3470,.F.);
#2183=ORIENTED_EDGE('',*,*,#3533,.F.);
#2184=ORIENTED_EDGE('',*,*,#3313,.F.);
#2185=ORIENTED_EDGE('',*,*,#3149,.F.);
#2186=ORIENTED_EDGE('',*,*,#3473,.F.);
#2187=ORIENTED_EDGE('',*,*,#3550,.F.);
#2188=ORIENTED_EDGE('',*,*,#3527,.F.);
#2189=ORIENTED_EDGE('',*,*,#2967,.F.);
#2190=ORIENTED_EDGE('',*,*,#3274,.F.);
#2191=ORIENTED_EDGE('',*,*,#3548,.F.);
#2192=ORIENTED_EDGE('',*,*,#3283,.F.);
#2193=ORIENTED_EDGE('',*,*,#3119,.F.);
#2194=ORIENTED_EDGE('',*,*,#3458,.F.);
#2195=ORIENTED_EDGE('',*,*,#3544,.F.);
#2196=ORIENTED_EDGE('',*,*,#3286,.F.);
#2197=ORIENTED_EDGE('',*,*,#3121,.F.);
#2198=ORIENTED_EDGE('',*,*,#3289,.F.);
#2199=ORIENTED_EDGE('',*,*,#3540,.F.);
#2200=ORIENTED_EDGE('',*,*,#3465,.F.);
#2201=ORIENTED_EDGE('',*,*,#3135,.F.);
#2202=ORIENTED_EDGE('',*,*,#3297,.F.);
#2203=ORIENTED_EDGE('',*,*,#3543,.F.);
#2204=ORIENTED_EDGE('',*,*,#3462,.F.);
#2205=ORIENTED_EDGE('',*,*,#3129,.F.);
#2206=ORIENTED_EDGE('',*,*,#3291,.F.);
#2207=ORIENTED_EDGE('',*,*,#3546,.F.);
#2208=ORIENTED_EDGE('',*,*,#3459,.F.);
#2209=ORIENTED_EDGE('',*,*,#3123,.F.);
#2210=ORIENTED_EDGE('',*,*,#3285,.F.);
#2211=ORIENTED_EDGE('',*,*,#3549,.F.);
#2212=ORIENTED_EDGE('',*,*,#3456,.F.);
#2213=ORIENTED_EDGE('',*,*,#3117,.F.);
#2214=ORIENTED_EDGE('',*,*,#3279,.F.);
#2215=ORIENTED_EDGE('',*,*,#3551,.F.);
#2216=ORIENTED_EDGE('',*,*,#3272,.F.);
#2217=ORIENTED_EDGE('',*,*,#2971,.F.);
#2218=ORIENTED_EDGE('',*,*,#3276,.F.);
#2219=ORIENTED_EDGE('',*,*,#3534,.F.);
#2220=ORIENTED_EDGE('',*,*,#3471,.F.);
#2221=ORIENTED_EDGE('',*,*,#3147,.F.);
#2222=ORIENTED_EDGE('',*,*,#3309,.F.);
#2223=ORIENTED_EDGE('',*,*,#3537,.F.);
#2224=ORIENTED_EDGE('',*,*,#3468,.F.);
#2225=ORIENTED_EDGE('',*,*,#3141,.F.);
#2226=ORIENTED_EDGE('',*,*,#3303,.F.);
#2227=ORIENTED_EDGE('',*,*,#3553,.F.);
#2228=ORIENTED_EDGE('',*,*,#3150,.T.);
#2229=ORIENTED_EDGE('',*,*,#3250,.T.);
#2230=ORIENTED_EDGE('',*,*,#3248,.T.);
#2231=ORIENTED_EDGE('',*,*,#3246,.T.);
#2232=ORIENTED_EDGE('',*,*,#3244,.T.);
#2233=ORIENTED_EDGE('',*,*,#3242,.T.);
#2234=ORIENTED_EDGE('',*,*,#3240,.T.);
#2235=ORIENTED_EDGE('',*,*,#3238,.T.);
#2236=ORIENTED_EDGE('',*,*,#3236,.T.);
#2237=ORIENTED_EDGE('',*,*,#3234,.T.);
#2238=ORIENTED_EDGE('',*,*,#3232,.T.);
#2239=ORIENTED_EDGE('',*,*,#3230,.T.);
#2240=ORIENTED_EDGE('',*,*,#3228,.T.);
#2241=ORIENTED_EDGE('',*,*,#3226,.T.);
#2242=ORIENTED_EDGE('',*,*,#3224,.T.);
#2243=ORIENTED_EDGE('',*,*,#3222,.T.);
#2244=ORIENTED_EDGE('',*,*,#3220,.T.);
#2245=ORIENTED_EDGE('',*,*,#3218,.T.);
#2246=ORIENTED_EDGE('',*,*,#3216,.T.);
#2247=ORIENTED_EDGE('',*,*,#3214,.T.);
#2248=ORIENTED_EDGE('',*,*,#3212,.T.);
#2249=ORIENTED_EDGE('',*,*,#3210,.T.);
#2250=ORIENTED_EDGE('',*,*,#3208,.T.);
#2251=ORIENTED_EDGE('',*,*,#3206,.T.);
#2252=ORIENTED_EDGE('',*,*,#3204,.T.);
#2253=ORIENTED_EDGE('',*,*,#3202,.T.);
#2254=ORIENTED_EDGE('',*,*,#3200,.T.);
#2255=ORIENTED_EDGE('',*,*,#3198,.T.);
#2256=ORIENTED_EDGE('',*,*,#3196,.T.);
#2257=ORIENTED_EDGE('',*,*,#3194,.T.);
#2258=ORIENTED_EDGE('',*,*,#3192,.T.);
#2259=ORIENTED_EDGE('',*,*,#3190,.T.);
#2260=ORIENTED_EDGE('',*,*,#3188,.T.);
#2261=ORIENTED_EDGE('',*,*,#3186,.T.);
#2262=ORIENTED_EDGE('',*,*,#3184,.T.);
#2263=ORIENTED_EDGE('',*,*,#3182,.T.);
#2264=ORIENTED_EDGE('',*,*,#3180,.T.);
#2265=ORIENTED_EDGE('',*,*,#3178,.T.);
#2266=ORIENTED_EDGE('',*,*,#3176,.T.);
#2267=ORIENTED_EDGE('',*,*,#3174,.T.);
#2268=ORIENTED_EDGE('',*,*,#3172,.T.);
#2269=ORIENTED_EDGE('',*,*,#3170,.T.);
#2270=ORIENTED_EDGE('',*,*,#3168,.T.);
#2271=ORIENTED_EDGE('',*,*,#3166,.T.);
#2272=ORIENTED_EDGE('',*,*,#3164,.T.);
#2273=ORIENTED_EDGE('',*,*,#3162,.T.);
#2274=ORIENTED_EDGE('',*,*,#3160,.T.);
#2275=ORIENTED_EDGE('',*,*,#3158,.T.);
#2276=ORIENTED_EDGE('',*,*,#3156,.T.);
#2277=ORIENTED_EDGE('',*,*,#3154,.T.);
#2278=ORIENTED_EDGE('',*,*,#3152,.T.);
#2279=ORIENTED_EDGE('',*,*,#3554,.T.);
#2280=ORIENTED_EDGE('',*,*,#3555,.T.);
#2281=ORIENTED_EDGE('',*,*,#3553,.T.);
#2282=ORIENTED_EDGE('',*,*,#3555,.F.);
#2283=ORIENTED_EDGE('',*,*,#3556,.T.);
#2284=ORIENTED_EDGE('',*,*,#3557,.T.);
#2285=ORIENTED_EDGE('',*,*,#3558,.T.);
#2286=ORIENTED_EDGE('',*,*,#3559,.T.);
#2287=ORIENTED_EDGE('',*,*,#3560,.T.);
#2288=ORIENTED_EDGE('',*,*,#3559,.F.);
#2289=ORIENTED_EDGE('',*,*,#3557,.F.);
#2290=ORIENTED_EDGE('',*,*,#3561,.T.);
#2291=ORIENTED_EDGE('',*,*,#3562,.T.);
#2292=ORIENTED_EDGE('',*,*,#3563,.T.);
#2293=ORIENTED_EDGE('',*,*,#3564,.T.);
#2294=ORIENTED_EDGE('',*,*,#3565,.T.);
#2295=ORIENTED_EDGE('',*,*,#3564,.F.);
#2296=ORIENTED_EDGE('',*,*,#3562,.F.);
#2297=ORIENTED_EDGE('',*,*,#3566,.T.);
#2298=ORIENTED_EDGE('',*,*,#3567,.T.);
#2299=ORIENTED_EDGE('',*,*,#2935,.T.);
#2300=ORIENTED_EDGE('',*,*,#3568,.T.);
#2301=ORIENTED_EDGE('',*,*,#3569,.T.);
#2302=ORIENTED_EDGE('',*,*,#3568,.F.);
#2303=ORIENTED_EDGE('',*,*,#3567,.F.);
#2304=ORIENTED_EDGE('',*,*,#3570,.T.);
#2305=ORIENTED_EDGE('',*,*,#3571,.T.);
#2306=ORIENTED_EDGE('',*,*,#3572,.T.);
#2307=ORIENTED_EDGE('',*,*,#3573,.T.);
#2308=ORIENTED_EDGE('',*,*,#3574,.T.);
#2309=ORIENTED_EDGE('',*,*,#3573,.F.);
#2310=ORIENTED_EDGE('',*,*,#3571,.F.);
#2311=ORIENTED_EDGE('',*,*,#3570,.F.);
#2312=ORIENTED_EDGE('',*,*,#3574,.F.);
#2313=ORIENTED_EDGE('',*,*,#3566,.F.);
#2314=ORIENTED_EDGE('',*,*,#3569,.F.);
#2315=ORIENTED_EDGE('',*,*,#3561,.F.);
#2316=ORIENTED_EDGE('',*,*,#3565,.F.);
#2317=ORIENTED_EDGE('',*,*,#3556,.F.);
#2318=ORIENTED_EDGE('',*,*,#3560,.F.);
#2319=ORIENTED_EDGE('',*,*,#3563,.F.);
#2320=ORIENTED_EDGE('',*,*,#2820,.F.);
#2321=ORIENTED_EDGE('',*,*,#3558,.F.);
#2322=ORIENTED_EDGE('',*,*,#2819,.F.);
#2323=ORIENTED_EDGE('',*,*,#3554,.F.);
#2324=ORIENTED_EDGE('',*,*,#2818,.F.);
#2325=ORIENTED_EDGE('',*,*,#3572,.F.);
#2326=ORIENTED_EDGE('',*,*,#2817,.F.);
#2327=ORIENTED_EDGE('',*,*,#2945,.F.);
#2328=ORIENTED_EDGE('',*,*,#2948,.F.);
#2329=ORIENTED_EDGE('',*,*,#2952,.F.);
#2330=ORIENTED_EDGE('',*,*,#2839,.F.);
#2331=ORIENTED_EDGE('',*,*,#2960,.F.);
#2332=ORIENTED_EDGE('',*,*,#2844,.F.);
#2333=ORIENTED_EDGE('',*,*,#2958,.F.);
#2334=ORIENTED_EDGE('',*,*,#2963,.F.);
#2335=ORIENTED_EDGE('',*,*,#2964,.F.);
#2336=ORIENTED_EDGE('',*,*,#2965,.F.);
#2337=ORIENTED_EDGE('',*,*,#2943,.F.);
#2338=ORIENTED_EDGE('',*,*,#2949,.T.);
#2339=ORIENTED_EDGE('',*,*,#2951,.T.);
#2340=ORIENTED_EDGE('',*,*,#2946,.F.);
#2341=ORIENTED_EDGE('',*,*,#2953,.T.);
#2342=ORIENTED_EDGE('',*,*,#2959,.T.);
#2343=ORIENTED_EDGE('',*,*,#2962,.T.);
#2344=ORIENTED_EDGE('',*,*,#2956,.T.);
#2345=ORIENTED_EDGE('',*,*,#3575,.F.);
#2346=ORIENTED_EDGE('',*,*,#3576,.F.);
#2347=ORIENTED_EDGE('',*,*,#3577,.T.);
#2348=ORIENTED_EDGE('',*,*,#3578,.F.);
#2349=ORIENTED_EDGE('',*,*,#2894,.F.);
#2350=ORIENTED_EDGE('',*,*,#3579,.F.);
#2351=ORIENTED_EDGE('',*,*,#3576,.T.);
#2352=ORIENTED_EDGE('',*,*,#3580,.T.);
#2353=ORIENTED_EDGE('',*,*,#2895,.F.);
#2354=ORIENTED_EDGE('',*,*,#3580,.F.);
#2355=ORIENTED_EDGE('',*,*,#3575,.T.);
#2356=ORIENTED_EDGE('',*,*,#3581,.T.);
#2357=ORIENTED_EDGE('',*,*,#2896,.F.);
#2358=ORIENTED_EDGE('',*,*,#3581,.F.);
#2359=ORIENTED_EDGE('',*,*,#3578,.T.);
#2360=ORIENTED_EDGE('',*,*,#3582,.T.);
#2361=ORIENTED_EDGE('',*,*,#2893,.T.);
#2362=ORIENTED_EDGE('',*,*,#3582,.F.);
#2363=ORIENTED_EDGE('',*,*,#3577,.F.);
#2364=ORIENTED_EDGE('',*,*,#3579,.T.);
#2365=ORIENTED_EDGE('',*,*,#2926,.T.);
#2366=ORIENTED_EDGE('',*,*,#2860,.F.);
#2367=ORIENTED_EDGE('',*,*,#3583,.F.);
#2368=ORIENTED_EDGE('',*,*,#2892,.T.);
#2369=ORIENTED_EDGE('',*,*,#2859,.T.);
#2370=ORIENTED_EDGE('',*,*,#3584,.T.);
#2371=ORIENTED_EDGE('',*,*,#2940,.T.);
#2372=ORIENTED_EDGE('',*,*,#2938,.F.);
#2373=ORIENTED_EDGE('',*,*,#3585,.F.);
#2374=ORIENTED_EDGE('',*,*,#3586,.T.);
#2375=ORIENTED_EDGE('',*,*,#3587,.F.);
#2376=ORIENTED_EDGE('',*,*,#3583,.T.);
#2377=ORIENTED_EDGE('',*,*,#3588,.T.);
#2378=ORIENTED_EDGE('',*,*,#3589,.T.);
#2379=ORIENTED_EDGE('',*,*,#3590,.T.);
#2380=ORIENTED_EDGE('',*,*,#3591,.T.);
#2381=ORIENTED_EDGE('',*,*,#3592,.T.);
#2382=ORIENTED_EDGE('',*,*,#3593,.T.);
#2383=ORIENTED_EDGE('',*,*,#3594,.T.);
#2384=ORIENTED_EDGE('',*,*,#3593,.F.);
#2385=ORIENTED_EDGE('',*,*,#3585,.T.);
#2386=ORIENTED_EDGE('',*,*,#2937,.T.);
#2387=ORIENTED_EDGE('',*,*,#2929,.T.);
#2388=ORIENTED_EDGE('',*,*,#3595,.T.);
#2389=ORIENTED_EDGE('',*,*,#3596,.T.);
#2390=ORIENTED_EDGE('',*,*,#3597,.T.);
#2391=ORIENTED_EDGE('',*,*,#3598,.T.);
#2392=ORIENTED_EDGE('',*,*,#3599,.T.);
#2393=ORIENTED_EDGE('',*,*,#2891,.T.);
#2394=ORIENTED_EDGE('',*,*,#3600,.T.);
#2395=ORIENTED_EDGE('',*,*,#3601,.T.);
#2396=ORIENTED_EDGE('',*,*,#2927,.F.);
#2397=ORIENTED_EDGE('',*,*,#3602,.T.);
#2398=ORIENTED_EDGE('',*,*,#3603,.T.);
#2399=ORIENTED_EDGE('',*,*,#2883,.F.);
#2400=ORIENTED_EDGE('',*,*,#3587,.T.);
#2401=ORIENTED_EDGE('',*,*,#3604,.T.);
#2402=ORIENTED_EDGE('',*,*,#3605,.T.);
#2403=ORIENTED_EDGE('',*,*,#3592,.F.);
#2404=ORIENTED_EDGE('',*,*,#3606,.T.);
#2405=ORIENTED_EDGE('',*,*,#3604,.F.);
#2406=ORIENTED_EDGE('',*,*,#3586,.F.);
#2407=ORIENTED_EDGE('',*,*,#3601,.F.);
#2408=ORIENTED_EDGE('',*,*,#3607,.T.);
#2409=ORIENTED_EDGE('',*,*,#3594,.F.);
#2410=ORIENTED_EDGE('',*,*,#2928,.F.);
#2411=ORIENTED_EDGE('',*,*,#3608,.T.);
#2412=ORIENTED_EDGE('',*,*,#3609,.T.);
#2413=ORIENTED_EDGE('',*,*,#3610,.F.);
#2414=ORIENTED_EDGE('',*,*,#3611,.F.);
#2415=ORIENTED_EDGE('',*,*,#3612,.T.);
#2416=ORIENTED_EDGE('',*,*,#3613,.T.);
#2417=ORIENTED_EDGE('',*,*,#2829,.T.);
#2418=ORIENTED_EDGE('',*,*,#3614,.T.);
#2419=ORIENTED_EDGE('',*,*,#3611,.T.);
#2420=ORIENTED_EDGE('',*,*,#3615,.T.);
#2421=ORIENTED_EDGE('',*,*,#3616,.T.);
#2422=ORIENTED_EDGE('',*,*,#2914,.T.);
#2423=ORIENTED_EDGE('',*,*,#3617,.T.);
#2424=ORIENTED_EDGE('',*,*,#3612,.F.);
#2425=ORIENTED_EDGE('',*,*,#3618,.T.);
#2426=ORIENTED_EDGE('',*,*,#2915,.T.);
#2427=ORIENTED_EDGE('',*,*,#3618,.F.);
#2428=ORIENTED_EDGE('',*,*,#3616,.F.);
#2429=ORIENTED_EDGE('',*,*,#3619,.T.);
#2430=ORIENTED_EDGE('',*,*,#3620,.T.);
#2431=ORIENTED_EDGE('',*,*,#3610,.T.);
#2432=ORIENTED_EDGE('',*,*,#3621,.T.);
#2433=ORIENTED_EDGE('',*,*,#3619,.F.);
#2434=ORIENTED_EDGE('',*,*,#3615,.F.);
#2435=ORIENTED_EDGE('',*,*,#2835,.F.);
#2436=ORIENTED_EDGE('',*,*,#2936,.T.);
#2437=ORIENTED_EDGE('',*,*,#2833,.F.);
#2438=ORIENTED_EDGE('',*,*,#3622,.T.);
#2439=ORIENTED_EDGE('',*,*,#3623,.T.);
#2440=ORIENTED_EDGE('',*,*,#3624,.T.);
#2441=ORIENTED_EDGE('',*,*,#3625,.T.);
#2442=ORIENTED_EDGE('',*,*,#3626,.T.);
#2443=ORIENTED_EDGE('',*,*,#3627,.T.);
#2444=ORIENTED_EDGE('',*,*,#3628,.T.);
#2445=ORIENTED_EDGE('',*,*,#2933,.T.);
#2446=ORIENTED_EDGE('',*,*,#2856,.T.);
#2447=ORIENTED_EDGE('',*,*,#3625,.F.);
#2448=ORIENTED_EDGE('',*,*,#3629,.F.);
#2449=ORIENTED_EDGE('',*,*,#3630,.T.);
#2450=ORIENTED_EDGE('',*,*,#3631,.T.);
#2451=ORIENTED_EDGE('',*,*,#3632,.T.);
#2452=ORIENTED_EDGE('',*,*,#3633,.T.);
#2453=ORIENTED_EDGE('',*,*,#3623,.F.);
#2454=ORIENTED_EDGE('',*,*,#3634,.T.);
#2455=ORIENTED_EDGE('',*,*,#3635,.T.);
#2456=ORIENTED_EDGE('',*,*,#3636,.T.);
#2457=ORIENTED_EDGE('',*,*,#3637,.F.);
#2458=ORIENTED_EDGE('',*,*,#3638,.T.);
#2459=ORIENTED_EDGE('',*,*,#3639,.T.);
#2460=ORIENTED_EDGE('',*,*,#3640,.T.);
#2461=ORIENTED_EDGE('',*,*,#3641,.T.);
#2462=ORIENTED_EDGE('',*,*,#3642,.T.);
#2463=ORIENTED_EDGE('',*,*,#3640,.F.);
#2464=ORIENTED_EDGE('',*,*,#3643,.T.);
#2465=ORIENTED_EDGE('',*,*,#3644,.T.);
#2466=ORIENTED_EDGE('',*,*,#3645,.F.);
#2467=ORIENTED_EDGE('',*,*,#3646,.T.);
#2468=ORIENTED_EDGE('',*,*,#3647,.T.);
#2469=ORIENTED_EDGE('',*,*,#3648,.T.);
#2470=ORIENTED_EDGE('',*,*,#3649,.T.);
#2471=ORIENTED_EDGE('',*,*,#3650,.T.);
#2472=ORIENTED_EDGE('',*,*,#3638,.F.);
#2473=ORIENTED_EDGE('',*,*,#3650,.F.);
#2474=ORIENTED_EDGE('',*,*,#3651,.T.);
#2475=ORIENTED_EDGE('',*,*,#3643,.F.);
#2476=ORIENTED_EDGE('',*,*,#3639,.F.);
#2477=ORIENTED_EDGE('',*,*,#3652,.T.);
#2478=ORIENTED_EDGE('',*,*,#3653,.T.);
#2479=ORIENTED_EDGE('',*,*,#3652,.F.);
#2480=ORIENTED_EDGE('',*,*,#3653,.F.);
#2481=ORIENTED_EDGE('',*,*,#2910,.F.);
#2482=ORIENTED_EDGE('',*,*,#3654,.T.);
#2483=ORIENTED_EDGE('',*,*,#3645,.T.);
#2484=ORIENTED_EDGE('',*,*,#3637,.T.);
#2485=ORIENTED_EDGE('',*,*,#3655,.T.);
#2486=ORIENTED_EDGE('',*,*,#2906,.F.);
#2487=ORIENTED_EDGE('',*,*,#3624,.F.);
#2488=ORIENTED_EDGE('',*,*,#3633,.F.);
#2489=ORIENTED_EDGE('',*,*,#3656,.T.);
#2490=ORIENTED_EDGE('',*,*,#3629,.T.);
#2491=ORIENTED_EDGE('',*,*,#3657,.T.);
#2492=ORIENTED_EDGE('',*,*,#3626,.F.);
#2493=ORIENTED_EDGE('',*,*,#3632,.F.);
#2494=ORIENTED_EDGE('',*,*,#3658,.T.);
#2495=ORIENTED_EDGE('',*,*,#2901,.T.);
#2496=ORIENTED_EDGE('',*,*,#3659,.T.);
#2497=ORIENTED_EDGE('',*,*,#3627,.F.);
#2498=ORIENTED_EDGE('',*,*,#3656,.F.);
#2499=ORIENTED_EDGE('',*,*,#3657,.F.);
#2500=ORIENTED_EDGE('',*,*,#3622,.F.);
#2501=ORIENTED_EDGE('',*,*,#2832,.F.);
#2502=ORIENTED_EDGE('',*,*,#3660,.F.);
#2503=ORIENTED_EDGE('',*,*,#3634,.F.);
#2504=ORIENTED_EDGE('',*,*,#2912,.F.);
#2505=ORIENTED_EDGE('',*,*,#3661,.T.);
#2506=ORIENTED_EDGE('',*,*,#3630,.F.);
#2507=ORIENTED_EDGE('',*,*,#3660,.T.);
#2508=ORIENTED_EDGE('',*,*,#3614,.F.);
#2509=ORIENTED_EDGE('',*,*,#2828,.F.);
#2510=ORIENTED_EDGE('',*,*,#3662,.F.);
#2511=ORIENTED_EDGE('',*,*,#3608,.F.);
#2512=ORIENTED_EDGE('',*,*,#3662,.T.);
#2513=ORIENTED_EDGE('',*,*,#2917,.F.);
#2514=ORIENTED_EDGE('',*,*,#3663,.F.);
#2515=ORIENTED_EDGE('',*,*,#3609,.F.);
#2516=ORIENTED_EDGE('',*,*,#3663,.T.);
#2517=ORIENTED_EDGE('',*,*,#2916,.F.);
#2518=ORIENTED_EDGE('',*,*,#3620,.F.);
#2519=ORIENTED_EDGE('',*,*,#3621,.F.);
#2520=ORIENTED_EDGE('',*,*,#2922,.F.);
#2521=ORIENTED_EDGE('',*,*,#3664,.T.);
#2522=ORIENTED_EDGE('',*,*,#3635,.F.);
#2523=ORIENTED_EDGE('',*,*,#3665,.F.);
#2524=ORIENTED_EDGE('',*,*,#3665,.T.);
#2525=ORIENTED_EDGE('',*,*,#3642,.F.);
#2526=ORIENTED_EDGE('',*,*,#3666,.F.);
#2527=ORIENTED_EDGE('',*,*,#3260,.F.);
#2528=ORIENTED_EDGE('',*,*,#2923,.F.);
#2529=ORIENTED_EDGE('',*,*,#3647,.F.);
#2530=ORIENTED_EDGE('',*,*,#3667,.T.);
#2531=ORIENTED_EDGE('',*,*,#2919,.F.);
#2532=ORIENTED_EDGE('',*,*,#3257,.F.);
#2533=ORIENTED_EDGE('',*,*,#3668,.F.);
#2534=ORIENTED_EDGE('',*,*,#3641,.F.);
#2535=ORIENTED_EDGE('',*,*,#3669,.F.);
#2536=ORIENTED_EDGE('',*,*,#3261,.F.);
#2537=ORIENTED_EDGE('',*,*,#3666,.T.);
#2538=ORIENTED_EDGE('',*,*,#3668,.T.);
#2539=ORIENTED_EDGE('',*,*,#3256,.F.);
#2540=ORIENTED_EDGE('',*,*,#3670,.F.);
#2541=ORIENTED_EDGE('',*,*,#3648,.F.);
#2542=ORIENTED_EDGE('',*,*,#3644,.F.);
#2543=ORIENTED_EDGE('',*,*,#3651,.F.);
#2544=ORIENTED_EDGE('',*,*,#3649,.F.);
#2545=ORIENTED_EDGE('',*,*,#3670,.T.);
#2546=ORIENTED_EDGE('',*,*,#3262,.F.);
#2547=ORIENTED_EDGE('',*,*,#3669,.T.);
#2548=ORIENTED_EDGE('',*,*,#3655,.F.);
#2549=ORIENTED_EDGE('',*,*,#3636,.F.);
#2550=ORIENTED_EDGE('',*,*,#3671,.F.);
#2551=ORIENTED_EDGE('',*,*,#2902,.F.);
#2552=ORIENTED_EDGE('',*,*,#3671,.T.);
#2553=ORIENTED_EDGE('',*,*,#3664,.F.);
#2554=ORIENTED_EDGE('',*,*,#2921,.F.);
#2555=ORIENTED_EDGE('',*,*,#2903,.F.);
#2556=ORIENTED_EDGE('',*,*,#3659,.F.);
#2557=ORIENTED_EDGE('',*,*,#2900,.F.);
#2558=ORIENTED_EDGE('',*,*,#2934,.F.);
#2559=ORIENTED_EDGE('',*,*,#3628,.F.);
#2560=ORIENTED_EDGE('',*,*,#3613,.F.);
#2561=ORIENTED_EDGE('',*,*,#3617,.F.);
#2562=ORIENTED_EDGE('',*,*,#2913,.F.);
#2563=ORIENTED_EDGE('',*,*,#2830,.F.);
#2564=ORIENTED_EDGE('',*,*,#3271,.F.);
#2565=ORIENTED_EDGE('',*,*,#3255,.F.);
#2566=ORIENTED_EDGE('',*,*,#3672,.F.);
#2567=ORIENTED_EDGE('',*,*,#2873,.F.);
#2568=ORIENTED_EDGE('',*,*,#3528,.F.);
#2569=ORIENTED_EDGE('',*,*,#3673,.T.);
#2570=ORIENTED_EDGE('',*,*,#2866,.F.);
#2571=ORIENTED_EDGE('',*,*,#3674,.F.);
#2572=ORIENTED_EDGE('',*,*,#2887,.F.);
#2573=ORIENTED_EDGE('',*,*,#3675,.T.);
#2574=ORIENTED_EDGE('',*,*,#3676,.F.);
#2575=ORIENTED_EDGE('',*,*,#3677,.T.);
#2576=ORIENTED_EDGE('',*,*,#3531,.F.);
#2577=ORIENTED_EDGE('',*,*,#3678,.F.);
#2578=ORIENTED_EDGE('',*,*,#3269,.F.);
#2579=ORIENTED_EDGE('',*,*,#2888,.F.);
#2580=ORIENTED_EDGE('',*,*,#3679,.F.);
#2581=ORIENTED_EDGE('',*,*,#3267,.F.);
#2582=ORIENTED_EDGE('',*,*,#3674,.T.);
#2583=ORIENTED_EDGE('',*,*,#3672,.T.);
#2584=ORIENTED_EDGE('',*,*,#3680,.F.);
#2585=ORIENTED_EDGE('',*,*,#3679,.T.);
#2586=ORIENTED_EDGE('',*,*,#3678,.T.);
#2587=ORIENTED_EDGE('',*,*,#3681,.F.);
#2588=ORIENTED_EDGE('',*,*,#3680,.T.);
#2589=ORIENTED_EDGE('',*,*,#3254,.F.);
#2590=ORIENTED_EDGE('',*,*,#3682,.F.);
#2591=ORIENTED_EDGE('',*,*,#3529,.F.);
#2592=ORIENTED_EDGE('',*,*,#3681,.T.);
#2593=ORIENTED_EDGE('',*,*,#3530,.F.);
#2594=ORIENTED_EDGE('',*,*,#3683,.F.);
#2595=ORIENTED_EDGE('',*,*,#3264,.F.);
#2596=ORIENTED_EDGE('',*,*,#3683,.T.);
#2597=ORIENTED_EDGE('',*,*,#3682,.T.);
#2598=ORIENTED_EDGE('',*,*,#3684,.F.);
#2599=ORIENTED_EDGE('',*,*,#3684,.T.);
#2600=ORIENTED_EDGE('',*,*,#3253,.F.);
#2601=ORIENTED_EDGE('',*,*,#3270,.F.);
#2602=ORIENTED_EDGE('',*,*,#3265,.F.);
#2603=ORIENTED_EDGE('',*,*,#3654,.F.);
#2604=ORIENTED_EDGE('',*,*,#2909,.F.);
#2605=ORIENTED_EDGE('',*,*,#3685,.F.);
#2606=ORIENTED_EDGE('',*,*,#3646,.F.);
#2607=ORIENTED_EDGE('',*,*,#2920,.F.);
#2608=ORIENTED_EDGE('',*,*,#3667,.F.);
#2609=ORIENTED_EDGE('',*,*,#3685,.T.);
#2610=ORIENTED_EDGE('',*,*,#2908,.F.);
#2611=ORIENTED_EDGE('',*,*,#3658,.F.);
#2612=ORIENTED_EDGE('',*,*,#3631,.F.);
#2613=ORIENTED_EDGE('',*,*,#3686,.F.);
#2614=ORIENTED_EDGE('',*,*,#2897,.F.);
#2615=ORIENTED_EDGE('',*,*,#3686,.T.);
#2616=ORIENTED_EDGE('',*,*,#3661,.F.);
#2617=ORIENTED_EDGE('',*,*,#2911,.F.);
#2618=ORIENTED_EDGE('',*,*,#2898,.F.);
#2619=ORIENTED_EDGE('',*,*,#3687,.T.);
#2620=ORIENTED_EDGE('',*,*,#3688,.T.);
#2621=ORIENTED_EDGE('',*,*,#3689,.T.);
#2622=ORIENTED_EDGE('',*,*,#3676,.T.);
#2623=ORIENTED_EDGE('',*,*,#3268,.F.);
#2624=ORIENTED_EDGE('',*,*,#2871,.F.);
#2625=ORIENTED_EDGE('',*,*,#3690,.F.);
#2626=ORIENTED_EDGE('',*,*,#2890,.F.);
#2627=ORIENTED_EDGE('',*,*,#3690,.T.);
#2628=ORIENTED_EDGE('',*,*,#2870,.F.);
#2629=ORIENTED_EDGE('',*,*,#3691,.F.);
#2630=ORIENTED_EDGE('',*,*,#3600,.F.);
#2631=ORIENTED_EDGE('',*,*,#3691,.T.);
#2632=ORIENTED_EDGE('',*,*,#2869,.F.);
#2633=ORIENTED_EDGE('',*,*,#3692,.F.);
#2634=ORIENTED_EDGE('',*,*,#3607,.F.);
#2635=ORIENTED_EDGE('',*,*,#2868,.F.);
#2636=ORIENTED_EDGE('',*,*,#3693,.T.);
#2637=ORIENTED_EDGE('',*,*,#3588,.F.);
#2638=ORIENTED_EDGE('',*,*,#3692,.T.);
#2639=ORIENTED_EDGE('',*,*,#3689,.F.);
#2640=ORIENTED_EDGE('',*,*,#3694,.T.);
#2641=ORIENTED_EDGE('',*,*,#2867,.F.);
#2642=ORIENTED_EDGE('',*,*,#3695,.F.);
#2643=ORIENTED_EDGE('',*,*,#3695,.T.);
#2644=ORIENTED_EDGE('',*,*,#3673,.F.);
#2645=ORIENTED_EDGE('',*,*,#3677,.F.);
#2646=ORIENTED_EDGE('',*,*,#2884,.F.);
#2647=ORIENTED_EDGE('',*,*,#3603,.F.);
#2648=ORIENTED_EDGE('',*,*,#3696,.F.);
#2649=ORIENTED_EDGE('',*,*,#3697,.F.);
#2650=ORIENTED_EDGE('',*,*,#3602,.F.);
#2651=ORIENTED_EDGE('',*,*,#3698,.F.);
#2652=ORIENTED_EDGE('',*,*,#3597,.F.);
#2653=ORIENTED_EDGE('',*,*,#3696,.T.);
#2654=ORIENTED_EDGE('',*,*,#3697,.T.);
#2655=ORIENTED_EDGE('',*,*,#3596,.F.);
#2656=ORIENTED_EDGE('',*,*,#3699,.F.);
#2657=ORIENTED_EDGE('',*,*,#2885,.F.);
#2658=ORIENTED_EDGE('',*,*,#3606,.F.);
#2659=ORIENTED_EDGE('',*,*,#3591,.F.);
#2660=ORIENTED_EDGE('',*,*,#3700,.F.);
#2661=ORIENTED_EDGE('',*,*,#3598,.F.);
#2662=ORIENTED_EDGE('',*,*,#3698,.T.);
#2663=ORIENTED_EDGE('',*,*,#3605,.F.);
#2664=ORIENTED_EDGE('',*,*,#3701,.F.);
#2665=ORIENTED_EDGE('',*,*,#2886,.F.);
#2666=ORIENTED_EDGE('',*,*,#3699,.T.);
#2667=ORIENTED_EDGE('',*,*,#3702,.F.);
#2668=ORIENTED_EDGE('',*,*,#3675,.F.);
#2669=ORIENTED_EDGE('',*,*,#3701,.T.);
#2670=ORIENTED_EDGE('',*,*,#3703,.F.);
#2671=ORIENTED_EDGE('',*,*,#3700,.T.);
#2672=ORIENTED_EDGE('',*,*,#3590,.F.);
#2673=ORIENTED_EDGE('',*,*,#3704,.F.);
#2674=ORIENTED_EDGE('',*,*,#3599,.F.);
#2675=ORIENTED_EDGE('',*,*,#3702,.T.);
#2676=ORIENTED_EDGE('',*,*,#3595,.F.);
#2677=ORIENTED_EDGE('',*,*,#3705,.F.);
#2678=ORIENTED_EDGE('',*,*,#3687,.F.);
#2679=ORIENTED_EDGE('',*,*,#3703,.T.);
#2680=ORIENTED_EDGE('',*,*,#3705,.T.);
#2681=ORIENTED_EDGE('',*,*,#3704,.T.);
#2682=ORIENTED_EDGE('',*,*,#3706,.F.);
#2683=ORIENTED_EDGE('',*,*,#3706,.T.);
#2684=ORIENTED_EDGE('',*,*,#3589,.F.);
#2685=ORIENTED_EDGE('',*,*,#3707,.F.);
#2686=ORIENTED_EDGE('',*,*,#3688,.F.);
#2687=ORIENTED_EDGE('',*,*,#3707,.T.);
#2688=ORIENTED_EDGE('',*,*,#3693,.F.);
#2689=ORIENTED_EDGE('',*,*,#3694,.F.);
#2690=ORIENTED_EDGE('',*,*,#3584,.F.);
#2691=ORIENTED_EDGE('',*,*,#2858,.F.);
#2692=ORIENTED_EDGE('',*,*,#2932,.F.);
#2693=ORIENTED_EDGE('',*,*,#2941,.F.);
#2694=ORIENTED_EDGE('',*,*,#3708,.T.);
#2695=ORIENTED_EDGE('',*,*,#3709,.T.);
#2696=ORIENTED_EDGE('',*,*,#3710,.F.);
#2697=ORIENTED_EDGE('',*,*,#3711,.T.);
#2698=ORIENTED_EDGE('',*,*,#2877,.F.);
#2699=ORIENTED_EDGE('',*,*,#3712,.T.);
#2700=ORIENTED_EDGE('',*,*,#3708,.F.);
#2701=ORIENTED_EDGE('',*,*,#3713,.T.);
#2702=ORIENTED_EDGE('',*,*,#3714,.T.);
#2703=ORIENTED_EDGE('',*,*,#3710,.T.);
#2704=ORIENTED_EDGE('',*,*,#3715,.T.);
#2705=ORIENTED_EDGE('',*,*,#3716,.F.);
#2706=ORIENTED_EDGE('',*,*,#3717,.T.);
#2707=ORIENTED_EDGE('',*,*,#3714,.F.);
#2708=ORIENTED_EDGE('',*,*,#3718,.F.);
#2709=ORIENTED_EDGE('',*,*,#3719,.T.);
#2710=ORIENTED_EDGE('',*,*,#2878,.T.);
#2711=ORIENTED_EDGE('',*,*,#3720,.T.);
#2712=ORIENTED_EDGE('',*,*,#3721,.T.);
#2713=ORIENTED_EDGE('',*,*,#2879,.T.);
#2714=ORIENTED_EDGE('',*,*,#3719,.F.);
#2715=ORIENTED_EDGE('',*,*,#3722,.F.);
#2716=ORIENTED_EDGE('',*,*,#3723,.T.);
#2717=ORIENTED_EDGE('',*,*,#3724,.T.);
#2718=ORIENTED_EDGE('',*,*,#3720,.F.);
#2719=ORIENTED_EDGE('',*,*,#3725,.T.);
#2720=ORIENTED_EDGE('',*,*,#3726,.T.);
#2721=ORIENTED_EDGE('',*,*,#3727,.T.);
#2722=ORIENTED_EDGE('',*,*,#3723,.F.);
#2723=ORIENTED_EDGE('',*,*,#3728,.F.);
#2724=ORIENTED_EDGE('',*,*,#3716,.T.);
#2725=ORIENTED_EDGE('',*,*,#3729,.T.);
#2726=ORIENTED_EDGE('',*,*,#3726,.F.);
#2727=ORIENTED_EDGE('',*,*,#3730,.F.);
#2728=ORIENTED_EDGE('',*,*,#2848,.T.);
#2729=ORIENTED_EDGE('',*,*,#3731,.F.);
#2730=ORIENTED_EDGE('',*,*,#3732,.F.);
#2731=ORIENTED_EDGE('',*,*,#3733,.T.);
#2732=ORIENTED_EDGE('',*,*,#2849,.F.);
#2733=ORIENTED_EDGE('',*,*,#3733,.F.);
#2734=ORIENTED_EDGE('',*,*,#3734,.T.);
#2735=ORIENTED_EDGE('',*,*,#3735,.T.);
#2736=ORIENTED_EDGE('',*,*,#2850,.F.);
#2737=ORIENTED_EDGE('',*,*,#3735,.F.);
#2738=ORIENTED_EDGE('',*,*,#3736,.T.);
#2739=ORIENTED_EDGE('',*,*,#3737,.T.);
#2740=ORIENTED_EDGE('',*,*,#2847,.T.);
#2741=ORIENTED_EDGE('',*,*,#3737,.F.);
#2742=ORIENTED_EDGE('',*,*,#3738,.F.);
#2743=ORIENTED_EDGE('',*,*,#3731,.T.);
#2744=ORIENTED_EDGE('',*,*,#3732,.T.);
#2745=ORIENTED_EDGE('',*,*,#3738,.T.);
#2746=ORIENTED_EDGE('',*,*,#3736,.F.);
#2747=ORIENTED_EDGE('',*,*,#3734,.F.);
#2748=ORIENTED_EDGE('',*,*,#3730,.T.);
#2749=ORIENTED_EDGE('',*,*,#3728,.T.);
#2750=ORIENTED_EDGE('',*,*,#3725,.F.);
#2751=ORIENTED_EDGE('',*,*,#3722,.T.);
#2752=ORIENTED_EDGE('',*,*,#3718,.T.);
#2753=ORIENTED_EDGE('',*,*,#3713,.F.);
#2754=ORIENTED_EDGE('',*,*,#3711,.F.);
#2755=ORIENTED_EDGE('',*,*,#3717,.F.);
#2756=ORIENTED_EDGE('',*,*,#3721,.F.);
#2757=ORIENTED_EDGE('',*,*,#3724,.F.);
#2758=ORIENTED_EDGE('',*,*,#3739,.F.);
#2759=ORIENTED_EDGE('',*,*,#2880,.F.);
#2760=ORIENTED_EDGE('',*,*,#3739,.T.);
#2761=ORIENTED_EDGE('',*,*,#3727,.F.);
#2762=ORIENTED_EDGE('',*,*,#3740,.F.);
#2763=ORIENTED_EDGE('',*,*,#2881,.F.);
#2764=ORIENTED_EDGE('',*,*,#3740,.T.);
#2765=ORIENTED_EDGE('',*,*,#3729,.F.);
#2766=ORIENTED_EDGE('',*,*,#3741,.F.);
#2767=ORIENTED_EDGE('',*,*,#2882,.F.);
#2768=ORIENTED_EDGE('',*,*,#3741,.T.);
#2769=ORIENTED_EDGE('',*,*,#3715,.F.);
#2770=ORIENTED_EDGE('',*,*,#3742,.F.);
#2771=ORIENTED_EDGE('',*,*,#2875,.F.);
#2772=ORIENTED_EDGE('',*,*,#3742,.T.);
#2773=ORIENTED_EDGE('',*,*,#3709,.F.);
#2774=ORIENTED_EDGE('',*,*,#3712,.F.);
#2775=ORIENTED_EDGE('',*,*,#2876,.F.);
#2776=ORIENTED_EDGE('',*,*,#3743,.T.);
#2777=ORIENTED_EDGE('',*,*,#2864,.T.);
#2778=ORIENTED_EDGE('',*,*,#2855,.F.);
#2779=ORIENTED_EDGE('',*,*,#3744,.F.);
#2780=ORIENTED_EDGE('',*,*,#3745,.T.);
#2781=ORIENTED_EDGE('',*,*,#2821,.T.);
#2782=ORIENTED_EDGE('',*,*,#2854,.F.);
#2783=ORIENTED_EDGE('',*,*,#3746,.F.);
#2784=ORIENTED_EDGE('',*,*,#3747,.T.);
#2785=ORIENTED_EDGE('',*,*,#3744,.T.);
#2786=ORIENTED_EDGE('',*,*,#2853,.F.);
#2787=ORIENTED_EDGE('',*,*,#3748,.F.);
#2788=ORIENTED_EDGE('',*,*,#3749,.T.);
#2789=ORIENTED_EDGE('',*,*,#3746,.T.);
#2790=ORIENTED_EDGE('',*,*,#2852,.T.);
#2791=ORIENTED_EDGE('',*,*,#3750,.F.);
#2792=ORIENTED_EDGE('',*,*,#3751,.F.);
#2793=ORIENTED_EDGE('',*,*,#3748,.T.);
#2794=ORIENTED_EDGE('',*,*,#3752,.T.);
#2795=ORIENTED_EDGE('',*,*,#2865,.F.);
#2796=ORIENTED_EDGE('',*,*,#2851,.F.);
#2797=ORIENTED_EDGE('',*,*,#2823,.F.);
#2798=ORIENTED_EDGE('',*,*,#3753,.T.);
#2799=ORIENTED_EDGE('',*,*,#3750,.T.);
#2800=ORIENTED_EDGE('',*,*,#3754,.T.);
#2801=ORIENTED_EDGE('',*,*,#3755,.F.);
#2802=ORIENTED_EDGE('',*,*,#3756,.T.);
#2803=ORIENTED_EDGE('',*,*,#3757,.T.);
#2804=ORIENTED_EDGE('',*,*,#2822,.F.);
#2805=ORIENTED_EDGE('',*,*,#3745,.F.);
#2806=ORIENTED_EDGE('',*,*,#3747,.F.);
#2807=ORIENTED_EDGE('',*,*,#3749,.F.);
#2808=ORIENTED_EDGE('',*,*,#3751,.T.);
#2809=ORIENTED_EDGE('',*,*,#3753,.F.);
#2810=ORIENTED_EDGE('',*,*,#3755,.T.);
#2811=ORIENTED_EDGE('',*,*,#3757,.F.);
#2812=ORIENTED_EDGE('',*,*,#3754,.F.);
#2813=ORIENTED_EDGE('',*,*,#3743,.F.);
#2814=ORIENTED_EDGE('',*,*,#2874,.F.);
#2815=ORIENTED_EDGE('',*,*,#3756,.F.);
#2816=ORIENTED_EDGE('',*,*,#3752,.F.);
#2817=EDGE_CURVE('',#3758,#3758,#4481,.T.);
#2818=EDGE_CURVE('',#3759,#3759,#4482,.T.);
#2819=EDGE_CURVE('',#3760,#3760,#4483,.T.);
#2820=EDGE_CURVE('',#3761,#3761,#4484,.T.);
#2821=EDGE_CURVE('',#3762,#3763,#365,.T.);
#2822=EDGE_CURVE('',#3762,#3764,#366,.T.);
#2823=EDGE_CURVE('',#3764,#3765,#367,.T.);
#2824=EDGE_CURVE('',#3765,#3766,#368,.T.);
#2825=EDGE_CURVE('',#3766,#3767,#369,.T.);
#2826=EDGE_CURVE('',#3768,#3767,#370,.T.);
#2827=EDGE_CURVE('',#3769,#3768,#371,.T.);
#2828=EDGE_CURVE('',#3769,#3770,#372,.F.);
#2829=EDGE_CURVE('',#3771,#3770,#373,.T.);
#2830=EDGE_CURVE('',#3771,#3772,#374,.T.);
#2831=EDGE_CURVE('',#3773,#3772,#375,.T.);
#2832=EDGE_CURVE('',#3773,#3774,#376,.F.);
#2833=EDGE_CURVE('',#3774,#3775,#377,.T.);
#2834=EDGE_CURVE('',#3775,#3776,#4485,.T.);
#2835=EDGE_CURVE('',#3776,#3777,#378,.T.);
#2836=EDGE_CURVE('',#3777,#3763,#379,.T.);
#2837=EDGE_CURVE('',#3778,#3778,#4486,.T.);
#2838=EDGE_CURVE('',#3779,#3779,#4487,.T.);
#2839=EDGE_CURVE('',#3780,#3781,#380,.T.);
#2840=EDGE_CURVE('',#3782,#3781,#381,.T.);
#2841=EDGE_CURVE('',#3783,#3782,#382,.T.);
#2842=EDGE_CURVE('',#3783,#3780,#383,.T.);
#2843=EDGE_CURVE('',#3784,#3785,#384,.T.);
#2844=EDGE_CURVE('',#3784,#3786,#385,.T.);
#2845=EDGE_CURVE('',#3787,#3786,#386,.T.);
#2846=EDGE_CURVE('',#3785,#3787,#387,.T.);
#2847=EDGE_CURVE('',#3788,#3789,#388,.T.);
#2848=EDGE_CURVE('',#3790,#3788,#389,.T.);
#2849=EDGE_CURVE('',#3790,#3791,#390,.T.);
#2850=EDGE_CURVE('',#3791,#3789,#391,.T.);
#2851=EDGE_CURVE('',#3765,#3792,#392,.T.);
#2852=EDGE_CURVE('',#3793,#3792,#4488,.T.);
#2853=EDGE_CURVE('',#3793,#3794,#393,.T.);
#2854=EDGE_CURVE('',#3794,#3795,#4489,.T.);
#2855=EDGE_CURVE('',#3795,#3763,#394,.T.);
#2856=EDGE_CURVE('',#3796,#3777,#395,.T.);
#2857=EDGE_CURVE('',#3796,#3797,#396,.T.);
#2858=EDGE_CURVE('',#3797,#3798,#397,.F.);
#2859=EDGE_CURVE('',#3799,#3798,#398,.T.);
#2860=EDGE_CURVE('',#3799,#3800,#399,.T.);
#2861=EDGE_CURVE('',#3800,#3801,#400,.T.);
#2862=EDGE_CURVE('',#3801,#3802,#401,.T.);
#2863=EDGE_CURVE('',#3766,#3802,#402,.T.);
#2864=EDGE_CURVE('',#3803,#3803,#4490,.T.);
#2865=EDGE_CURVE('',#3804,#3804,#4491,.T.);
#2866=EDGE_CURVE('',#3805,#3806,#403,.F.);
#2867=EDGE_CURVE('',#3806,#3807,#404,.T.);
#2868=EDGE_CURVE('',#3807,#3808,#405,.T.);
#2869=EDGE_CURVE('',#3808,#3809,#406,.T.);
#2870=EDGE_CURVE('',#3809,#3810,#407,.F.);
#2871=EDGE_CURVE('',#3810,#3811,#408,.T.);
#2872=EDGE_CURVE('',#3811,#3812,#409,.T.);
#2873=EDGE_CURVE('',#3812,#3805,#410,.F.);
#2874=EDGE_CURVE('',#3813,#3813,#4492,.F.);
#2875=EDGE_CURVE('',#3814,#3815,#411,.T.);
#2876=EDGE_CURVE('',#3815,#3816,#412,.T.);
#2877=EDGE_CURVE('',#3816,#3817,#413,.T.);
#2878=EDGE_CURVE('',#3818,#3817,#414,.T.);
#2879=EDGE_CURVE('',#3819,#3818,#415,.T.);
#2880=EDGE_CURVE('',#3819,#3820,#416,.T.);
#2881=EDGE_CURVE('',#3820,#3821,#417,.T.);
#2882=EDGE_CURVE('',#3821,#3814,#418,.T.);
#2883=EDGE_CURVE('',#3822,#3823,#419,.T.);
#2884=EDGE_CURVE('',#3823,#3824,#336,.F.);
#2885=EDGE_CURVE('',#3824,#3825,#420,.T.);
#2886=EDGE_CURVE('',#3825,#3826,#337,.F.);
#2887=EDGE_CURVE('',#3826,#3827,#421,.T.);
#2888=EDGE_CURVE('',#3827,#3828,#422,.T.);
#2889=EDGE_CURVE('',#3829,#3828,#423,.T.);
#2890=EDGE_CURVE('',#3829,#3830,#424,.F.);
#2891=EDGE_CURVE('',#3831,#3830,#425,.T.);
#2892=EDGE_CURVE('',#3822,#3831,#426,.T.);
#2893=EDGE_CURVE('',#3832,#3833,#4493,.T.);
#2894=EDGE_CURVE('',#3832,#3834,#427,.F.);
#2895=EDGE_CURVE('',#3834,#3835,#4494,.F.);
#2896=EDGE_CURVE('',#3835,#3833,#428,.F.);
#2897=EDGE_CURVE('',#3836,#3837,#429,.T.);
#2898=EDGE_CURVE('',#3837,#3838,#338,.T.);
#2899=EDGE_CURVE('',#3838,#3839,#430,.T.);
#2900=EDGE_CURVE('',#3839,#3840,#431,.F.);
#2901=EDGE_CURVE('',#3836,#3840,#432,.T.);
#2902=EDGE_CURVE('',#3841,#3842,#433,.T.);
#2903=EDGE_CURVE('',#3842,#3843,#329,.T.);
#2904=EDGE_CURVE('',#3844,#3843,#434,.T.);
#2905=EDGE_CURVE('',#3845,#3844,#435,.T.);
#2906=EDGE_CURVE('',#3845,#3841,#436,.T.);
#2907=EDGE_CURVE('',#3846,#3844,#437,.T.);
#2908=EDGE_CURVE('',#3846,#3847,#339,.F.);
#2909=EDGE_CURVE('',#3847,#3848,#438,.F.);
#2910=EDGE_CURVE('',#3848,#3845,#439,.T.);
#2911=EDGE_CURVE('',#3838,#3849,#330,.T.);
#2912=EDGE_CURVE('',#3849,#3773,#440,.F.);
#2913=EDGE_CURVE('',#3772,#3850,#4495,.F.);
#2914=EDGE_CURVE('',#3851,#3850,#441,.T.);
#2915=EDGE_CURVE('',#3852,#3851,#442,.T.);
#2916=EDGE_CURVE('',#3852,#3853,#443,.F.);
#2917=EDGE_CURVE('',#3853,#3769,#444,.F.);
#2918=EDGE_CURVE('',#3768,#3854,#445,.T.);
#2919=EDGE_CURVE('',#3854,#3855,#446,.T.);
#2920=EDGE_CURVE('',#3855,#3846,#331,.F.);
#2921=EDGE_CURVE('',#3843,#3856,#332,.T.);
#2922=EDGE_CURVE('',#3856,#3857,#4496,.F.);
#2923=EDGE_CURVE('',#3857,#3858,#447,.T.);
#2924=EDGE_CURVE('',#3858,#3859,#448,.T.);
#2925=EDGE_CURVE('',#3801,#3859,#449,.T.);
#2926=EDGE_CURVE('',#3831,#3800,#450,.T.);
#2927=EDGE_CURVE('',#3831,#3860,#451,.T.);
#2928=EDGE_CURVE('',#3860,#3861,#452,.T.);
#2929=EDGE_CURVE('',#3862,#3861,#453,.T.);
#2930=EDGE_CURVE('',#3862,#3863,#454,.T.);
#2931=EDGE_CURVE('',#3864,#3863,#455,.T.);
#2932=EDGE_CURVE('',#3864,#3797,#4497,.F.);
#2933=EDGE_CURVE('',#3865,#3796,#456,.T.);
#2934=EDGE_CURVE('',#3865,#3839,#4498,.F.);
#2935=EDGE_CURVE('',#3866,#3866,#4499,.F.);
#2936=EDGE_CURVE('',#3776,#3775,#333,.T.);
#2937=EDGE_CURVE('',#3867,#3862,#457,.T.);
#2938=EDGE_CURVE('',#3867,#3868,#458,.T.);
#2939=EDGE_CURVE('',#3868,#3863,#459,.T.);
#2940=EDGE_CURVE('',#3869,#3868,#460,.T.);
#2941=EDGE_CURVE('',#3869,#3864,#461,.T.);
#2942=EDGE_CURVE('',#3870,#3783,#462,.T.);
#2943=EDGE_CURVE('',#3870,#3871,#463,.T.);
#2944=EDGE_CURVE('',#3871,#3872,#464,.T.);
#2945=EDGE_CURVE('',#3872,#3780,#465,.T.);
#2946=EDGE_CURVE('',#3871,#3873,#466,.T.);
#2947=EDGE_CURVE('',#3873,#3874,#467,.T.);
#2948=EDGE_CURVE('',#3874,#3872,#468,.T.);
#2949=EDGE_CURVE('',#3870,#3875,#469,.T.);
#2950=EDGE_CURVE('',#3875,#3782,#470,.T.);
#2951=EDGE_CURVE('',#3875,#3873,#471,.T.);
#2952=EDGE_CURVE('',#3781,#3874,#472,.T.);
#2953=EDGE_CURVE('',#3876,#3877,#473,.T.);
#2954=EDGE_CURVE('',#3876,#3785,#474,.T.);
#2955=EDGE_CURVE('',#3877,#3787,#475,.T.);
#2956=EDGE_CURVE('',#3878,#3876,#476,.T.);
#2957=EDGE_CURVE('',#3878,#3879,#477,.T.);
#2958=EDGE_CURVE('',#3879,#3784,#478,.F.);
#2959=EDGE_CURVE('',#3877,#3880,#479,.T.);
#2960=EDGE_CURVE('',#3786,#3881,#480,.F.);
#2961=EDGE_CURVE('',#3880,#3881,#481,.T.);
#2962=EDGE_CURVE('',#3880,#3878,#482,.T.);
#2963=EDGE_CURVE('',#3881,#3879,#483,.T.);
#2964=EDGE_CURVE('',#3882,#3882,#4500,.T.);
#2965=EDGE_CURVE('',#3883,#3883,#4501,.T.);
#2966=EDGE_CURVE('',#3884,#3885,#4502,.T.);
#2967=EDGE_CURVE('',#3884,#3886,#4503,.T.);
#2968=EDGE_CURVE('',#3886,#3887,#4504,.T.);
#2969=EDGE_CURVE('',#3887,#3888,#4505,.T.);
#2970=EDGE_CURVE('',#3888,#3889,#4506,.T.);
#2971=EDGE_CURVE('',#3889,#3885,#4507,.T.);
#2972=EDGE_CURVE('',#3890,#3890,#4508,.T.);
#2973=EDGE_CURVE('',#3891,#3891,#4509,.T.);
#2974=EDGE_CURVE('',#3892,#3892,#4510,.T.);
#2975=EDGE_CURVE('',#3893,#3893,#4511,.T.);
#2976=EDGE_CURVE('',#3894,#3894,#4512,.T.);
#2977=EDGE_CURVE('',#3895,#3895,#4513,.T.);
#2978=EDGE_CURVE('',#3896,#3896,#4514,.T.);
#2979=EDGE_CURVE('',#3897,#3897,#4515,.T.);
#2980=EDGE_CURVE('',#3898,#3898,#4516,.T.);
#2981=EDGE_CURVE('',#3899,#3899,#4517,.T.);
#2982=EDGE_CURVE('',#3900,#3900,#4518,.T.);
#2983=EDGE_CURVE('',#3901,#3901,#4519,.T.);
#2984=EDGE_CURVE('',#3902,#3902,#4520,.T.);
#2985=EDGE_CURVE('',#3903,#3903,#4521,.T.);
#2986=EDGE_CURVE('',#3904,#3904,#4522,.T.);
#2987=EDGE_CURVE('',#3905,#3905,#4523,.T.);
#2988=EDGE_CURVE('',#3906,#3906,#4524,.T.);
#2989=EDGE_CURVE('',#3907,#3907,#4525,.T.);
#2990=EDGE_CURVE('',#3908,#3908,#4526,.T.);
#2991=EDGE_CURVE('',#3909,#3909,#4527,.T.);
#2992=EDGE_CURVE('',#3910,#3910,#4528,.T.);
#2993=EDGE_CURVE('',#3911,#3911,#4529,.T.);
#2994=EDGE_CURVE('',#3912,#3912,#4530,.T.);
#2995=EDGE_CURVE('',#3913,#3913,#4531,.T.);
#2996=EDGE_CURVE('',#3914,#3914,#4532,.T.);
#2997=EDGE_CURVE('',#3915,#3915,#4533,.T.);
#2998=EDGE_CURVE('',#3916,#3916,#4534,.T.);
#2999=EDGE_CURVE('',#3917,#3917,#4535,.T.);
#3000=EDGE_CURVE('',#3918,#3918,#4536,.T.);
#3001=EDGE_CURVE('',#3919,#3919,#4537,.T.);
#3002=EDGE_CURVE('',#3920,#3920,#4538,.T.);
#3003=EDGE_CURVE('',#3921,#3921,#4539,.T.);
#3004=EDGE_CURVE('',#3922,#3922,#4540,.T.);
#3005=EDGE_CURVE('',#3923,#3923,#4541,.T.);
#3006=EDGE_CURVE('',#3924,#3924,#4542,.T.);
#3007=EDGE_CURVE('',#3925,#3925,#4543,.T.);
#3008=EDGE_CURVE('',#3926,#3926,#4544,.T.);
#3009=EDGE_CURVE('',#3927,#3927,#4545,.T.);
#3010=EDGE_CURVE('',#3928,#3928,#4546,.T.);
#3011=EDGE_CURVE('',#3929,#3929,#4547,.T.);
#3012=EDGE_CURVE('',#3930,#3930,#4548,.T.);
#3013=EDGE_CURVE('',#3931,#3931,#4549,.T.);
#3014=EDGE_CURVE('',#3932,#3932,#4550,.T.);
#3015=EDGE_CURVE('',#3933,#3933,#4551,.T.);
#3016=EDGE_CURVE('',#3934,#3934,#4552,.T.);
#3017=EDGE_CURVE('',#3935,#3935,#4553,.T.);
#3018=EDGE_CURVE('',#3936,#3936,#4554,.T.);
#3019=EDGE_CURVE('',#3937,#3937,#4555,.T.);
#3020=EDGE_CURVE('',#3938,#3938,#4556,.T.);
#3021=EDGE_CURVE('',#3939,#3939,#4557,.T.);
#3022=EDGE_CURVE('',#3940,#3940,#4558,.T.);
#3023=EDGE_CURVE('',#3941,#3941,#4559,.T.);
#3024=EDGE_CURVE('',#3942,#3942,#4560,.T.);
#3025=EDGE_CURVE('',#3943,#3943,#4561,.T.);
#3026=EDGE_CURVE('',#3944,#3944,#4562,.T.);
#3027=EDGE_CURVE('',#3945,#3945,#4563,.T.);
#3028=EDGE_CURVE('',#3946,#3946,#4564,.T.);
#3029=EDGE_CURVE('',#3947,#3947,#4565,.T.);
#3030=EDGE_CURVE('',#3948,#3948,#4566,.T.);
#3031=EDGE_CURVE('',#3949,#3949,#4567,.T.);
#3032=EDGE_CURVE('',#3950,#3950,#4568,.T.);
#3033=EDGE_CURVE('',#3951,#3951,#4569,.T.);
#3034=EDGE_CURVE('',#3952,#3952,#4570,.T.);
#3035=EDGE_CURVE('',#3953,#3953,#4571,.T.);
#3036=EDGE_CURVE('',#3954,#3954,#4572,.T.);
#3037=EDGE_CURVE('',#3955,#3955,#4573,.T.);
#3038=EDGE_CURVE('',#3956,#3956,#4574,.T.);
#3039=EDGE_CURVE('',#3957,#3957,#4575,.T.);
#3040=EDGE_CURVE('',#3958,#3958,#4576,.T.);
#3041=EDGE_CURVE('',#3959,#3959,#4577,.T.);
#3042=EDGE_CURVE('',#3960,#3960,#4578,.T.);
#3043=EDGE_CURVE('',#3961,#3961,#4579,.T.);
#3044=EDGE_CURVE('',#3962,#3962,#4580,.T.);
#3045=EDGE_CURVE('',#3963,#3963,#4581,.T.);
#3046=EDGE_CURVE('',#3964,#3964,#4582,.T.);
#3047=EDGE_CURVE('',#3965,#3965,#4583,.T.);
#3048=EDGE_CURVE('',#3966,#3966,#4584,.T.);
#3049=EDGE_CURVE('',#3967,#3967,#4585,.T.);
#3050=EDGE_CURVE('',#3968,#3968,#4586,.T.);
#3051=EDGE_CURVE('',#3969,#3969,#4587,.T.);
#3052=EDGE_CURVE('',#3970,#3970,#4588,.T.);
#3053=EDGE_CURVE('',#3971,#3971,#4589,.T.);
#3054=EDGE_CURVE('',#3972,#3972,#4590,.T.);
#3055=EDGE_CURVE('',#3973,#3973,#4591,.T.);
#3056=EDGE_CURVE('',#3974,#3974,#4592,.T.);
#3057=EDGE_CURVE('',#3975,#3975,#4593,.T.);
#3058=EDGE_CURVE('',#3976,#3976,#4594,.T.);
#3059=EDGE_CURVE('',#3977,#3977,#4595,.T.);
#3060=EDGE_CURVE('',#3978,#3978,#4596,.T.);
#3061=EDGE_CURVE('',#3979,#3979,#4597,.T.);
#3062=EDGE_CURVE('',#3980,#3980,#4598,.T.);
#3063=EDGE_CURVE('',#3981,#3981,#4599,.T.);
#3064=EDGE_CURVE('',#3982,#3982,#4600,.T.);
#3065=EDGE_CURVE('',#3983,#3983,#4601,.T.);
#3066=EDGE_CURVE('',#3984,#3984,#4602,.T.);
#3067=EDGE_CURVE('',#3985,#3985,#4603,.T.);
#3068=EDGE_CURVE('',#3986,#3986,#4604,.T.);
#3069=EDGE_CURVE('',#3987,#3987,#4605,.T.);
#3070=EDGE_CURVE('',#3988,#3988,#4606,.T.);
#3071=EDGE_CURVE('',#3989,#3989,#4607,.T.);
#3072=EDGE_CURVE('',#3990,#3990,#4608,.T.);
#3073=EDGE_CURVE('',#3991,#3991,#4609,.T.);
#3074=EDGE_CURVE('',#3992,#3992,#4610,.T.);
#3075=EDGE_CURVE('',#3993,#3993,#4611,.T.);
#3076=EDGE_CURVE('',#3994,#3994,#4612,.T.);
#3077=EDGE_CURVE('',#3995,#3995,#4613,.T.);
#3078=EDGE_CURVE('',#3996,#3996,#4614,.T.);
#3079=EDGE_CURVE('',#3997,#3997,#4615,.T.);
#3080=EDGE_CURVE('',#3998,#3998,#4616,.T.);
#3081=EDGE_CURVE('',#3999,#3999,#4617,.T.);
#3082=EDGE_CURVE('',#4000,#4000,#4618,.T.);
#3083=EDGE_CURVE('',#4001,#4001,#4619,.T.);
#3084=EDGE_CURVE('',#4002,#4002,#4620,.T.);
#3085=EDGE_CURVE('',#4003,#4003,#4621,.T.);
#3086=EDGE_CURVE('',#4004,#4004,#4622,.T.);
#3087=EDGE_CURVE('',#4005,#4005,#4623,.T.);
#3088=EDGE_CURVE('',#4006,#4006,#4624,.T.);
#3089=EDGE_CURVE('',#4007,#4007,#4625,.T.);
#3090=EDGE_CURVE('',#4008,#4008,#4626,.T.);
#3091=EDGE_CURVE('',#4009,#4009,#4627,.T.);
#3092=EDGE_CURVE('',#4010,#4010,#4628,.T.);
#3093=EDGE_CURVE('',#4011,#4011,#4629,.T.);
#3094=EDGE_CURVE('',#4012,#4012,#4630,.T.);
#3095=EDGE_CURVE('',#4013,#4013,#4631,.T.);
#3096=EDGE_CURVE('',#4014,#4014,#4632,.T.);
#3097=EDGE_CURVE('',#4015,#4015,#4633,.T.);
#3098=EDGE_CURVE('',#4016,#4016,#4634,.T.);
#3099=EDGE_CURVE('',#4017,#4017,#4635,.T.);
#3100=EDGE_CURVE('',#4018,#4018,#4636,.T.);
#3101=EDGE_CURVE('',#4019,#4019,#4637,.T.);
#3102=EDGE_CURVE('',#4020,#4020,#4638,.T.);
#3103=EDGE_CURVE('',#4021,#4021,#4639,.T.);
#3104=EDGE_CURVE('',#4022,#4022,#4640,.T.);
#3105=EDGE_CURVE('',#4023,#4023,#4641,.T.);
#3106=EDGE_CURVE('',#4024,#4024,#4642,.T.);
#3107=EDGE_CURVE('',#4025,#4025,#4643,.T.);
#3108=EDGE_CURVE('',#4026,#4026,#4644,.T.);
#3109=EDGE_CURVE('',#4027,#4027,#4645,.T.);
#3110=EDGE_CURVE('',#4028,#4028,#4646,.T.);
#3111=EDGE_CURVE('',#4029,#4029,#4647,.T.);
#3112=EDGE_CURVE('',#4030,#4030,#4648,.T.);
#3113=EDGE_CURVE('',#4031,#4031,#4649,.T.);
#3114=EDGE_CURVE('',#4032,#4033,#4650,.T.);
#3115=EDGE_CURVE('',#4033,#4034,#4651,.T.);
#3116=EDGE_CURVE('',#4034,#4035,#4652,.T.);
#3117=EDGE_CURVE('',#4035,#4036,#4653,.T.);
#3118=EDGE_CURVE('',#4037,#4036,#4654,.T.);
#3119=EDGE_CURVE('',#4037,#4032,#4655,.T.);
#3120=EDGE_CURVE('',#4038,#4039,#4656,.T.);
#3121=EDGE_CURVE('',#4039,#4040,#4657,.T.);
#3122=EDGE_CURVE('',#4040,#4041,#4658,.T.);
#3123=EDGE_CURVE('',#4041,#4042,#4659,.T.);
#3124=EDGE_CURVE('',#4043,#4042,#4660,.T.);
#3125=EDGE_CURVE('',#4043,#4038,#4661,.T.);
#3126=EDGE_CURVE('',#4044,#4045,#4662,.T.);
#3127=EDGE_CURVE('',#4045,#4046,#4663,.T.);
#3128=EDGE_CURVE('',#4046,#4047,#4664,.T.);
#3129=EDGE_CURVE('',#4047,#4048,#4665,.T.);
#3130=EDGE_CURVE('',#4049,#4048,#4666,.T.);
#3131=EDGE_CURVE('',#4049,#4044,#4667,.T.);
#3132=EDGE_CURVE('',#4050,#4051,#4668,.T.);
#3133=EDGE_CURVE('',#4051,#4052,#4669,.T.);
#3134=EDGE_CURVE('',#4052,#4053,#4670,.T.);
#3135=EDGE_CURVE('',#4053,#4054,#4671,.T.);
#3136=EDGE_CURVE('',#4055,#4054,#4672,.T.);
#3137=EDGE_CURVE('',#4055,#4050,#4673,.T.);
#3138=EDGE_CURVE('',#4056,#4057,#4674,.T.);
#3139=EDGE_CURVE('',#4057,#4058,#4675,.T.);
#3140=EDGE_CURVE('',#4058,#4059,#4676,.T.);
#3141=EDGE_CURVE('',#4059,#4060,#4677,.T.);
#3142=EDGE_CURVE('',#4061,#4060,#4678,.T.);
#3143=EDGE_CURVE('',#4061,#4056,#4679,.T.);
#3144=EDGE_CURVE('',#4062,#4063,#4680,.T.);
#3145=EDGE_CURVE('',#4063,#4064,#4681,.T.);
#3146=EDGE_CURVE('',#4064,#4065,#4682,.T.);
#3147=EDGE_CURVE('',#4065,#4066,#4683,.T.);
#3148=EDGE_CURVE('',#4067,#4066,#4684,.T.);
#3149=EDGE_CURVE('',#4067,#4062,#4685,.T.);
#3150=EDGE_CURVE('',#4068,#4069,#4686,.T.);
#3151=EDGE_CURVE('',#4068,#4068,#4687,.T.);
#3152=EDGE_CURVE('',#4070,#4068,#4688,.T.);
#3153=EDGE_CURVE('',#4070,#4070,#4689,.T.);
#3154=EDGE_CURVE('',#4071,#4070,#4690,.T.);
#3155=EDGE_CURVE('',#4071,#4071,#4691,.T.);
#3156=EDGE_CURVE('',#4072,#4071,#4692,.T.);
#3157=EDGE_CURVE('',#4072,#4072,#4693,.T.);
#3158=EDGE_CURVE('',#4073,#4072,#4694,.T.);
#3159=EDGE_CURVE('',#4073,#4073,#4695,.T.);
#3160=EDGE_CURVE('',#4074,#4073,#4696,.T.);
#3161=EDGE_CURVE('',#4074,#4074,#4697,.T.);
#3162=EDGE_CURVE('',#4075,#4074,#4698,.T.);
#3163=EDGE_CURVE('',#4075,#4075,#4699,.T.);
#3164=EDGE_CURVE('',#4076,#4075,#4700,.T.);
#3165=EDGE_CURVE('',#4076,#4076,#4701,.T.);
#3166=EDGE_CURVE('',#4077,#4076,#4702,.T.);
#3167=EDGE_CURVE('',#4077,#4077,#4703,.T.);
#3168=EDGE_CURVE('',#4078,#4077,#4704,.T.);
#3169=EDGE_CURVE('',#4078,#4078,#4705,.T.);
#3170=EDGE_CURVE('',#4079,#4078,#4706,.T.);
#3171=EDGE_CURVE('',#4079,#4079,#4707,.T.);
#3172=EDGE_CURVE('',#4080,#4079,#4708,.T.);
#3173=EDGE_CURVE('',#4080,#4080,#4709,.T.);
#3174=EDGE_CURVE('',#4081,#4080,#4710,.T.);
#3175=EDGE_CURVE('',#4081,#4081,#4711,.T.);
#3176=EDGE_CURVE('',#4082,#4081,#4712,.T.);
#3177=EDGE_CURVE('',#4082,#4082,#4713,.T.);
#3178=EDGE_CURVE('',#4083,#4082,#4714,.T.);
#3179=EDGE_CURVE('',#4083,#4083,#4715,.T.);
#3180=EDGE_CURVE('',#4084,#4083,#4716,.T.);
#3181=EDGE_CURVE('',#4084,#4084,#4717,.T.);
#3182=EDGE_CURVE('',#4085,#4084,#4718,.T.);
#3183=EDGE_CURVE('',#4085,#4085,#4719,.T.);
#3184=EDGE_CURVE('',#4086,#4085,#4720,.T.);
#3185=EDGE_CURVE('',#4086,#4086,#4721,.T.);
#3186=EDGE_CURVE('',#4087,#4086,#4722,.T.);
#3187=EDGE_CURVE('',#4087,#4087,#4723,.T.);
#3188=EDGE_CURVE('',#4088,#4087,#4724,.T.);
#3189=EDGE_CURVE('',#4088,#4088,#4725,.T.);
#3190=EDGE_CURVE('',#4089,#4088,#4726,.T.);
#3191=EDGE_CURVE('',#4089,#4089,#4727,.T.);
#3192=EDGE_CURVE('',#4090,#4089,#4728,.T.);
#3193=EDGE_CURVE('',#4090,#4090,#4729,.T.);
#3194=EDGE_CURVE('',#4091,#4090,#4730,.T.);
#3195=EDGE_CURVE('',#4091,#4091,#4731,.T.);
#3196=EDGE_CURVE('',#4092,#4091,#4732,.T.);
#3197=EDGE_CURVE('',#4092,#4092,#4733,.T.);
#3198=EDGE_CURVE('',#4093,#4092,#4734,.T.);
#3199=EDGE_CURVE('',#4093,#4093,#4735,.T.);
#3200=EDGE_CURVE('',#4094,#4093,#4736,.T.);
#3201=EDGE_CURVE('',#4094,#4094,#4737,.T.);
#3202=EDGE_CURVE('',#4095,#4094,#4738,.T.);
#3203=EDGE_CURVE('',#4095,#4095,#4739,.T.);
#3204=EDGE_CURVE('',#4096,#4095,#4740,.T.);
#3205=EDGE_CURVE('',#4096,#4096,#4741,.T.);
#3206=EDGE_CURVE('',#4097,#4096,#4742,.T.);
#3207=EDGE_CURVE('',#4097,#4097,#4743,.T.);
#3208=EDGE_CURVE('',#4098,#4097,#4744,.T.);
#3209=EDGE_CURVE('',#4098,#4098,#4745,.T.);
#3210=EDGE_CURVE('',#4099,#4098,#4746,.T.);
#3211=EDGE_CURVE('',#4099,#4099,#4747,.T.);
#3212=EDGE_CURVE('',#4100,#4099,#4748,.T.);
#3213=EDGE_CURVE('',#4100,#4100,#4749,.T.);
#3214=EDGE_CURVE('',#4101,#4100,#4750,.T.);
#3215=EDGE_CURVE('',#4101,#4101,#4751,.T.);
#3216=EDGE_CURVE('',#4102,#4101,#4752,.T.);
#3217=EDGE_CURVE('',#4102,#4102,#4753,.T.);
#3218=EDGE_CURVE('',#4103,#4102,#4754,.T.);
#3219=EDGE_CURVE('',#4103,#4103,#4755,.T.);
#3220=EDGE_CURVE('',#4104,#4103,#4756,.T.);
#3221=EDGE_CURVE('',#4104,#4104,#4757,.T.);
#3222=EDGE_CURVE('',#4105,#4104,#4758,.T.);
#3223=EDGE_CURVE('',#4105,#4105,#4759,.T.);
#3224=EDGE_CURVE('',#4106,#4105,#4760,.T.);
#3225=EDGE_CURVE('',#4106,#4106,#4761,.T.);
#3226=EDGE_CURVE('',#4107,#4106,#4762,.T.);
#3227=EDGE_CURVE('',#4107,#4107,#4763,.T.);
#3228=EDGE_CURVE('',#4108,#4107,#4764,.T.);
#3229=EDGE_CURVE('',#4108,#4108,#4765,.T.);
#3230=EDGE_CURVE('',#4109,#4108,#4766,.T.);
#3231=EDGE_CURVE('',#4109,#4109,#4767,.T.);
#3232=EDGE_CURVE('',#4110,#4109,#4768,.T.);
#3233=EDGE_CURVE('',#4110,#4110,#4769,.T.);
#3234=EDGE_CURVE('',#4111,#4110,#4770,.T.);
#3235=EDGE_CURVE('',#4111,#4111,#4771,.T.);
#3236=EDGE_CURVE('',#4112,#4111,#4772,.T.);
#3237=EDGE_CURVE('',#4112,#4112,#4773,.T.);
#3238=EDGE_CURVE('',#4113,#4112,#4774,.T.);
#3239=EDGE_CURVE('',#4113,#4113,#4775,.T.);
#3240=EDGE_CURVE('',#4114,#4113,#4776,.T.);
#3241=EDGE_CURVE('',#4114,#4114,#4777,.T.);
#3242=EDGE_CURVE('',#4115,#4114,#4778,.T.);
#3243=EDGE_CURVE('',#4115,#4115,#4779,.T.);
#3244=EDGE_CURVE('',#4116,#4115,#4780,.T.);
#3245=EDGE_CURVE('',#4116,#4116,#4781,.T.);
#3246=EDGE_CURVE('',#4117,#4116,#4782,.T.);
#3247=EDGE_CURVE('',#4117,#4117,#4783,.T.);
#3248=EDGE_CURVE('',#4118,#4117,#4784,.T.);
#3249=EDGE_CURVE('',#4118,#4118,#4785,.T.);
#3250=EDGE_CURVE('',#4069,#4118,#4786,.T.);
#3251=EDGE_CURVE('',#4069,#4069,#4787,.T.);
#3252=EDGE_CURVE('',#4119,#4120,#484,.T.);
#3253=EDGE_CURVE('',#4120,#4121,#485,.F.);
#3254=EDGE_CURVE('',#4121,#4122,#486,.F.);
#3255=EDGE_CURVE('',#4122,#4119,#487,.T.);
#3256=EDGE_CURVE('',#4123,#4124,#488,.F.);
#3257=EDGE_CURVE('',#4124,#3854,#340,.T.);
#3258=EDGE_CURVE('',#3767,#4125,#489,.T.);
#3259=EDGE_CURVE('',#3859,#4125,#490,.T.);
#3260=EDGE_CURVE('',#3858,#4126,#341,.T.);
#3261=EDGE_CURVE('',#4126,#4127,#491,.F.);
#3262=EDGE_CURVE('',#4127,#4123,#492,.T.);
#3263=EDGE_CURVE('',#3802,#4125,#493,.T.);
#3264=EDGE_CURVE('',#4128,#4129,#494,.T.);
#3265=EDGE_CURVE('',#4129,#4130,#495,.T.);
#3266=EDGE_CURVE('',#4131,#4130,#496,.T.);
#3267=EDGE_CURVE('',#4131,#4128,#497,.F.);
#3268=EDGE_CURVE('',#3811,#3829,#4788,.F.);
#3269=EDGE_CURVE('',#3828,#4131,#4789,.F.);
#3270=EDGE_CURVE('',#4130,#4120,#4790,.F.);
#3271=EDGE_CURVE('',#4119,#3812,#4791,.F.);
#3272=EDGE_CURVE('',#3885,#4132,#498,.F.);
#3273=EDGE_CURVE('',#4133,#4132,#4792,.T.);
#3274=EDGE_CURVE('',#4133,#3884,#499,.T.);
#3275=EDGE_CURVE('',#4134,#4135,#4793,.T.);
#3276=EDGE_CURVE('',#4135,#3889,#500,.T.);
#3277=EDGE_CURVE('',#3888,#4134,#501,.F.);
#3278=EDGE_CURVE('',#4136,#4137,#4794,.T.);
#3279=EDGE_CURVE('',#4137,#4035,#502,.T.);
#3280=EDGE_CURVE('',#4034,#4136,#503,.F.);
#3281=EDGE_CURVE('',#4138,#4139,#4795,.T.);
#3282=EDGE_CURVE('',#4139,#4033,#504,.T.);
#3283=EDGE_CURVE('',#4032,#4138,#505,.F.);
#3284=EDGE_CURVE('',#4140,#4141,#4796,.T.);
#3285=EDGE_CURVE('',#4141,#4041,#506,.T.);
#3286=EDGE_CURVE('',#4040,#4140,#507,.F.);
#3287=EDGE_CURVE('',#4038,#4142,#508,.F.);
#3288=EDGE_CURVE('',#4142,#4143,#4797,.T.);
#3289=EDGE_CURVE('',#4143,#4039,#509,.T.);
#3290=EDGE_CURVE('',#4144,#4145,#4798,.T.);
#3291=EDGE_CURVE('',#4145,#4047,#510,.T.);
#3292=EDGE_CURVE('',#4046,#4144,#511,.F.);
#3293=EDGE_CURVE('',#4146,#4147,#4799,.T.);
#3294=EDGE_CURVE('',#4147,#4045,#512,.T.);
#3295=EDGE_CURVE('',#4044,#4146,#513,.F.);
#3296=EDGE_CURVE('',#4148,#4149,#4800,.T.);
#3297=EDGE_CURVE('',#4149,#4053,#514,.T.);
#3298=EDGE_CURVE('',#4052,#4148,#515,.F.);
#3299=EDGE_CURVE('',#4150,#4151,#4801,.T.);
#3300=EDGE_CURVE('',#4151,#4051,#516,.T.);
#3301=EDGE_CURVE('',#4050,#4150,#517,.F.);
#3302=EDGE_CURVE('',#4152,#4153,#4802,.T.);
#3303=EDGE_CURVE('',#4153,#4059,#518,.T.);
#3304=EDGE_CURVE('',#4058,#4152,#519,.F.);
#3305=EDGE_CURVE('',#4154,#4155,#4803,.T.);
#3306=EDGE_CURVE('',#4155,#4057,#520,.T.);
#3307=EDGE_CURVE('',#4056,#4154,#521,.F.);
#3308=EDGE_CURVE('',#4156,#4157,#4804,.T.);
#3309=EDGE_CURVE('',#4157,#4065,#522,.T.);
#3310=EDGE_CURVE('',#4064,#4156,#523,.F.);
#3311=EDGE_CURVE('',#4158,#4159,#4805,.T.);
#3312=EDGE_CURVE('',#4159,#4063,#524,.T.);
#3313=EDGE_CURVE('',#4062,#4158,#525,.F.);
#3314=EDGE_CURVE('',#4160,#4160,#4806,.T.);
#3315=EDGE_CURVE('',#4161,#4161,#4807,.T.);
#3316=EDGE_CURVE('',#4162,#4162,#4808,.T.);
#3317=EDGE_CURVE('',#4163,#4163,#4809,.T.);
#3318=EDGE_CURVE('',#4164,#4164,#4810,.T.);
#3319=EDGE_CURVE('',#4165,#4165,#4811,.T.);
#3320=EDGE_CURVE('',#4166,#4166,#4812,.T.);
#3321=EDGE_CURVE('',#4167,#4167,#4813,.T.);
#3322=EDGE_CURVE('',#4168,#4168,#4814,.T.);
#3323=EDGE_CURVE('',#4169,#4169,#4815,.T.);
#3324=EDGE_CURVE('',#4170,#4170,#4816,.T.);
#3325=EDGE_CURVE('',#4171,#4171,#4817,.T.);
#3326=EDGE_CURVE('',#4172,#4172,#4818,.T.);
#3327=EDGE_CURVE('',#4173,#4173,#4819,.T.);
#3328=EDGE_CURVE('',#4174,#4174,#4820,.T.);
#3329=EDGE_CURVE('',#4175,#4175,#4821,.T.);
#3330=EDGE_CURVE('',#4176,#4176,#4822,.T.);
#3331=EDGE_CURVE('',#4177,#4177,#4823,.T.);
#3332=EDGE_CURVE('',#4178,#4178,#4824,.T.);
#3333=EDGE_CURVE('',#4179,#4179,#4825,.T.);
#3334=EDGE_CURVE('',#4180,#4180,#4826,.T.);
#3335=EDGE_CURVE('',#4181,#4181,#4827,.T.);
#3336=EDGE_CURVE('',#4182,#4182,#4828,.T.);
#3337=EDGE_CURVE('',#4183,#4183,#4829,.T.);
#3338=EDGE_CURVE('',#4184,#4184,#4830,.T.);
#3339=EDGE_CURVE('',#4185,#4185,#4831,.T.);
#3340=EDGE_CURVE('',#4186,#4186,#4832,.T.);
#3341=EDGE_CURVE('',#4187,#4187,#4833,.T.);
#3342=EDGE_CURVE('',#4188,#4188,#4834,.T.);
#3343=EDGE_CURVE('',#4189,#4189,#4835,.T.);
#3344=EDGE_CURVE('',#4190,#4190,#4836,.T.);
#3345=EDGE_CURVE('',#4191,#4191,#4837,.T.);
#3346=EDGE_CURVE('',#4192,#4192,#4838,.T.);
#3347=EDGE_CURVE('',#4193,#4193,#4839,.T.);
#3348=EDGE_CURVE('',#4194,#4194,#4840,.T.);
#3349=EDGE_CURVE('',#4195,#4195,#4841,.T.);
#3350=EDGE_CURVE('',#4196,#4196,#4842,.T.);
#3351=EDGE_CURVE('',#4197,#4197,#4843,.T.);
#3352=EDGE_CURVE('',#4198,#4198,#4844,.T.);
#3353=EDGE_CURVE('',#4199,#4199,#4845,.T.);
#3354=EDGE_CURVE('',#4200,#4200,#4846,.T.);
#3355=EDGE_CURVE('',#4201,#4201,#4847,.T.);
#3356=EDGE_CURVE('',#4202,#4202,#4848,.T.);
#3357=EDGE_CURVE('',#4203,#4203,#4849,.T.);
#3358=EDGE_CURVE('',#4204,#4204,#4850,.T.);
#3359=EDGE_CURVE('',#4205,#4205,#4851,.T.);
#3360=EDGE_CURVE('',#4206,#4206,#4852,.T.);
#3361=EDGE_CURVE('',#4207,#4207,#4853,.T.);
#3362=EDGE_CURVE('',#4208,#4208,#4854,.T.);
#3363=EDGE_CURVE('',#4209,#4209,#4855,.T.);
#3364=EDGE_CURVE('',#4210,#4210,#4856,.T.);
#3365=EDGE_CURVE('',#4211,#4211,#4857,.T.);
#3366=EDGE_CURVE('',#4212,#4212,#4858,.T.);
#3367=EDGE_CURVE('',#4213,#4213,#4859,.T.);
#3368=EDGE_CURVE('',#4214,#4214,#4860,.T.);
#3369=EDGE_CURVE('',#4215,#4215,#4861,.T.);
#3370=EDGE_CURVE('',#4216,#4216,#4862,.T.);
#3371=EDGE_CURVE('',#4217,#4217,#4863,.T.);
#3372=EDGE_CURVE('',#4218,#4218,#4864,.T.);
#3373=EDGE_CURVE('',#4219,#4219,#4865,.T.);
#3374=EDGE_CURVE('',#4220,#4220,#4866,.T.);
#3375=EDGE_CURVE('',#4221,#4221,#4867,.T.);
#3376=EDGE_CURVE('',#4222,#4222,#4868,.T.);
#3377=EDGE_CURVE('',#4223,#4223,#4869,.T.);
#3378=EDGE_CURVE('',#4224,#4224,#4870,.T.);
#3379=EDGE_CURVE('',#4225,#4225,#4871,.T.);
#3380=EDGE_CURVE('',#4226,#4226,#4872,.T.);
#3381=EDGE_CURVE('',#4227,#4227,#4873,.T.);
#3382=EDGE_CURVE('',#4228,#4228,#4874,.T.);
#3383=EDGE_CURVE('',#4229,#4229,#4875,.T.);
#3384=EDGE_CURVE('',#4230,#4230,#4876,.T.);
#3385=EDGE_CURVE('',#4231,#4231,#4877,.T.);
#3386=EDGE_CURVE('',#4232,#4232,#4878,.T.);
#3387=EDGE_CURVE('',#4233,#4233,#4879,.T.);
#3388=EDGE_CURVE('',#4234,#4234,#4880,.T.);
#3389=EDGE_CURVE('',#4235,#4235,#4881,.T.);
#3390=EDGE_CURVE('',#4236,#4236,#4882,.T.);
#3391=EDGE_CURVE('',#4237,#4237,#4883,.T.);
#3392=EDGE_CURVE('',#4238,#4238,#4884,.T.);
#3393=EDGE_CURVE('',#4239,#4239,#4885,.T.);
#3394=EDGE_CURVE('',#4240,#4240,#4886,.T.);
#3395=EDGE_CURVE('',#4241,#4241,#4887,.T.);
#3396=EDGE_CURVE('',#4242,#4242,#4888,.T.);
#3397=EDGE_CURVE('',#4243,#4243,#4889,.T.);
#3398=EDGE_CURVE('',#4244,#4244,#4890,.T.);
#3399=EDGE_CURVE('',#4245,#4245,#4891,.T.);
#3400=EDGE_CURVE('',#4246,#4246,#4892,.T.);
#3401=EDGE_CURVE('',#4247,#4247,#4893,.T.);
#3402=EDGE_CURVE('',#4248,#4248,#4894,.T.);
#3403=EDGE_CURVE('',#4249,#4249,#4895,.T.);
#3404=EDGE_CURVE('',#4250,#4250,#4896,.T.);
#3405=EDGE_CURVE('',#4251,#4251,#4897,.T.);
#3406=EDGE_CURVE('',#4252,#4252,#4898,.T.);
#3407=EDGE_CURVE('',#4253,#4253,#4899,.T.);
#3408=EDGE_CURVE('',#4254,#4254,#4900,.T.);
#3409=EDGE_CURVE('',#4255,#4255,#4901,.T.);
#3410=EDGE_CURVE('',#4256,#4256,#4902,.T.);
#3411=EDGE_CURVE('',#4257,#4257,#4903,.T.);
#3412=EDGE_CURVE('',#4258,#4258,#4904,.T.);
#3413=EDGE_CURVE('',#4259,#4259,#4905,.T.);
#3414=EDGE_CURVE('',#4260,#4260,#4906,.T.);
#3415=EDGE_CURVE('',#4261,#4261,#4907,.T.);
#3416=EDGE_CURVE('',#4262,#4262,#4908,.T.);
#3417=EDGE_CURVE('',#4263,#4263,#4909,.T.);
#3418=EDGE_CURVE('',#4264,#4264,#4910,.T.);
#3419=EDGE_CURVE('',#4265,#4265,#4911,.T.);
#3420=EDGE_CURVE('',#4266,#4266,#4912,.T.);
#3421=EDGE_CURVE('',#4267,#4267,#4913,.T.);
#3422=EDGE_CURVE('',#4268,#4268,#4914,.T.);
#3423=EDGE_CURVE('',#4269,#4269,#4915,.T.);
#3424=EDGE_CURVE('',#4270,#4270,#4916,.T.);
#3425=EDGE_CURVE('',#4271,#4271,#4917,.T.);
#3426=EDGE_CURVE('',#4272,#4272,#4918,.T.);
#3427=EDGE_CURVE('',#4273,#4273,#4919,.T.);
#3428=EDGE_CURVE('',#4274,#4274,#4920,.T.);
#3429=EDGE_CURVE('',#4275,#4275,#4921,.T.);
#3430=EDGE_CURVE('',#4276,#4276,#4922,.T.);
#3431=EDGE_CURVE('',#4277,#4277,#4923,.T.);
#3432=EDGE_CURVE('',#4278,#4278,#4924,.T.);
#3433=EDGE_CURVE('',#4279,#4279,#4925,.T.);
#3434=EDGE_CURVE('',#4280,#4280,#4926,.T.);
#3435=EDGE_CURVE('',#4281,#4281,#4927,.T.);
#3436=EDGE_CURVE('',#4282,#4282,#4928,.T.);
#3437=EDGE_CURVE('',#4283,#4283,#4929,.T.);
#3438=EDGE_CURVE('',#4284,#4284,#4930,.T.);
#3439=EDGE_CURVE('',#4285,#4285,#4931,.T.);
#3440=EDGE_CURVE('',#4286,#4286,#4932,.T.);
#3441=EDGE_CURVE('',#4287,#4287,#4933,.T.);
#3442=EDGE_CURVE('',#4288,#4288,#4934,.T.);
#3443=EDGE_CURVE('',#4289,#4289,#4935,.T.);
#3444=EDGE_CURVE('',#4290,#4290,#4936,.T.);
#3445=EDGE_CURVE('',#4291,#4291,#4937,.T.);
#3446=EDGE_CURVE('',#4292,#4292,#4938,.T.);
#3447=EDGE_CURVE('',#4293,#4293,#4939,.T.);
#3448=EDGE_CURVE('',#4294,#4294,#4940,.T.);
#3449=EDGE_CURVE('',#4295,#4295,#4941,.T.);
#3450=EDGE_CURVE('',#4296,#4296,#4942,.T.);
#3451=EDGE_CURVE('',#4297,#4297,#4943,.T.);
#3452=EDGE_CURVE('',#4298,#4298,#4944,.T.);
#3453=EDGE_CURVE('',#4299,#4299,#4945,.T.);
#3454=EDGE_CURVE('',#4300,#4300,#4946,.T.);
#3455=EDGE_CURVE('',#4301,#4301,#4947,.T.);
#3456=EDGE_CURVE('',#4036,#4302,#526,.F.);
#3457=EDGE_CURVE('',#4303,#4302,#4948,.T.);
#3458=EDGE_CURVE('',#4303,#4037,#527,.T.);
#3459=EDGE_CURVE('',#4042,#4304,#528,.F.);
#3460=EDGE_CURVE('',#4305,#4304,#4949,.T.);
#3461=EDGE_CURVE('',#4305,#4043,#529,.T.);
#3462=EDGE_CURVE('',#4048,#4306,#530,.F.);
#3463=EDGE_CURVE('',#4307,#4306,#4950,.T.);
#3464=EDGE_CURVE('',#4307,#4049,#531,.T.);
#3465=EDGE_CURVE('',#4054,#4308,#532,.F.);
#3466=EDGE_CURVE('',#4309,#4308,#4951,.T.);
#3467=EDGE_CURVE('',#4309,#4055,#533,.T.);
#3468=EDGE_CURVE('',#4060,#4310,#534,.F.);
#3469=EDGE_CURVE('',#4311,#4310,#4952,.T.);
#3470=EDGE_CURVE('',#4311,#4061,#535,.T.);
#3471=EDGE_CURVE('',#4066,#4312,#536,.F.);
#3472=EDGE_CURVE('',#4313,#4312,#4953,.T.);
#3473=EDGE_CURVE('',#4313,#4067,#537,.T.);
#3474=EDGE_CURVE('',#4314,#4314,#4954,.T.);
#3475=EDGE_CURVE('',#4315,#4315,#4955,.T.);
#3476=EDGE_CURVE('',#4316,#4316,#4956,.T.);
#3477=EDGE_CURVE('',#4317,#4317,#4957,.T.);
#3478=EDGE_CURVE('',#4318,#4318,#4958,.T.);
#3479=EDGE_CURVE('',#4319,#4319,#4959,.T.);
#3480=EDGE_CURVE('',#4320,#4320,#4960,.T.);
#3481=EDGE_CURVE('',#4321,#4321,#4961,.T.);
#3482=EDGE_CURVE('',#4322,#4322,#4962,.T.);
#3483=EDGE_CURVE('',#4323,#4323,#4963,.T.);
#3484=EDGE_CURVE('',#4324,#4324,#4964,.T.);
#3485=EDGE_CURVE('',#4325,#4325,#4965,.T.);
#3486=EDGE_CURVE('',#4326,#4326,#4966,.T.);
#3487=EDGE_CURVE('',#4327,#4327,#4967,.T.);
#3488=EDGE_CURVE('',#4328,#4328,#4968,.T.);
#3489=EDGE_CURVE('',#4329,#4329,#4969,.T.);
#3490=EDGE_CURVE('',#4330,#4330,#4970,.T.);
#3491=EDGE_CURVE('',#4331,#4331,#4971,.T.);
#3492=EDGE_CURVE('',#4332,#4332,#4972,.T.);
#3493=EDGE_CURVE('',#4333,#4333,#4973,.T.);
#3494=EDGE_CURVE('',#4334,#4334,#4974,.T.);
#3495=EDGE_CURVE('',#4335,#4335,#4975,.T.);
#3496=EDGE_CURVE('',#4336,#4336,#4976,.T.);
#3497=EDGE_CURVE('',#4337,#4337,#4977,.T.);
#3498=EDGE_CURVE('',#4338,#4338,#4978,.T.);
#3499=EDGE_CURVE('',#4339,#4339,#4979,.T.);
#3500=EDGE_CURVE('',#4340,#4340,#4980,.T.);
#3501=EDGE_CURVE('',#4341,#4341,#4981,.T.);
#3502=EDGE_CURVE('',#4342,#4342,#4982,.T.);
#3503=EDGE_CURVE('',#4343,#4343,#4983,.T.);
#3504=EDGE_CURVE('',#4344,#4344,#4984,.T.);
#3505=EDGE_CURVE('',#4345,#4345,#4985,.T.);
#3506=EDGE_CURVE('',#4346,#4346,#4986,.T.);
#3507=EDGE_CURVE('',#4347,#4347,#4987,.T.);
#3508=EDGE_CURVE('',#4348,#4348,#4988,.T.);
#3509=EDGE_CURVE('',#4349,#4349,#4989,.T.);
#3510=EDGE_CURVE('',#4350,#4350,#4990,.T.);
#3511=EDGE_CURVE('',#4351,#4351,#4991,.T.);
#3512=EDGE_CURVE('',#4352,#4352,#4992,.T.);
#3513=EDGE_CURVE('',#4353,#4353,#4993,.T.);
#3514=EDGE_CURVE('',#4354,#4354,#4994,.T.);
#3515=EDGE_CURVE('',#4355,#4355,#4995,.T.);
#3516=EDGE_CURVE('',#4356,#4356,#4996,.T.);
#3517=EDGE_CURVE('',#4357,#4357,#4997,.T.);
#3518=EDGE_CURVE('',#4358,#4358,#4998,.T.);
#3519=EDGE_CURVE('',#4359,#4359,#4999,.T.);
#3520=EDGE_CURVE('',#4360,#4360,#5000,.T.);
#3521=EDGE_CURVE('',#4361,#4361,#5001,.T.);
#3522=EDGE_CURVE('',#4362,#4362,#5002,.T.);
#3523=EDGE_CURVE('',#4363,#4363,#5003,.T.);
#3524=EDGE_CURVE('',#4364,#4364,#5004,.T.);
#3525=EDGE_CURVE('',#4365,#4366,#5005,.T.);
#3526=EDGE_CURVE('',#4366,#3887,#538,.T.);
#3527=EDGE_CURVE('',#3886,#4365,#539,.F.);
#3528=EDGE_CURVE('',#4367,#4368,#540,.T.);
#3529=EDGE_CURVE('',#4368,#4369,#541,.T.);
#3530=EDGE_CURVE('',#4369,#4370,#542,.F.);
#3531=EDGE_CURVE('',#4370,#4367,#543,.F.);
#3532=EDGE_CURVE('',#4156,#4159,#5006,.F.);
#3533=EDGE_CURVE('',#4158,#4313,#5007,.F.);
#3534=EDGE_CURVE('',#4312,#4157,#5008,.F.);
#3535=EDGE_CURVE('',#4152,#4155,#5009,.F.);
#3536=EDGE_CURVE('',#4154,#4311,#5010,.F.);
#3537=EDGE_CURVE('',#4310,#4153,#5011,.F.);
#3538=EDGE_CURVE('',#4148,#4151,#5012,.F.);
#3539=EDGE_CURVE('',#4150,#4309,#5013,.F.);
#3540=EDGE_CURVE('',#4308,#4149,#5014,.F.);
#3541=EDGE_CURVE('',#4144,#4147,#5015,.F.);
#3542=EDGE_CURVE('',#4146,#4307,#5016,.F.);
#3543=EDGE_CURVE('',#4306,#4145,#5017,.F.);
#3544=EDGE_CURVE('',#4140,#4143,#5018,.F.);
#3545=EDGE_CURVE('',#4142,#4305,#5019,.F.);
#3546=EDGE_CURVE('',#4304,#4141,#5020,.F.);
#3547=EDGE_CURVE('',#4136,#4139,#5021,.F.);
#3548=EDGE_CURVE('',#4138,#4303,#5022,.F.);
#3549=EDGE_CURVE('',#4302,#4137,#5023,.F.);
#3550=EDGE_CURVE('',#4365,#4133,#5024,.F.);
#3551=EDGE_CURVE('',#4132,#4135,#5025,.F.);
#3552=EDGE_CURVE('',#4134,#4366,#5026,.F.);
#3553=EDGE_CURVE('',#4371,#4371,#5027,.T.);
#3554=EDGE_CURVE('',#4372,#4372,#5028,.F.);
#3555=EDGE_CURVE('',#4373,#4373,#5029,.T.);
#3556=EDGE_CURVE('',#4374,#4374,#5030,.F.);
#3557=EDGE_CURVE('',#4375,#4375,#5031,.T.);
#3558=EDGE_CURVE('',#4376,#4376,#5032,.F.);
#3559=EDGE_CURVE('',#4377,#4377,#5033,.T.);
#3560=EDGE_CURVE('',#4378,#4378,#5034,.T.);
#3561=EDGE_CURVE('',#4379,#4379,#5035,.F.);
#3562=EDGE_CURVE('',#4380,#4380,#5036,.T.);
#3563=EDGE_CURVE('',#4381,#4381,#5037,.F.);
#3564=EDGE_CURVE('',#4382,#4382,#5038,.T.);
#3565=EDGE_CURVE('',#4383,#4383,#5039,.T.);
#3566=EDGE_CURVE('',#4384,#4384,#5040,.F.);
#3567=EDGE_CURVE('',#4385,#4385,#5041,.T.);
#3568=EDGE_CURVE('',#4386,#4386,#5042,.T.);
#3569=EDGE_CURVE('',#4387,#4387,#5043,.T.);
#3570=EDGE_CURVE('',#4388,#4388,#5044,.F.);
#3571=EDGE_CURVE('',#4389,#4389,#5045,.T.);
#3572=EDGE_CURVE('',#4390,#4390,#5046,.F.);
#3573=EDGE_CURVE('',#4391,#4391,#5047,.T.);
#3574=EDGE_CURVE('',#4392,#4392,#5048,.T.);
#3575=EDGE_CURVE('',#4393,#4394,#5049,.F.);
#3576=EDGE_CURVE('',#4395,#4393,#544,.F.);
#3577=EDGE_CURVE('',#4395,#4396,#5050,.T.);
#3578=EDGE_CURVE('',#4394,#4396,#545,.F.);
#3579=EDGE_CURVE('',#4395,#3832,#546,.T.);
#3580=EDGE_CURVE('',#4393,#3834,#547,.F.);
#3581=EDGE_CURVE('',#4394,#3835,#548,.T.);
#3582=EDGE_CURVE('',#4396,#3833,#549,.F.);
#3583=EDGE_CURVE('',#3822,#3799,#550,.T.);
#3584=EDGE_CURVE('',#3798,#3869,#5051,.F.);
#3585=EDGE_CURVE('',#4397,#3867,#551,.T.);
#3586=EDGE_CURVE('',#4397,#4398,#552,.F.);
#3587=EDGE_CURVE('',#3822,#4398,#553,.T.);
#3588=EDGE_CURVE('',#4399,#4400,#554,.F.);
#3589=EDGE_CURVE('',#4400,#4401,#555,.F.);
#3590=EDGE_CURVE('',#4401,#4402,#556,.F.);
#3591=EDGE_CURVE('',#4402,#4403,#342,.T.);
#3592=EDGE_CURVE('',#4403,#4397,#557,.T.);
#3593=EDGE_CURVE('',#4397,#3861,#558,.T.);
#3594=EDGE_CURVE('',#3861,#4399,#559,.T.);
#3595=EDGE_CURVE('',#4404,#4405,#560,.T.);
#3596=EDGE_CURVE('',#4405,#4406,#561,.T.);
#3597=EDGE_CURVE('',#4406,#4407,#562,.T.);
#3598=EDGE_CURVE('',#4407,#4408,#563,.F.);
#3599=EDGE_CURVE('',#4408,#4404,#564,.F.);
#3600=EDGE_CURVE('',#3830,#4409,#565,.T.);
#3601=EDGE_CURVE('',#4409,#3860,#566,.T.);
#3602=EDGE_CURVE('',#4410,#4411,#567,.T.);
#3603=EDGE_CURVE('',#4411,#3823,#334,.F.);
#3604=EDGE_CURVE('',#4398,#4412,#568,.T.);
#3605=EDGE_CURVE('',#4412,#4410,#343,.F.);
#3606=EDGE_CURVE('',#4403,#4412,#569,.T.);
#3607=EDGE_CURVE('',#4409,#4399,#570,.F.);
#3608=EDGE_CURVE('',#4413,#4414,#571,.T.);
#3609=EDGE_CURVE('',#4414,#4415,#572,.T.);
#3610=EDGE_CURVE('',#4416,#4415,#573,.T.);
#3611=EDGE_CURVE('',#4413,#4416,#574,.T.);
#3612=EDGE_CURVE('',#4417,#4418,#575,.T.);
#3613=EDGE_CURVE('',#4418,#3771,#5052,.F.);
#3614=EDGE_CURVE('',#3770,#4413,#5053,.T.);
#3615=EDGE_CURVE('',#4416,#4419,#576,.T.);
#3616=EDGE_CURVE('',#4419,#4417,#577,.T.);
#3617=EDGE_CURVE('',#3850,#4418,#578,.F.);
#3618=EDGE_CURVE('',#4417,#3851,#579,.T.);
#3619=EDGE_CURVE('',#4419,#4420,#580,.T.);
#3620=EDGE_CURVE('',#4420,#3852,#344,.T.);
#3621=EDGE_CURVE('',#4415,#4420,#581,.T.);
#3622=EDGE_CURVE('',#3774,#4421,#5054,.T.);
#3623=EDGE_CURVE('',#4421,#4422,#582,.T.);
#3624=EDGE_CURVE('',#4422,#4423,#5055,.T.);
#3625=EDGE_CURVE('',#4423,#3777,#583,.T.);
#3626=EDGE_CURVE('',#4424,#4424,#5056,.T.);
#3627=EDGE_CURVE('',#4425,#4426,#584,.T.);
#3628=EDGE_CURVE('',#4426,#3865,#585,.T.);
#3629=EDGE_CURVE('',#4425,#4423,#586,.T.);
#3630=EDGE_CURVE('',#4427,#4428,#587,.T.);
#3631=EDGE_CURVE('',#4428,#4429,#588,.F.);
#3632=EDGE_CURVE('',#4429,#4430,#589,.T.);
#3633=EDGE_CURVE('',#4430,#4422,#590,.T.);
#3634=EDGE_CURVE('',#4421,#4427,#591,.T.);
#3635=EDGE_CURVE('',#4431,#4432,#5057,.T.);
#3636=EDGE_CURVE('',#4432,#4433,#592,.F.);
#3637=EDGE_CURVE('',#4434,#4433,#5058,.T.);
#3638=EDGE_CURVE('',#4434,#4435,#593,.T.);
#3639=EDGE_CURVE('',#4435,#4436,#5059,.T.);
#3640=EDGE_CURVE('',#4436,#4431,#594,.T.);
#3641=EDGE_CURVE('',#4437,#4438,#595,.T.);
#3642=EDGE_CURVE('',#4438,#4431,#596,.F.);
#3643=EDGE_CURVE('',#4436,#4439,#597,.T.);
#3644=EDGE_CURVE('',#4439,#4437,#345,.F.);
#3645=EDGE_CURVE('',#4440,#4434,#598,.T.);
#3646=EDGE_CURVE('',#4440,#4441,#599,.T.);
#3647=EDGE_CURVE('',#4441,#4442,#600,.F.);
#3648=EDGE_CURVE('',#4442,#4443,#601,.T.);
#3649=EDGE_CURVE('',#4443,#4444,#346,.F.);
#3650=EDGE_CURVE('',#4444,#4435,#602,.T.);
#3651=EDGE_CURVE('',#4444,#4439,#603,.F.);
#3652=EDGE_CURVE('',#4445,#4445,#5060,.T.);
#3653=EDGE_CURVE('',#4446,#4446,#5061,.T.);
#3654=EDGE_CURVE('',#3848,#4440,#5062,.F.);
#3655=EDGE_CURVE('',#4433,#3841,#5063,.F.);
#3656=EDGE_CURVE('',#4430,#4425,#5064,.T.);
#3657=EDGE_CURVE('',#4447,#4447,#5065,.T.);
#3658=EDGE_CURVE('',#4429,#3836,#5066,.F.);
#3659=EDGE_CURVE('',#3840,#4426,#5067,.F.);
#3660=EDGE_CURVE('',#4427,#3773,#347,.F.);
#3661=EDGE_CURVE('',#3849,#4428,#348,.T.);
#3662=EDGE_CURVE('',#4414,#3769,#349,.F.);
#3663=EDGE_CURVE('',#4415,#3853,#350,.F.);
#3664=EDGE_CURVE('',#3856,#4432,#335,.T.);
#3665=EDGE_CURVE('',#3857,#4431,#5068,.T.);
#3666=EDGE_CURVE('',#4126,#4438,#351,.T.);
#3667=EDGE_CURVE('',#4441,#3855,#352,.F.);
#3668=EDGE_CURVE('',#4442,#4124,#353,.T.);
#3669=EDGE_CURVE('',#4127,#4437,#354,.F.);
#3670=EDGE_CURVE('',#4443,#4123,#355,.T.);
#3671=EDGE_CURVE('',#3842,#4432,#5069,.T.);
#3672=EDGE_CURVE('',#3805,#4122,#5070,.T.);
#3673=EDGE_CURVE('',#4367,#3806,#5071,.F.);
#3674=EDGE_CURVE('',#4368,#3805,#5072,.T.);
#3675=EDGE_CURVE('',#3826,#4448,#356,.F.);
#3676=EDGE_CURVE('',#4449,#4448,#604,.T.);
#3677=EDGE_CURVE('',#4449,#4367,#5073,.T.);
#3678=EDGE_CURVE('',#3827,#4370,#5074,.T.);
#3679=EDGE_CURVE('',#4128,#3827,#5075,.T.);
#3680=EDGE_CURVE('',#4368,#4122,#5076,.F.);
#3681=EDGE_CURVE('',#4128,#4370,#5077,.F.);
#3682=EDGE_CURVE('',#4369,#4121,#5078,.T.);
#3683=EDGE_CURVE('',#4129,#4369,#5079,.T.);
#3684=EDGE_CURVE('',#4129,#4121,#5080,.F.);
#3685=EDGE_CURVE('',#4441,#3847,#5081,.T.);
#3686=EDGE_CURVE('',#3837,#4428,#5082,.T.);
#3687=EDGE_CURVE('',#4448,#4450,#605,.T.);
#3688=EDGE_CURVE('',#4450,#4451,#606,.T.);
#3689=EDGE_CURVE('',#4451,#4449,#607,.F.);
#3690=EDGE_CURVE('',#3830,#3810,#357,.T.);
#3691=EDGE_CURVE('',#4409,#3809,#358,.F.);
#3692=EDGE_CURVE('',#4399,#3808,#359,.F.);
#3693=EDGE_CURVE('',#3807,#4400,#5083,.F.);
#3694=EDGE_CURVE('',#4451,#3807,#5084,.T.);
#3695=EDGE_CURVE('',#4449,#3806,#5085,.T.);
#3696=EDGE_CURVE('',#4406,#4411,#360,.F.);
#3697=EDGE_CURVE('',#3824,#4406,#5086,.T.);
#3698=EDGE_CURVE('',#4407,#4410,#361,.T.);
#3699=EDGE_CURVE('',#3825,#4405,#5087,.T.);
#3700=EDGE_CURVE('',#4408,#4402,#362,.T.);
#3701=EDGE_CURVE('',#3826,#4452,#5088,.T.);
#3702=EDGE_CURVE('',#4452,#4405,#363,.F.);
#3703=EDGE_CURVE('',#4448,#4452,#364,.T.);
#3704=EDGE_CURVE('',#4404,#4401,#5089,.T.);
#3705=EDGE_CURVE('',#4450,#4404,#5090,.T.);
#3706=EDGE_CURVE('',#4450,#4401,#5091,.F.);
#3707=EDGE_CURVE('',#4451,#4400,#5092,.T.);
#3708=EDGE_CURVE('',#4453,#4454,#608,.T.);
#3709=EDGE_CURVE('',#4454,#4455,#609,.T.);
#3710=EDGE_CURVE('',#4456,#4455,#610,.T.);
#3711=EDGE_CURVE('',#4456,#4453,#611,.T.);
#3712=EDGE_CURVE('',#3816,#4454,#612,.F.);
#3713=EDGE_CURVE('',#4453,#4457,#613,.T.);
#3714=EDGE_CURVE('',#4457,#3817,#614,.T.);
#3715=EDGE_CURVE('',#4455,#4458,#615,.T.);
#3716=EDGE_CURVE('',#4459,#4458,#616,.T.);
#3717=EDGE_CURVE('',#4459,#4456,#617,.T.);
#3718=EDGE_CURVE('',#4460,#4457,#618,.T.);
#3719=EDGE_CURVE('',#4460,#3818,#619,.T.);
#3720=EDGE_CURVE('',#4461,#4462,#620,.T.);
#3721=EDGE_CURVE('',#4462,#3819,#621,.F.);
#3722=EDGE_CURVE('',#4461,#4460,#622,.T.);
#3723=EDGE_CURVE('',#4463,#4464,#623,.T.);
#3724=EDGE_CURVE('',#4464,#4462,#624,.T.);
#3725=EDGE_CURVE('',#4461,#4463,#625,.T.);
#3726=EDGE_CURVE('',#4465,#4466,#626,.T.);
#3727=EDGE_CURVE('',#4466,#4464,#627,.T.);
#3728=EDGE_CURVE('',#4465,#4463,#628,.T.);
#3729=EDGE_CURVE('',#4458,#4466,#629,.T.);
#3730=EDGE_CURVE('',#4459,#4465,#630,.T.);
#3731=EDGE_CURVE('',#4467,#3788,#631,.T.);
#3732=EDGE_CURVE('',#4468,#4467,#632,.T.);
#3733=EDGE_CURVE('',#4468,#3790,#633,.T.);
#3734=EDGE_CURVE('',#4468,#4469,#634,.T.);
#3735=EDGE_CURVE('',#4469,#3791,#635,.T.);
#3736=EDGE_CURVE('',#4469,#4470,#636,.T.);
#3737=EDGE_CURVE('',#4470,#3789,#637,.T.);
#3738=EDGE_CURVE('',#4467,#4470,#638,.T.);
#3739=EDGE_CURVE('',#3820,#4464,#639,.T.);
#3740=EDGE_CURVE('',#3821,#4466,#640,.F.);
#3741=EDGE_CURVE('',#3814,#4458,#641,.T.);
#3742=EDGE_CURVE('',#3815,#4455,#642,.F.);
#3743=EDGE_CURVE('',#4471,#4471,#5093,.T.);
#3744=EDGE_CURVE('',#4472,#3795,#643,.T.);
#3745=EDGE_CURVE('',#4472,#3762,#644,.T.);
#3746=EDGE_CURVE('',#4473,#3794,#645,.T.);
#3747=EDGE_CURVE('',#4473,#4472,#5094,.T.);
#3748=EDGE_CURVE('',#4474,#3793,#646,.T.);
#3749=EDGE_CURVE('',#4474,#4473,#647,.T.);
#3750=EDGE_CURVE('',#4475,#3792,#648,.T.);
#3751=EDGE_CURVE('',#4474,#4475,#5095,.T.);
#3752=EDGE_CURVE('',#4476,#4476,#5096,.T.);
#3753=EDGE_CURVE('',#3764,#4475,#649,.T.);
#3754=EDGE_CURVE('',#4477,#4477,#5097,.T.);
#3755=EDGE_CURVE('',#4478,#4478,#5098,.T.);
#3756=EDGE_CURVE('',#4479,#4479,#5099,.F.);
#3757=EDGE_CURVE('',#4480,#4480,#5100,.F.);
#3758=VERTEX_POINT('',#11039);
#3759=VERTEX_POINT('',#11041);
#3760=VERTEX_POINT('',#11043);
#3761=VERTEX_POINT('',#11045);
#3762=VERTEX_POINT('',#11047);
#3763=VERTEX_POINT('',#11048);
#3764=VERTEX_POINT('',#11050);
#3765=VERTEX_POINT('',#11052);
#3766=VERTEX_POINT('',#11054);
#3767=VERTEX_POINT('',#11056);
#3768=VERTEX_POINT('',#11058);
#3769=VERTEX_POINT('',#11060);
#3770=VERTEX_POINT('',#11062);
#3771=VERTEX_POINT('',#11064);
#3772=VERTEX_POINT('',#11066);
#3773=VERTEX_POINT('',#11068);
#3774=VERTEX_POINT('',#11070);
#3775=VERTEX_POINT('',#11072);
#3776=VERTEX_POINT('',#11074);
#3777=VERTEX_POINT('',#11076);
#3778=VERTEX_POINT('',#11080);
#3779=VERTEX_POINT('',#11082);
#3780=VERTEX_POINT('',#11084);
#3781=VERTEX_POINT('',#11085);
#3782=VERTEX_POINT('',#11087);
#3783=VERTEX_POINT('',#11089);
#3784=VERTEX_POINT('',#11092);
#3785=VERTEX_POINT('',#11093);
#3786=VERTEX_POINT('',#11095);
#3787=VERTEX_POINT('',#11097);
#3788=VERTEX_POINT('',#11100);
#3789=VERTEX_POINT('',#11101);
#3790=VERTEX_POINT('',#11103);
#3791=VERTEX_POINT('',#11105);
#3792=VERTEX_POINT('',#11108);
#3793=VERTEX_POINT('',#11110);
#3794=VERTEX_POINT('',#11112);
#3795=VERTEX_POINT('',#11114);
#3796=VERTEX_POINT('',#11117);
#3797=VERTEX_POINT('',#11119);
#3798=VERTEX_POINT('',#11121);
#3799=VERTEX_POINT('',#11123);
#3800=VERTEX_POINT('',#11125);
#3801=VERTEX_POINT('',#11127);
#3802=VERTEX_POINT('',#11129);
#3803=VERTEX_POINT('',#11133);
#3804=VERTEX_POINT('',#11135);
#3805=VERTEX_POINT('',#11138);
#3806=VERTEX_POINT('',#11139);
#3807=VERTEX_POINT('',#11141);
#3808=VERTEX_POINT('',#11143);
#3809=VERTEX_POINT('',#11145);
#3810=VERTEX_POINT('',#11147);
#3811=VERTEX_POINT('',#11149);
#3812=VERTEX_POINT('',#11151);
#3813=VERTEX_POINT('',#11155);
#3814=VERTEX_POINT('',#11157);
#3815=VERTEX_POINT('',#11158);
#3816=VERTEX_POINT('',#11160);
#3817=VERTEX_POINT('',#11162);
#3818=VERTEX_POINT('',#11164);
#3819=VERTEX_POINT('',#11166);
#3820=VERTEX_POINT('',#11168);
#3821=VERTEX_POINT('',#11170);
#3822=VERTEX_POINT('',#11173);
#3823=VERTEX_POINT('',#11174);
#3824=VERTEX_POINT('',#11176);
#3825=VERTEX_POINT('',#11178);
#3826=VERTEX_POINT('',#11180);
#3827=VERTEX_POINT('',#11182);
#3828=VERTEX_POINT('',#11184);
#3829=VERTEX_POINT('',#11186);
#3830=VERTEX_POINT('',#11188);
#3831=VERTEX_POINT('',#11190);
#3832=VERTEX_POINT('',#11193);
#3833=VERTEX_POINT('',#11194);
#3834=VERTEX_POINT('',#11196);
#3835=VERTEX_POINT('',#11198);
#3836=VERTEX_POINT('',#11202);
#3837=VERTEX_POINT('',#11203);
#3838=VERTEX_POINT('',#11205);
#3839=VERTEX_POINT('',#11207);
#3840=VERTEX_POINT('',#11209);
#3841=VERTEX_POINT('',#11213);
#3842=VERTEX_POINT('',#11214);
#3843=VERTEX_POINT('',#11220);
#3844=VERTEX_POINT('',#11222);
#3845=VERTEX_POINT('',#11224);
#3846=VERTEX_POINT('',#11228);
#3847=VERTEX_POINT('',#11230);
#3848=VERTEX_POINT('',#11232);
#3849=VERTEX_POINT('',#11240);
#3850=VERTEX_POINT('',#11243);
#3851=VERTEX_POINT('',#11245);
#3852=VERTEX_POINT('',#11247);
#3853=VERTEX_POINT('',#11249);
#3854=VERTEX_POINT('',#11252);
#3855=VERTEX_POINT('',#11254);
#3856=VERTEX_POINT('',#11264);
#3857=VERTEX_POINT('',#11266);
#3858=VERTEX_POINT('',#11268);
#3859=VERTEX_POINT('',#11270);
#3860=VERTEX_POINT('',#11274);
#3861=VERTEX_POINT('',#11276);
#3862=VERTEX_POINT('',#11278);
#3863=VERTEX_POINT('',#11280);
#3864=VERTEX_POINT('',#11282);
#3865=VERTEX_POINT('',#11285);
#3866=VERTEX_POINT('',#11289);
#3867=VERTEX_POINT('',#11297);
#3868=VERTEX_POINT('',#11299);
#3869=VERTEX_POINT('',#11303);
#3870=VERTEX_POINT('',#11307);
#3871=VERTEX_POINT('',#11309);
#3872=VERTEX_POINT('',#11311);
#3873=VERTEX_POINT('',#11315);
#3874=VERTEX_POINT('',#11317);
#3875=VERTEX_POINT('',#11321);
#3876=VERTEX_POINT('',#11328);
#3877=VERTEX_POINT('',#11329);
#3878=VERTEX_POINT('',#11334);
#3879=VERTEX_POINT('',#11336);
#3880=VERTEX_POINT('',#11340);
#3881=VERTEX_POINT('',#11342);
#3882=VERTEX_POINT('',#11349);
#3883=VERTEX_POINT('',#11352);
#3884=VERTEX_POINT('',#11355);
#3885=VERTEX_POINT('',#11356);
#3886=VERTEX_POINT('',#11358);
#3887=VERTEX_POINT('',#11360);
#3888=VERTEX_POINT('',#11362);
#3889=VERTEX_POINT('',#11364);
#3890=VERTEX_POINT('',#11367);
#3891=VERTEX_POINT('',#11369);
#3892=VERTEX_POINT('',#11371);
#3893=VERTEX_POINT('',#11373);
#3894=VERTEX_POINT('',#11375);
#3895=VERTEX_POINT('',#11377);
#3896=VERTEX_POINT('',#11379);
#3897=VERTEX_POINT('',#11381);
#3898=VERTEX_POINT('',#11383);
#3899=VERTEX_POINT('',#11385);
#3900=VERTEX_POINT('',#11387);
#3901=VERTEX_POINT('',#11389);
#3902=VERTEX_POINT('',#11391);
#3903=VERTEX_POINT('',#11393);
#3904=VERTEX_POINT('',#11395);
#3905=VERTEX_POINT('',#11397);
#3906=VERTEX_POINT('',#11399);
#3907=VERTEX_POINT('',#11401);
#3908=VERTEX_POINT('',#11403);
#3909=VERTEX_POINT('',#11405);
#3910=VERTEX_POINT('',#11407);
#3911=VERTEX_POINT('',#11409);
#3912=VERTEX_POINT('',#11411);
#3913=VERTEX_POINT('',#11413);
#3914=VERTEX_POINT('',#11415);
#3915=VERTEX_POINT('',#11417);
#3916=VERTEX_POINT('',#11419);
#3917=VERTEX_POINT('',#11421);
#3918=VERTEX_POINT('',#11423);
#3919=VERTEX_POINT('',#11425);
#3920=VERTEX_POINT('',#11427);
#3921=VERTEX_POINT('',#11429);
#3922=VERTEX_POINT('',#11431);
#3923=VERTEX_POINT('',#11433);
#3924=VERTEX_POINT('',#11435);
#3925=VERTEX_POINT('',#11437);
#3926=VERTEX_POINT('',#11439);
#3927=VERTEX_POINT('',#11441);
#3928=VERTEX_POINT('',#11443);
#3929=VERTEX_POINT('',#11445);
#3930=VERTEX_POINT('',#11447);
#3931=VERTEX_POINT('',#11449);
#3932=VERTEX_POINT('',#11451);
#3933=VERTEX_POINT('',#11453);
#3934=VERTEX_POINT('',#11455);
#3935=VERTEX_POINT('',#11457);
#3936=VERTEX_POINT('',#11459);
#3937=VERTEX_POINT('',#11461);
#3938=VERTEX_POINT('',#11463);
#3939=VERTEX_POINT('',#11465);
#3940=VERTEX_POINT('',#11467);
#3941=VERTEX_POINT('',#11469);
#3942=VERTEX_POINT('',#11471);
#3943=VERTEX_POINT('',#11473);
#3944=VERTEX_POINT('',#11475);
#3945=VERTEX_POINT('',#11477);
#3946=VERTEX_POINT('',#11479);
#3947=VERTEX_POINT('',#11481);
#3948=VERTEX_POINT('',#11483);
#3949=VERTEX_POINT('',#11485);
#3950=VERTEX_POINT('',#11487);
#3951=VERTEX_POINT('',#11489);
#3952=VERTEX_POINT('',#11491);
#3953=VERTEX_POINT('',#11493);
#3954=VERTEX_POINT('',#11495);
#3955=VERTEX_POINT('',#11497);
#3956=VERTEX_POINT('',#11499);
#3957=VERTEX_POINT('',#11501);
#3958=VERTEX_POINT('',#11503);
#3959=VERTEX_POINT('',#11505);
#3960=VERTEX_POINT('',#11507);
#3961=VERTEX_POINT('',#11509);
#3962=VERTEX_POINT('',#11511);
#3963=VERTEX_POINT('',#11513);
#3964=VERTEX_POINT('',#11515);
#3965=VERTEX_POINT('',#11517);
#3966=VERTEX_POINT('',#11519);
#3967=VERTEX_POINT('',#11521);
#3968=VERTEX_POINT('',#11523);
#3969=VERTEX_POINT('',#11525);
#3970=VERTEX_POINT('',#11527);
#3971=VERTEX_POINT('',#11529);
#3972=VERTEX_POINT('',#11531);
#3973=VERTEX_POINT('',#11533);
#3974=VERTEX_POINT('',#11535);
#3975=VERTEX_POINT('',#11537);
#3976=VERTEX_POINT('',#11539);
#3977=VERTEX_POINT('',#11541);
#3978=VERTEX_POINT('',#11543);
#3979=VERTEX_POINT('',#11545);
#3980=VERTEX_POINT('',#11547);
#3981=VERTEX_POINT('',#11549);
#3982=VERTEX_POINT('',#11551);
#3983=VERTEX_POINT('',#11553);
#3984=VERTEX_POINT('',#11555);
#3985=VERTEX_POINT('',#11557);
#3986=VERTEX_POINT('',#11559);
#3987=VERTEX_POINT('',#11561);
#3988=VERTEX_POINT('',#11563);
#3989=VERTEX_POINT('',#11565);
#3990=VERTEX_POINT('',#11567);
#3991=VERTEX_POINT('',#11569);
#3992=VERTEX_POINT('',#11571);
#3993=VERTEX_POINT('',#11573);
#3994=VERTEX_POINT('',#11575);
#3995=VERTEX_POINT('',#11577);
#3996=VERTEX_POINT('',#11579);
#3997=VERTEX_POINT('',#11581);
#3998=VERTEX_POINT('',#11583);
#3999=VERTEX_POINT('',#11585);
#4000=VERTEX_POINT('',#11587);
#4001=VERTEX_POINT('',#11589);
#4002=VERTEX_POINT('',#11591);
#4003=VERTEX_POINT('',#11593);
#4004=VERTEX_POINT('',#11595);
#4005=VERTEX_POINT('',#11597);
#4006=VERTEX_POINT('',#11599);
#4007=VERTEX_POINT('',#11601);
#4008=VERTEX_POINT('',#11603);
#4009=VERTEX_POINT('',#11605);
#4010=VERTEX_POINT('',#11607);
#4011=VERTEX_POINT('',#11609);
#4012=VERTEX_POINT('',#11611);
#4013=VERTEX_POINT('',#11613);
#4014=VERTEX_POINT('',#11615);
#4015=VERTEX_POINT('',#11617);
#4016=VERTEX_POINT('',#11619);
#4017=VERTEX_POINT('',#11621);
#4018=VERTEX_POINT('',#11623);
#4019=VERTEX_POINT('',#11625);
#4020=VERTEX_POINT('',#11627);
#4021=VERTEX_POINT('',#11629);
#4022=VERTEX_POINT('',#11631);
#4023=VERTEX_POINT('',#11633);
#4024=VERTEX_POINT('',#11635);
#4025=VERTEX_POINT('',#11637);
#4026=VERTEX_POINT('',#11639);
#4027=VERTEX_POINT('',#11641);
#4028=VERTEX_POINT('',#11643);
#4029=VERTEX_POINT('',#11645);
#4030=VERTEX_POINT('',#11647);
#4031=VERTEX_POINT('',#11649);
#4032=VERTEX_POINT('',#11651);
#4033=VERTEX_POINT('',#11652);
#4034=VERTEX_POINT('',#11654);
#4035=VERTEX_POINT('',#11656);
#4036=VERTEX_POINT('',#11658);
#4037=VERTEX_POINT('',#11660);
#4038=VERTEX_POINT('',#11663);
#4039=VERTEX_POINT('',#11664);
#4040=VERTEX_POINT('',#11666);
#4041=VERTEX_POINT('',#11668);
#4042=VERTEX_POINT('',#11670);
#4043=VERTEX_POINT('',#11672);
#4044=VERTEX_POINT('',#11675);
#4045=VERTEX_POINT('',#11676);
#4046=VERTEX_POINT('',#11678);
#4047=VERTEX_POINT('',#11680);
#4048=VERTEX_POINT('',#11682);
#4049=VERTEX_POINT('',#11684);
#4050=VERTEX_POINT('',#11687);
#4051=VERTEX_POINT('',#11688);
#4052=VERTEX_POINT('',#11690);
#4053=VERTEX_POINT('',#11692);
#4054=VERTEX_POINT('',#11694);
#4055=VERTEX_POINT('',#11696);
#4056=VERTEX_POINT('',#11699);
#4057=VERTEX_POINT('',#11700);
#4058=VERTEX_POINT('',#11702);
#4059=VERTEX_POINT('',#11704);
#4060=VERTEX_POINT('',#11706);
#4061=VERTEX_POINT('',#11708);
#4062=VERTEX_POINT('',#11711);
#4063=VERTEX_POINT('',#11712);
#4064=VERTEX_POINT('',#11714);
#4065=VERTEX_POINT('',#11716);
#4066=VERTEX_POINT('',#11718);
#4067=VERTEX_POINT('',#11720);
#4068=VERTEX_POINT('',#11723);
#4069=VERTEX_POINT('',#11724);
#4070=VERTEX_POINT('',#11727);
#4071=VERTEX_POINT('',#11730);
#4072=VERTEX_POINT('',#11733);
#4073=VERTEX_POINT('',#11736);
#4074=VERTEX_POINT('',#11739);
#4075=VERTEX_POINT('',#11742);
#4076=VERTEX_POINT('',#11745);
#4077=VERTEX_POINT('',#11748);
#4078=VERTEX_POINT('',#11751);
#4079=VERTEX_POINT('',#11754);
#4080=VERTEX_POINT('',#11757);
#4081=VERTEX_POINT('',#11760);
#4082=VERTEX_POINT('',#11763);
#4083=VERTEX_POINT('',#11766);
#4084=VERTEX_POINT('',#11769);
#4085=VERTEX_POINT('',#11772);
#4086=VERTEX_POINT('',#11775);
#4087=VERTEX_POINT('',#11778);
#4088=VERTEX_POINT('',#11781);
#4089=VERTEX_POINT('',#11784);
#4090=VERTEX_POINT('',#11787);
#4091=VERTEX_POINT('',#11790);
#4092=VERTEX_POINT('',#11793);
#4093=VERTEX_POINT('',#11796);
#4094=VERTEX_POINT('',#11799);
#4095=VERTEX_POINT('',#11802);
#4096=VERTEX_POINT('',#11805);
#4097=VERTEX_POINT('',#11808);
#4098=VERTEX_POINT('',#11811);
#4099=VERTEX_POINT('',#11814);
#4100=VERTEX_POINT('',#11817);
#4101=VERTEX_POINT('',#11820);
#4102=VERTEX_POINT('',#11823);
#4103=VERTEX_POINT('',#11826);
#4104=VERTEX_POINT('',#11829);
#4105=VERTEX_POINT('',#11832);
#4106=VERTEX_POINT('',#11835);
#4107=VERTEX_POINT('',#11838);
#4108=VERTEX_POINT('',#11841);
#4109=VERTEX_POINT('',#11844);
#4110=VERTEX_POINT('',#11847);
#4111=VERTEX_POINT('',#11850);
#4112=VERTEX_POINT('',#11853);
#4113=VERTEX_POINT('',#11856);
#4114=VERTEX_POINT('',#11859);
#4115=VERTEX_POINT('',#11862);
#4116=VERTEX_POINT('',#11865);
#4117=VERTEX_POINT('',#11868);
#4118=VERTEX_POINT('',#11871);
#4119=VERTEX_POINT('',#11877);
#4120=VERTEX_POINT('',#11878);
#4121=VERTEX_POINT('',#11880);
#4122=VERTEX_POINT('',#11882);
#4123=VERTEX_POINT('',#11886);
#4124=VERTEX_POINT('',#11887);
#4125=VERTEX_POINT('',#11890);
#4126=VERTEX_POINT('',#11893);
#4127=VERTEX_POINT('',#11895);
#4128=VERTEX_POINT('',#11901);
#4129=VERTEX_POINT('',#11902);
#4130=VERTEX_POINT('',#11904);
#4131=VERTEX_POINT('',#11906);
#4132=VERTEX_POINT('',#11915);
#4133=VERTEX_POINT('',#11917);
#4134=VERTEX_POINT('',#11921);
#4135=VERTEX_POINT('',#11922);
#4136=VERTEX_POINT('',#11927);
#4137=VERTEX_POINT('',#11928);
#4138=VERTEX_POINT('',#11933);
#4139=VERTEX_POINT('',#11934);
#4140=VERTEX_POINT('',#11939);
#4141=VERTEX_POINT('',#11940);
#4142=VERTEX_POINT('',#11945);
#4143=VERTEX_POINT('',#11947);
#4144=VERTEX_POINT('',#11951);
#4145=VERTEX_POINT('',#11952);
#4146=VERTEX_POINT('',#11957);
#4147=VERTEX_POINT('',#11958);
#4148=VERTEX_POINT('',#11963);
#4149=VERTEX_POINT('',#11964);
#4150=VERTEX_POINT('',#11969);
#4151=VERTEX_POINT('',#11970);
#4152=VERTEX_POINT('',#11975);
#4153=VERTEX_POINT('',#11976);
#4154=VERTEX_POINT('',#11981);
#4155=VERTEX_POINT('',#11982);
#4156=VERTEX_POINT('',#11987);
#4157=VERTEX_POINT('',#11988);
#4158=VERTEX_POINT('',#11993);
#4159=VERTEX_POINT('',#11994);
#4160=VERTEX_POINT('',#11999);
#4161=VERTEX_POINT('',#12002);
#4162=VERTEX_POINT('',#12005);
#4163=VERTEX_POINT('',#12008);
#4164=VERTEX_POINT('',#12011);
#4165=VERTEX_POINT('',#12014);
#4166=VERTEX_POINT('',#12017);
#4167=VERTEX_POINT('',#12020);
#4168=VERTEX_POINT('',#12023);
#4169=VERTEX_POINT('',#12026);
#4170=VERTEX_POINT('',#12029);
#4171=VERTEX_POINT('',#12032);
#4172=VERTEX_POINT('',#12035);
#4173=VERTEX_POINT('',#12038);
#4174=VERTEX_POINT('',#12041);
#4175=VERTEX_POINT('',#12044);
#4176=VERTEX_POINT('',#12047);
#4177=VERTEX_POINT('',#12050);
#4178=VERTEX_POINT('',#12053);
#4179=VERTEX_POINT('',#12056);
#4180=VERTEX_POINT('',#12059);
#4181=VERTEX_POINT('',#12062);
#4182=VERTEX_POINT('',#12065);
#4183=VERTEX_POINT('',#12068);
#4184=VERTEX_POINT('',#12071);
#4185=VERTEX_POINT('',#12074);
#4186=VERTEX_POINT('',#12077);
#4187=VERTEX_POINT('',#12080);
#4188=VERTEX_POINT('',#12083);
#4189=VERTEX_POINT('',#12086);
#4190=VERTEX_POINT('',#12089);
#4191=VERTEX_POINT('',#12092);
#4192=VERTEX_POINT('',#12095);
#4193=VERTEX_POINT('',#12098);
#4194=VERTEX_POINT('',#12101);
#4195=VERTEX_POINT('',#12104);
#4196=VERTEX_POINT('',#12107);
#4197=VERTEX_POINT('',#12110);
#4198=VERTEX_POINT('',#12113);
#4199=VERTEX_POINT('',#12116);
#4200=VERTEX_POINT('',#12119);
#4201=VERTEX_POINT('',#12122);
#4202=VERTEX_POINT('',#12125);
#4203=VERTEX_POINT('',#12128);
#4204=VERTEX_POINT('',#12131);
#4205=VERTEX_POINT('',#12134);
#4206=VERTEX_POINT('',#12137);
#4207=VERTEX_POINT('',#12140);
#4208=VERTEX_POINT('',#12143);
#4209=VERTEX_POINT('',#12146);
#4210=VERTEX_POINT('',#12149);
#4211=VERTEX_POINT('',#12152);
#4212=VERTEX_POINT('',#12155);
#4213=VERTEX_POINT('',#12158);
#4214=VERTEX_POINT('',#12161);
#4215=VERTEX_POINT('',#12164);
#4216=VERTEX_POINT('',#12167);
#4217=VERTEX_POINT('',#12170);
#4218=VERTEX_POINT('',#12173);
#4219=VERTEX_POINT('',#12176);
#4220=VERTEX_POINT('',#12179);
#4221=VERTEX_POINT('',#12182);
#4222=VERTEX_POINT('',#12185);
#4223=VERTEX_POINT('',#12188);
#4224=VERTEX_POINT('',#12191);
#4225=VERTEX_POINT('',#12194);
#4226=VERTEX_POINT('',#12197);
#4227=VERTEX_POINT('',#12200);
#4228=VERTEX_POINT('',#12203);
#4229=VERTEX_POINT('',#12206);
#4230=VERTEX_POINT('',#12209);
#4231=VERTEX_POINT('',#12212);
#4232=VERTEX_POINT('',#12215);
#4233=VERTEX_POINT('',#12218);
#4234=VERTEX_POINT('',#12221);
#4235=VERTEX_POINT('',#12224);
#4236=VERTEX_POINT('',#12227);
#4237=VERTEX_POINT('',#12230);
#4238=VERTEX_POINT('',#12233);
#4239=VERTEX_POINT('',#12236);
#4240=VERTEX_POINT('',#12239);
#4241=VERTEX_POINT('',#12242);
#4242=VERTEX_POINT('',#12245);
#4243=VERTEX_POINT('',#12248);
#4244=VERTEX_POINT('',#12251);
#4245=VERTEX_POINT('',#12254);
#4246=VERTEX_POINT('',#12257);
#4247=VERTEX_POINT('',#12260);
#4248=VERTEX_POINT('',#12263);
#4249=VERTEX_POINT('',#12266);
#4250=VERTEX_POINT('',#12269);
#4251=VERTEX_POINT('',#12272);
#4252=VERTEX_POINT('',#12275);
#4253=VERTEX_POINT('',#12278);
#4254=VERTEX_POINT('',#12281);
#4255=VERTEX_POINT('',#12284);
#4256=VERTEX_POINT('',#12287);
#4257=VERTEX_POINT('',#12290);
#4258=VERTEX_POINT('',#12293);
#4259=VERTEX_POINT('',#12296);
#4260=VERTEX_POINT('',#12299);
#4261=VERTEX_POINT('',#12302);
#4262=VERTEX_POINT('',#12305);
#4263=VERTEX_POINT('',#12308);
#4264=VERTEX_POINT('',#12311);
#4265=VERTEX_POINT('',#12314);
#4266=VERTEX_POINT('',#12317);
#4267=VERTEX_POINT('',#12320);
#4268=VERTEX_POINT('',#12323);
#4269=VERTEX_POINT('',#12326);
#4270=VERTEX_POINT('',#12329);
#4271=VERTEX_POINT('',#12332);
#4272=VERTEX_POINT('',#12335);
#4273=VERTEX_POINT('',#12338);
#4274=VERTEX_POINT('',#12341);
#4275=VERTEX_POINT('',#12344);
#4276=VERTEX_POINT('',#12347);
#4277=VERTEX_POINT('',#12350);
#4278=VERTEX_POINT('',#12353);
#4279=VERTEX_POINT('',#12356);
#4280=VERTEX_POINT('',#12359);
#4281=VERTEX_POINT('',#12362);
#4282=VERTEX_POINT('',#12365);
#4283=VERTEX_POINT('',#12368);
#4284=VERTEX_POINT('',#12371);
#4285=VERTEX_POINT('',#12374);
#4286=VERTEX_POINT('',#12377);
#4287=VERTEX_POINT('',#12380);
#4288=VERTEX_POINT('',#12383);
#4289=VERTEX_POINT('',#12386);
#4290=VERTEX_POINT('',#12389);
#4291=VERTEX_POINT('',#12392);
#4292=VERTEX_POINT('',#12395);
#4293=VERTEX_POINT('',#12398);
#4294=VERTEX_POINT('',#12401);
#4295=VERTEX_POINT('',#12404);
#4296=VERTEX_POINT('',#12407);
#4297=VERTEX_POINT('',#12410);
#4298=VERTEX_POINT('',#12413);
#4299=VERTEX_POINT('',#12416);
#4300=VERTEX_POINT('',#12419);
#4301=VERTEX_POINT('',#12422);
#4302=VERTEX_POINT('',#12425);
#4303=VERTEX_POINT('',#12427);
#4304=VERTEX_POINT('',#12431);
#4305=VERTEX_POINT('',#12433);
#4306=VERTEX_POINT('',#12437);
#4307=VERTEX_POINT('',#12439);
#4308=VERTEX_POINT('',#12443);
#4309=VERTEX_POINT('',#12445);
#4310=VERTEX_POINT('',#12449);
#4311=VERTEX_POINT('',#12451);
#4312=VERTEX_POINT('',#12455);
#4313=VERTEX_POINT('',#12457);
#4314=VERTEX_POINT('',#12461);
#4315=VERTEX_POINT('',#12464);
#4316=VERTEX_POINT('',#12467);
#4317=VERTEX_POINT('',#12470);
#4318=VERTEX_POINT('',#12473);
#4319=VERTEX_POINT('',#12476);
#4320=VERTEX_POINT('',#12479);
#4321=VERTEX_POINT('',#12482);
#4322=VERTEX_POINT('',#12485);
#4323=VERTEX_POINT('',#12488);
#4324=VERTEX_POINT('',#12491);
#4325=VERTEX_POINT('',#12494);
#4326=VERTEX_POINT('',#12497);
#4327=VERTEX_POINT('',#12500);
#4328=VERTEX_POINT('',#12503);
#4329=VERTEX_POINT('',#12506);
#4330=VERTEX_POINT('',#12509);
#4331=VERTEX_POINT('',#12512);
#4332=VERTEX_POINT('',#12515);
#4333=VERTEX_POINT('',#12518);
#4334=VERTEX_POINT('',#12521);
#4335=VERTEX_POINT('',#12524);
#4336=VERTEX_POINT('',#12527);
#4337=VERTEX_POINT('',#12530);
#4338=VERTEX_POINT('',#12533);
#4339=VERTEX_POINT('',#12536);
#4340=VERTEX_POINT('',#12539);
#4341=VERTEX_POINT('',#12542);
#4342=VERTEX_POINT('',#12545);
#4343=VERTEX_POINT('',#12548);
#4344=VERTEX_POINT('',#12551);
#4345=VERTEX_POINT('',#12554);
#4346=VERTEX_POINT('',#12557);
#4347=VERTEX_POINT('',#12560);
#4348=VERTEX_POINT('',#12563);
#4349=VERTEX_POINT('',#12566);
#4350=VERTEX_POINT('',#12569);
#4351=VERTEX_POINT('',#12572);
#4352=VERTEX_POINT('',#12575);
#4353=VERTEX_POINT('',#12578);
#4354=VERTEX_POINT('',#12581);
#4355=VERTEX_POINT('',#12584);
#4356=VERTEX_POINT('',#12587);
#4357=VERTEX_POINT('',#12590);
#4358=VERTEX_POINT('',#12593);
#4359=VERTEX_POINT('',#12596);
#4360=VERTEX_POINT('',#12599);
#4361=VERTEX_POINT('',#12602);
#4362=VERTEX_POINT('',#12605);
#4363=VERTEX_POINT('',#12608);
#4364=VERTEX_POINT('',#12611);
#4365=VERTEX_POINT('',#12614);
#4366=VERTEX_POINT('',#12615);
#4367=VERTEX_POINT('',#12620);
#4368=VERTEX_POINT('',#12621);
#4369=VERTEX_POINT('',#12623);
#4370=VERTEX_POINT('',#12625);
#4371=VERTEX_POINT('',#12671);
#4372=VERTEX_POINT('',#12674);
#4373=VERTEX_POINT('',#12676);
#4374=VERTEX_POINT('',#12680);
#4375=VERTEX_POINT('',#12682);
#4376=VERTEX_POINT('',#12685);
#4377=VERTEX_POINT('',#12687);
#4378=VERTEX_POINT('',#12690);
#4379=VERTEX_POINT('',#12694);
#4380=VERTEX_POINT('',#12696);
#4381=VERTEX_POINT('',#12699);
#4382=VERTEX_POINT('',#12701);
#4383=VERTEX_POINT('',#12704);
#4384=VERTEX_POINT('',#12708);
#4385=VERTEX_POINT('',#12710);
#4386=VERTEX_POINT('',#12713);
#4387=VERTEX_POINT('',#12716);
#4388=VERTEX_POINT('',#12720);
#4389=VERTEX_POINT('',#12722);
#4390=VERTEX_POINT('',#12725);
#4391=VERTEX_POINT('',#12727);
#4392=VERTEX_POINT('',#12730);
#4393=VERTEX_POINT('',#12744);
#4394=VERTEX_POINT('',#12745);
#4395=VERTEX_POINT('',#12747);
#4396=VERTEX_POINT('',#12749);
#4397=VERTEX_POINT('',#12764);
#4398=VERTEX_POINT('',#12766);
#4399=VERTEX_POINT('',#12770);
#4400=VERTEX_POINT('',#12771);
#4401=VERTEX_POINT('',#12773);
#4402=VERTEX_POINT('',#12775);
#4403=VERTEX_POINT('',#12777);
#4404=VERTEX_POINT('',#12784);
#4405=VERTEX_POINT('',#12785);
#4406=VERTEX_POINT('',#12787);
#4407=VERTEX_POINT('',#12789);
#4408=VERTEX_POINT('',#12791);
#4409=VERTEX_POINT('',#12795);
#4410=VERTEX_POINT('',#12799);
#4411=VERTEX_POINT('',#12800);
#4412=VERTEX_POINT('',#12806);
#4413=VERTEX_POINT('',#12814);
#4414=VERTEX_POINT('',#12815);
#4415=VERTEX_POINT('',#12817);
#4416=VERTEX_POINT('',#12819);
#4417=VERTEX_POINT('',#12823);
#4418=VERTEX_POINT('',#12824);
#4419=VERTEX_POINT('',#12828);
#4420=VERTEX_POINT('',#12835);
#4421=VERTEX_POINT('',#12841);
#4422=VERTEX_POINT('',#12843);
#4423=VERTEX_POINT('',#12845);
#4424=VERTEX_POINT('',#12848);
#4425=VERTEX_POINT('',#12851);
#4426=VERTEX_POINT('',#12852);
#4427=VERTEX_POINT('',#12857);
#4428=VERTEX_POINT('',#12858);
#4429=VERTEX_POINT('',#12860);
#4430=VERTEX_POINT('',#12862);
#4431=VERTEX_POINT('',#12867);
#4432=VERTEX_POINT('',#12868);
#4433=VERTEX_POINT('',#12870);
#4434=VERTEX_POINT('',#12872);
#4435=VERTEX_POINT('',#12874);
#4436=VERTEX_POINT('',#12876);
#4437=VERTEX_POINT('',#12880);
#4438=VERTEX_POINT('',#12881);
#4439=VERTEX_POINT('',#12884);
#4440=VERTEX_POINT('',#12888);
#4441=VERTEX_POINT('',#12890);
#4442=VERTEX_POINT('',#12892);
#4443=VERTEX_POINT('',#12894);
#4444=VERTEX_POINT('',#12896);
#4445=VERTEX_POINT('',#12901);
#4446=VERTEX_POINT('',#12904);
#4447=VERTEX_POINT('',#12912);
#4448=VERTEX_POINT('',#12982);
#4449=VERTEX_POINT('',#12984);
#4450=VERTEX_POINT('',#13042);
#4451=VERTEX_POINT('',#13044);
#4452=VERTEX_POINT('',#13118);
#4453=VERTEX_POINT('',#13148);
#4454=VERTEX_POINT('',#13149);
#4455=VERTEX_POINT('',#13151);
#4456=VERTEX_POINT('',#13153);
#4457=VERTEX_POINT('',#13158);
#4458=VERTEX_POINT('',#13162);
#4459=VERTEX_POINT('',#13164);
#4460=VERTEX_POINT('',#13168);
#4461=VERTEX_POINT('',#13172);
#4462=VERTEX_POINT('',#13173);
#4463=VERTEX_POINT('',#13178);
#4464=VERTEX_POINT('',#13179);
#4465=VERTEX_POINT('',#13184);
#4466=VERTEX_POINT('',#13185);
#4467=VERTEX_POINT('',#13193);
#4468=VERTEX_POINT('',#13195);
#4469=VERTEX_POINT('',#13199);
#4470=VERTEX_POINT('',#13203);
#4471=VERTEX_POINT('',#13219);
#4472=VERTEX_POINT('',#13222);
#4473=VERTEX_POINT('',#13226);
#4474=VERTEX_POINT('',#13230);
#4475=VERTEX_POINT('',#13234);
#4476=VERTEX_POINT('',#13238);
#4477=VERTEX_POINT('',#13243);
#4478=VERTEX_POINT('',#13245);
#4479=VERTEX_POINT('',#13248);
#4480=VERTEX_POINT('',#13250);
#4481=CIRCLE('',#7612,0.0075);
#4482=CIRCLE('',#7613,0.066237675);
#4483=CIRCLE('',#7614,0.0075);
#4484=CIRCLE('',#7615,0.0075);
#4485=CIRCLE('',#7616,0.0075);
#4486=CIRCLE('',#7618,0.00225);
#4487=CIRCLE('',#7619,0.00225);
#4488=CIRCLE('',#7620,0.015);
#4489=CIRCLE('',#7621,0.0065);
#4490=CIRCLE('',#7623,0.01025);
#4491=CIRCLE('',#7624,0.0125);
#4492=CIRCLE('',#7627,0.01125);
#4493=CIRCLE('',#7630,0.00725);
#4494=CIRCLE('',#7631,0.00725);
#4495=CIRCLE('',#7638,0.002);
#4496=CIRCLE('',#7639,0.0121335867338691);
#4497=CIRCLE('',#7640,0.003);
#4498=CIRCLE('',#7641,0.008);
#4499=CIRCLE('',#7643,0.0055);
#4500=CIRCLE('',#7655,0.00225);
#4501=CIRCLE('',#7657,0.00225);
#4502=CIRCLE('',#7659,0.0125050497955948);
#4503=CIRCLE('',#7660,0.001);
#4504=CIRCLE('',#7661,0.01425);
#4505=CIRCLE('',#7662,0.001);
#4506=CIRCLE('',#7663,0.0225);
#4507=CIRCLE('',#7664,0.005);
#4508=CIRCLE('',#7665,0.003);
#4509=CIRCLE('',#7666,0.003);
#4510=CIRCLE('',#7667,0.003);
#4511=CIRCLE('',#7668,0.003);
#4512=CIRCLE('',#7669,0.003);
#4513=CIRCLE('',#7670,0.003);
#4514=CIRCLE('',#7671,0.003);
#4515=CIRCLE('',#7672,0.003);
#4516=CIRCLE('',#7673,0.003);
#4517=CIRCLE('',#7674,0.003);
#4518=CIRCLE('',#7675,0.003);
#4519=CIRCLE('',#7676,0.003);
#4520=CIRCLE('',#7677,0.003);
#4521=CIRCLE('',#7678,0.003);
#4522=CIRCLE('',#7679,0.003);
#4523=CIRCLE('',#7680,0.003);
#4524=CIRCLE('',#7681,0.003);
#4525=CIRCLE('',#7682,0.003);
#4526=CIRCLE('',#7683,0.003);
#4527=CIRCLE('',#7684,0.003);
#4528=CIRCLE('',#7685,0.003);
#4529=CIRCLE('',#7686,0.003);
#4530=CIRCLE('',#7687,0.003);
#4531=CIRCLE('',#7688,0.003);
#4532=CIRCLE('',#7689,0.003);
#4533=CIRCLE('',#7690,0.003);
#4534=CIRCLE('',#7691,0.003);
#4535=CIRCLE('',#7692,0.003);
#4536=CIRCLE('',#7693,0.003);
#4537=CIRCLE('',#7694,0.003);
#4538=CIRCLE('',#7695,0.003);
#4539=CIRCLE('',#7696,0.003);
#4540=CIRCLE('',#7697,0.003);
#4541=CIRCLE('',#7698,0.003);
#4542=CIRCLE('',#7699,0.003);
#4543=CIRCLE('',#7700,0.003);
#4544=CIRCLE('',#7701,0.003);
#4545=CIRCLE('',#7702,0.003);
#4546=CIRCLE('',#7703,0.003);
#4547=CIRCLE('',#7704,0.003);
#4548=CIRCLE('',#7705,0.003);
#4549=CIRCLE('',#7706,0.003);
#4550=CIRCLE('',#7707,0.003);
#4551=CIRCLE('',#7708,0.003);
#4552=CIRCLE('',#7709,0.003);
#4553=CIRCLE('',#7710,0.003);
#4554=CIRCLE('',#7711,0.003);
#4555=CIRCLE('',#7712,0.003);
#4556=CIRCLE('',#7713,0.003);
#4557=CIRCLE('',#7714,0.003);
#4558=CIRCLE('',#7715,0.003);
#4559=CIRCLE('',#7716,0.003);
#4560=CIRCLE('',#7717,0.003);
#4561=CIRCLE('',#7718,0.003);
#4562=CIRCLE('',#7719,0.003);
#4563=CIRCLE('',#7720,0.003);
#4564=CIRCLE('',#7721,0.003);
#4565=CIRCLE('',#7722,0.003);
#4566=CIRCLE('',#7723,0.003);
#4567=CIRCLE('',#7724,0.003);
#4568=CIRCLE('',#7725,0.003);
#4569=CIRCLE('',#7726,0.003);
#4570=CIRCLE('',#7727,0.003);
#4571=CIRCLE('',#7728,0.003);
#4572=CIRCLE('',#7729,0.003);
#4573=CIRCLE('',#7730,0.003);
#4574=CIRCLE('',#7731,0.003);
#4575=CIRCLE('',#7732,0.003);
#4576=CIRCLE('',#7733,0.003);
#4577=CIRCLE('',#7734,0.003);
#4578=CIRCLE('',#7735,0.003);
#4579=CIRCLE('',#7736,0.003);
#4580=CIRCLE('',#7737,0.003);
#4581=CIRCLE('',#7738,0.003);
#4582=CIRCLE('',#7739,0.003);
#4583=CIRCLE('',#7740,0.003);
#4584=CIRCLE('',#7741,0.003);
#4585=CIRCLE('',#7742,0.003);
#4586=CIRCLE('',#7743,0.003);
#4587=CIRCLE('',#7744,0.003);
#4588=CIRCLE('',#7745,0.003);
#4589=CIRCLE('',#7746,0.003);
#4590=CIRCLE('',#7747,0.003);
#4591=CIRCLE('',#7748,0.003);
#4592=CIRCLE('',#7749,0.003);
#4593=CIRCLE('',#7750,0.003);
#4594=CIRCLE('',#7751,0.003);
#4595=CIRCLE('',#7752,0.003);
#4596=CIRCLE('',#7753,0.003);
#4597=CIRCLE('',#7754,0.003);
#4598=CIRCLE('',#7755,0.003);
#4599=CIRCLE('',#7756,0.003);
#4600=CIRCLE('',#7757,0.003);
#4601=CIRCLE('',#7758,0.003);
#4602=CIRCLE('',#7759,0.003);
#4603=CIRCLE('',#7760,0.003);
#4604=CIRCLE('',#7761,0.003);
#4605=CIRCLE('',#7762,0.003);
#4606=CIRCLE('',#7763,0.003);
#4607=CIRCLE('',#7764,0.003);
#4608=CIRCLE('',#7765,0.003);
#4609=CIRCLE('',#7766,0.003);
#4610=CIRCLE('',#7767,0.003);
#4611=CIRCLE('',#7768,0.003);
#4612=CIRCLE('',#7769,0.003);
#4613=CIRCLE('',#7770,0.003);
#4614=CIRCLE('',#7771,0.003);
#4615=CIRCLE('',#7772,0.003);
#4616=CIRCLE('',#7773,0.003);
#4617=CIRCLE('',#7774,0.003);
#4618=CIRCLE('',#7775,0.003);
#4619=CIRCLE('',#7776,0.003);
#4620=CIRCLE('',#7777,0.003);
#4621=CIRCLE('',#7778,0.003);
#4622=CIRCLE('',#7779,0.003);
#4623=CIRCLE('',#7780,0.003);
#4624=CIRCLE('',#7781,0.003);
#4625=CIRCLE('',#7782,0.003);
#4626=CIRCLE('',#7783,0.003);
#4627=CIRCLE('',#7784,0.003);
#4628=CIRCLE('',#7785,0.003);
#4629=CIRCLE('',#7786,0.003);
#4630=CIRCLE('',#7787,0.003);
#4631=CIRCLE('',#7788,0.003);
#4632=CIRCLE('',#7789,0.003);
#4633=CIRCLE('',#7790,0.003);
#4634=CIRCLE('',#7791,0.003);
#4635=CIRCLE('',#7792,0.003);
#4636=CIRCLE('',#7793,0.003);
#4637=CIRCLE('',#7794,0.003);
#4638=CIRCLE('',#7795,0.003);
#4639=CIRCLE('',#7796,0.003);
#4640=CIRCLE('',#7797,0.003);
#4641=CIRCLE('',#7798,0.003);
#4642=CIRCLE('',#7799,0.003);
#4643=CIRCLE('',#7800,0.003);
#4644=CIRCLE('',#7801,0.003);
#4645=CIRCLE('',#7802,0.003);
#4646=CIRCLE('',#7803,0.003);
#4647=CIRCLE('',#7804,0.003);
#4648=CIRCLE('',#7805,0.003);
#4649=CIRCLE('',#7806,0.003);
#4650=CIRCLE('',#7807,0.0147402665802676);
#4651=CIRCLE('',#7808,0.001);
#4652=CIRCLE('',#7809,0.0225);
#4653=CIRCLE('',#7810,0.005);
#4654=CIRCLE('',#7811,0.0126390712050584);
#4655=CIRCLE('',#7812,0.001);
#4656=CIRCLE('',#7813,0.0149729596842734);
#4657=CIRCLE('',#7814,0.001);
#4658=CIRCLE('',#7815,0.0225);
#4659=CIRCLE('',#7816,0.005);
#4660=CIRCLE('',#7817,0.0127010958628571);
#4661=CIRCLE('',#7818,0.001);
#4662=CIRCLE('',#7819,0.0150766453136282);
#4663=CIRCLE('',#7820,0.001);
#4664=CIRCLE('',#7821,0.0225);
#4665=CIRCLE('',#7822,0.005);
#4666=CIRCLE('',#7823,0.0127284122933735);
#4667=CIRCLE('',#7824,0.001);
#4668=CIRCLE('',#7825,0.0151216173358864);
#4669=CIRCLE('',#7826,0.001);
#4670=CIRCLE('',#7827,0.0225);
#4671=CIRCLE('',#7828,0.005);
#4672=CIRCLE('',#7829,0.01274019944718);
#4673=CIRCLE('',#7830,0.001);
#4674=CIRCLE('',#7831,0.0151409000204035);
#4675=CIRCLE('',#7832,0.001);
#4676=CIRCLE('',#7833,0.0225);
#4677=CIRCLE('',#7834,0.005);
#4678=CIRCLE('',#7835,0.0137514832554985);
#4679=CIRCLE('',#7836,0.001);
#4680=CIRCLE('',#7837,0.0164354770151254);
#4681=CIRCLE('',#7838,0.001);
#4682=CIRCLE('',#7839,0.0225);
#4683=CIRCLE('',#7840,0.005);
#4684=CIRCLE('',#7841,0.01225);
#4685=CIRCLE('',#7842,0.001);
#4686=CIRCLE('',#7843,0.0592376750000006);
#4687=CIRCLE('',#7844,0.003);
#4688=CIRCLE('',#7845,0.0592376750000006);
#4689=CIRCLE('',#7846,0.003);
#4690=CIRCLE('',#7847,0.0592376750000006);
#4691=CIRCLE('',#7848,0.003);
#4692=CIRCLE('',#7849,0.0592376750000006);
#4693=CIRCLE('',#7850,0.003);
#4694=CIRCLE('',#7851,0.0592376750000006);
#4695=CIRCLE('',#7852,0.003);
#4696=CIRCLE('',#7853,0.0592376750000006);
#4697=CIRCLE('',#7854,0.003);
#4698=CIRCLE('',#7855,0.0592376750000006);
#4699=CIRCLE('',#7856,0.003);
#4700=CIRCLE('',#7857,0.0592376750000006);
#4701=CIRCLE('',#7858,0.003);
#4702=CIRCLE('',#7859,0.0592376750000006);
#4703=CIRCLE('',#7860,0.003);
#4704=CIRCLE('',#7861,0.0592376750000006);
#4705=CIRCLE('',#7862,0.003);
#4706=CIRCLE('',#7863,0.0592376750000006);
#4707=CIRCLE('',#7864,0.003);
#4708=CIRCLE('',#7865,0.0592376750000006);
#4709=CIRCLE('',#7866,0.003);
#4710=CIRCLE('',#7867,0.0592376750000006);
#4711=CIRCLE('',#7868,0.003);
#4712=CIRCLE('',#7869,0.0592376750000006);
#4713=CIRCLE('',#7870,0.003);
#4714=CIRCLE('',#7871,0.0592376750000006);
#4715=CIRCLE('',#7872,0.003);
#4716=CIRCLE('',#7873,0.0592376750000006);
#4717=CIRCLE('',#7874,0.003);
#4718=CIRCLE('',#7875,0.0592376750000006);
#4719=CIRCLE('',#7876,0.003);
#4720=CIRCLE('',#7877,0.0592376750000006);
#4721=CIRCLE('',#7878,0.003);
#4722=CIRCLE('',#7879,0.0592376750000006);
#4723=CIRCLE('',#7880,0.003);
#4724=CIRCLE('',#7881,0.0592376750000006);
#4725=CIRCLE('',#7882,0.003);
#4726=CIRCLE('',#7883,0.0592376750000006);
#4727=CIRCLE('',#7884,0.003);
#4728=CIRCLE('',#7885,0.0592376750000006);
#4729=CIRCLE('',#7886,0.003);
#4730=CIRCLE('',#7887,0.0592376750000006);
#4731=CIRCLE('',#7888,0.003);
#4732=CIRCLE('',#7889,0.0592376750000006);
#4733=CIRCLE('',#7890,0.003);
#4734=CIRCLE('',#7891,0.0592376750000006);
#4735=CIRCLE('',#7892,0.003);
#4736=CIRCLE('',#7893,0.0592376750000006);
#4737=CIRCLE('',#7894,0.003);
#4738=CIRCLE('',#7895,0.0592376750000006);
#4739=CIRCLE('',#7896,0.003);
#4740=CIRCLE('',#7897,0.0592376750000006);
#4741=CIRCLE('',#7898,0.003);
#4742=CIRCLE('',#7899,0.0592376750000006);
#4743=CIRCLE('',#7900,0.003);
#4744=CIRCLE('',#7901,0.0592376750000006);
#4745=CIRCLE('',#7902,0.003);
#4746=CIRCLE('',#7903,0.0592376750000006);
#4747=CIRCLE('',#7904,0.003);
#4748=CIRCLE('',#7905,0.0592376750000006);
#4749=CIRCLE('',#7906,0.003);
#4750=CIRCLE('',#7907,0.0592376750000006);
#4751=CIRCLE('',#7908,0.003);
#4752=CIRCLE('',#7909,0.0592376750000006);
#4753=CIRCLE('',#7910,0.003);
#4754=CIRCLE('',#7911,0.0592376750000006);
#4755=CIRCLE('',#7912,0.003);
#4756=CIRCLE('',#7913,0.0592376750000006);
#4757=CIRCLE('',#7914,0.003);
#4758=CIRCLE('',#7915,0.0592376750000006);
#4759=CIRCLE('',#7916,0.003);
#4760=CIRCLE('',#7917,0.0592376750000006);
#4761=CIRCLE('',#7918,0.003);
#4762=CIRCLE('',#7919,0.0592376750000006);
#4763=CIRCLE('',#7920,0.003);
#4764=CIRCLE('',#7921,0.0592376750000006);
#4765=CIRCLE('',#7922,0.003);
#4766=CIRCLE('',#7923,0.0592376750000006);
#4767=CIRCLE('',#7924,0.003);
#4768=CIRCLE('',#7925,0.0592376750000006);
#4769=CIRCLE('',#7926,0.003);
#4770=CIRCLE('',#7927,0.0592376750000006);
#4771=CIRCLE('',#7928,0.003);
#4772=CIRCLE('',#7929,0.0592376750000006);
#4773=CIRCLE('',#7930,0.003);
#4774=CIRCLE('',#7931,0.0592376750000006);
#4775=CIRCLE('',#7932,0.003);
#4776=CIRCLE('',#7933,0.0592376750000006);
#4777=CIRCLE('',#7934,0.003);
#4778=CIRCLE('',#7935,0.0592376750000006);
#4779=CIRCLE('',#7936,0.003);
#4780=CIRCLE('',#7937,0.0592376750000006);
#4781=CIRCLE('',#7938,0.003);
#4782=CIRCLE('',#7939,0.0592376750000006);
#4783=CIRCLE('',#7940,0.003);
#4784=CIRCLE('',#7941,0.0592376750000006);
#4785=CIRCLE('',#7942,0.003);
#4786=CIRCLE('',#7943,0.0592376750000006);
#4787=CIRCLE('',#7944,0.003);
#4788=CIRCLE('',#7952,0.004);
#4789=CIRCLE('',#7953,0.004);
#4790=CIRCLE('',#7954,0.004);
#4791=CIRCLE('',#7955,0.004);
#4792=CIRCLE('',#7957,0.0125050497955948);
#4793=CIRCLE('',#7959,0.0225);
#4794=CIRCLE('',#7961,0.0225);
#4795=CIRCLE('',#7963,0.0147402665802676);
#4796=CIRCLE('',#7965,0.0225);
#4797=CIRCLE('',#7967,0.0149729596842734);
#4798=CIRCLE('',#7969,0.0225);
#4799=CIRCLE('',#7971,0.0150766453136282);
#4800=CIRCLE('',#7973,0.0225);
#4801=CIRCLE('',#7975,0.0151216173358864);
#4802=CIRCLE('',#7977,0.0225);
#4803=CIRCLE('',#7979,0.0151409000204035);
#4804=CIRCLE('',#7981,0.0225);
#4805=CIRCLE('',#7983,0.0164354770151254);
#4806=CIRCLE('',#7985,0.003);
#4807=CIRCLE('',#7987,0.003);
#4808=CIRCLE('',#7989,0.003);
#4809=CIRCLE('',#7991,0.003);
#4810=CIRCLE('',#7993,0.003);
#4811=CIRCLE('',#7995,0.003);
#4812=CIRCLE('',#7997,0.003);
#4813=CIRCLE('',#7999,0.003);
#4814=CIRCLE('',#8001,0.003);
#4815=CIRCLE('',#8003,0.003);
#4816=CIRCLE('',#8005,0.003);
#4817=CIRCLE('',#8007,0.003);
#4818=CIRCLE('',#8009,0.003);
#4819=CIRCLE('',#8011,0.003);
#4820=CIRCLE('',#8013,0.003);
#4821=CIRCLE('',#8015,0.003);
#4822=CIRCLE('',#8017,0.003);
#4823=CIRCLE('',#8019,0.003);
#4824=CIRCLE('',#8021,0.003);
#4825=CIRCLE('',#8023,0.003);
#4826=CIRCLE('',#8025,0.003);
#4827=CIRCLE('',#8027,0.003);
#4828=CIRCLE('',#8029,0.003);
#4829=CIRCLE('',#8031,0.003);
#4830=CIRCLE('',#8033,0.003);
#4831=CIRCLE('',#8035,0.003);
#4832=CIRCLE('',#8037,0.003);
#4833=CIRCLE('',#8039,0.003);
#4834=CIRCLE('',#8041,0.003);
#4835=CIRCLE('',#8043,0.003);
#4836=CIRCLE('',#8045,0.003);
#4837=CIRCLE('',#8047,0.003);
#4838=CIRCLE('',#8049,0.003);
#4839=CIRCLE('',#8051,0.003);
#4840=CIRCLE('',#8053,0.003);
#4841=CIRCLE('',#8055,0.003);
#4842=CIRCLE('',#8057,0.003);
#4843=CIRCLE('',#8059,0.003);
#4844=CIRCLE('',#8061,0.003);
#4845=CIRCLE('',#8063,0.003);
#4846=CIRCLE('',#8065,0.003);
#4847=CIRCLE('',#8067,0.003);
#4848=CIRCLE('',#8069,0.003);
#4849=CIRCLE('',#8071,0.003);
#4850=CIRCLE('',#8073,0.003);
#4851=CIRCLE('',#8075,0.003);
#4852=CIRCLE('',#8077,0.003);
#4853=CIRCLE('',#8079,0.003);
#4854=CIRCLE('',#8081,0.003);
#4855=CIRCLE('',#8083,0.003);
#4856=CIRCLE('',#8085,0.003);
#4857=CIRCLE('',#8087,0.003);
#4858=CIRCLE('',#8089,0.003);
#4859=CIRCLE('',#8091,0.003);
#4860=CIRCLE('',#8093,0.003);
#4861=CIRCLE('',#8095,0.003);
#4862=CIRCLE('',#8097,0.003);
#4863=CIRCLE('',#8099,0.003);
#4864=CIRCLE('',#8101,0.003);
#4865=CIRCLE('',#8103,0.003);
#4866=CIRCLE('',#8105,0.003);
#4867=CIRCLE('',#8107,0.003);
#4868=CIRCLE('',#8109,0.003);
#4869=CIRCLE('',#8111,0.003);
#4870=CIRCLE('',#8113,0.003);
#4871=CIRCLE('',#8115,0.003);
#4872=CIRCLE('',#8117,0.003);
#4873=CIRCLE('',#8119,0.003);
#4874=CIRCLE('',#8121,0.003);
#4875=CIRCLE('',#8123,0.003);
#4876=CIRCLE('',#8125,0.003);
#4877=CIRCLE('',#8127,0.003);
#4878=CIRCLE('',#8129,0.003);
#4879=CIRCLE('',#8131,0.003);
#4880=CIRCLE('',#8133,0.003);
#4881=CIRCLE('',#8135,0.003);
#4882=CIRCLE('',#8137,0.003);
#4883=CIRCLE('',#8139,0.003);
#4884=CIRCLE('',#8141,0.003);
#4885=CIRCLE('',#8143,0.003);
#4886=CIRCLE('',#8145,0.003);
#4887=CIRCLE('',#8147,0.003);
#4888=CIRCLE('',#8149,0.003);
#4889=CIRCLE('',#8151,0.003);
#4890=CIRCLE('',#8153,0.003);
#4891=CIRCLE('',#8155,0.003);
#4892=CIRCLE('',#8157,0.003);
#4893=CIRCLE('',#8159,0.003);
#4894=CIRCLE('',#8161,0.003);
#4895=CIRCLE('',#8163,0.003);
#4896=CIRCLE('',#8165,0.003);
#4897=CIRCLE('',#8167,0.003);
#4898=CIRCLE('',#8169,0.003);
#4899=CIRCLE('',#8171,0.003);
#4900=CIRCLE('',#8173,0.003);
#4901=CIRCLE('',#8175,0.003);
#4902=CIRCLE('',#8177,0.003);
#4903=CIRCLE('',#8179,0.003);
#4904=CIRCLE('',#8181,0.003);
#4905=CIRCLE('',#8183,0.003);
#4906=CIRCLE('',#8185,0.003);
#4907=CIRCLE('',#8187,0.003);
#4908=CIRCLE('',#8189,0.003);
#4909=CIRCLE('',#8191,0.003);
#4910=CIRCLE('',#8193,0.003);
#4911=CIRCLE('',#8195,0.003);
#4912=CIRCLE('',#8197,0.003);
#4913=CIRCLE('',#8199,0.003);
#4914=CIRCLE('',#8201,0.003);
#4915=CIRCLE('',#8203,0.003);
#4916=CIRCLE('',#8205,0.003);
#4917=CIRCLE('',#8207,0.003);
#4918=CIRCLE('',#8209,0.003);
#4919=CIRCLE('',#8211,0.003);
#4920=CIRCLE('',#8213,0.003);
#4921=CIRCLE('',#8215,0.003);
#4922=CIRCLE('',#8217,0.003);
#4923=CIRCLE('',#8219,0.003);
#4924=CIRCLE('',#8221,0.003);
#4925=CIRCLE('',#8223,0.003);
#4926=CIRCLE('',#8225,0.003);
#4927=CIRCLE('',#8227,0.003);
#4928=CIRCLE('',#8229,0.003);
#4929=CIRCLE('',#8231,0.003);
#4930=CIRCLE('',#8233,0.003);
#4931=CIRCLE('',#8235,0.003);
#4932=CIRCLE('',#8237,0.003);
#4933=CIRCLE('',#8239,0.003);
#4934=CIRCLE('',#8241,0.003);
#4935=CIRCLE('',#8243,0.003);
#4936=CIRCLE('',#8245,0.003);
#4937=CIRCLE('',#8247,0.003);
#4938=CIRCLE('',#8249,0.003);
#4939=CIRCLE('',#8251,0.003);
#4940=CIRCLE('',#8253,0.003);
#4941=CIRCLE('',#8255,0.003);
#4942=CIRCLE('',#8257,0.003);
#4943=CIRCLE('',#8259,0.003);
#4944=CIRCLE('',#8261,0.003);
#4945=CIRCLE('',#8263,0.003);
#4946=CIRCLE('',#8265,0.003);
#4947=CIRCLE('',#8267,0.003);
#4948=CIRCLE('',#8269,0.0126390712050584);
#4949=CIRCLE('',#8271,0.0127010958628571);
#4950=CIRCLE('',#8273,0.0127284122933735);
#4951=CIRCLE('',#8275,0.01274019944718);
#4952=CIRCLE('',#8277,0.0137514832554985);
#4953=CIRCLE('',#8279,0.01225);
#4954=CIRCLE('',#8281,0.003);
#4955=CIRCLE('',#8283,0.003);
#4956=CIRCLE('',#8285,0.003);
#4957=CIRCLE('',#8287,0.003);
#4958=CIRCLE('',#8289,0.003);
#4959=CIRCLE('',#8291,0.003);
#4960=CIRCLE('',#8293,0.003);
#4961=CIRCLE('',#8295,0.003);
#4962=CIRCLE('',#8297,0.003);
#4963=CIRCLE('',#8299,0.003);
#4964=CIRCLE('',#8301,0.003);
#4965=CIRCLE('',#8303,0.003);
#4966=CIRCLE('',#8305,0.003);
#4967=CIRCLE('',#8307,0.003);
#4968=CIRCLE('',#8309,0.003);
#4969=CIRCLE('',#8311,0.003);
#4970=CIRCLE('',#8313,0.003);
#4971=CIRCLE('',#8315,0.003);
#4972=CIRCLE('',#8317,0.003);
#4973=CIRCLE('',#8319,0.003);
#4974=CIRCLE('',#8321,0.003);
#4975=CIRCLE('',#8323,0.003);
#4976=CIRCLE('',#8325,0.003);
#4977=CIRCLE('',#8327,0.003);
#4978=CIRCLE('',#8329,0.003);
#4979=CIRCLE('',#8331,0.003);
#4980=CIRCLE('',#8333,0.003);
#4981=CIRCLE('',#8335,0.003);
#4982=CIRCLE('',#8337,0.003);
#4983=CIRCLE('',#8339,0.003);
#4984=CIRCLE('',#8341,0.003);
#4985=CIRCLE('',#8343,0.003);
#4986=CIRCLE('',#8345,0.003);
#4987=CIRCLE('',#8347,0.003);
#4988=CIRCLE('',#8349,0.003);
#4989=CIRCLE('',#8351,0.003);
#4990=CIRCLE('',#8353,0.003);
#4991=CIRCLE('',#8355,0.003);
#4992=CIRCLE('',#8357,0.003);
#4993=CIRCLE('',#8359,0.003);
#4994=CIRCLE('',#8361,0.003);
#4995=CIRCLE('',#8363,0.003);
#4996=CIRCLE('',#8365,0.003);
#4997=CIRCLE('',#8367,0.003);
#4998=CIRCLE('',#8369,0.003);
#4999=CIRCLE('',#8371,0.003);
#5000=CIRCLE('',#8373,0.003);
#5001=CIRCLE('',#8375,0.003);
#5002=CIRCLE('',#8377,0.003);
#5003=CIRCLE('',#8379,0.003);
#5004=CIRCLE('',#8381,0.003);
#5005=CIRCLE('',#8383,0.01425);
#5006=CIRCLE('',#8385,0.001);
#5007=CIRCLE('',#8386,0.001);
#5008=CIRCLE('',#8387,0.005);
#5009=CIRCLE('',#8388,0.001);
#5010=CIRCLE('',#8389,0.001);
#5011=CIRCLE('',#8390,0.005);
#5012=CIRCLE('',#8391,0.001);
#5013=CIRCLE('',#8392,0.001);
#5014=CIRCLE('',#8393,0.005);
#5015=CIRCLE('',#8394,0.001);
#5016=CIRCLE('',#8395,0.001);
#5017=CIRCLE('',#8396,0.005);
#5018=CIRCLE('',#8397,0.001);
#5019=CIRCLE('',#8398,0.001);
#5020=CIRCLE('',#8399,0.005);
#5021=CIRCLE('',#8400,0.001);
#5022=CIRCLE('',#8401,0.001);
#5023=CIRCLE('',#8402,0.005);
#5024=CIRCLE('',#8403,0.001);
#5025=CIRCLE('',#8404,0.005);
#5026=CIRCLE('',#8405,0.001);
#5027=CIRCLE('',#8428,0.0592376750000006);
#5028=CIRCLE('',#8430,0.064237675);
#5029=CIRCLE('',#8431,0.064237675);
#5030=CIRCLE('',#8434,0.00295);
#5031=CIRCLE('',#8435,0.00295);
#5032=CIRCLE('',#8437,0.0055);
#5033=CIRCLE('',#8438,0.0055);
#5034=CIRCLE('',#8440,0.0037);
#5035=CIRCLE('',#8443,0.00295);
#5036=CIRCLE('',#8444,0.00295);
#5037=CIRCLE('',#8446,0.0055);
#5038=CIRCLE('',#8447,0.0055);
#5039=CIRCLE('',#8449,0.0037);
#5040=CIRCLE('',#8452,0.00295);
#5041=CIRCLE('',#8453,0.00295);
#5042=CIRCLE('',#8455,0.0055);
#5043=CIRCLE('',#8457,0.0037);
#5044=CIRCLE('',#8460,0.00295);
#5045=CIRCLE('',#8461,0.00295);
#5046=CIRCLE('',#8463,0.0055);
#5047=CIRCLE('',#8464,0.0055);
#5048=CIRCLE('',#8466,0.0037);
#5049=CIRCLE('',#8479,0.00725);
#5050=CIRCLE('',#8480,0.00725);
#5051=CIRCLE('',#8487,0.003);
#5052=CIRCLE('',#8499,0.002);
#5053=CIRCLE('',#8500,0.004);
#5054=CIRCLE('',#8506,0.004);
#5055=CIRCLE('',#8507,0.00621320343559642);
#5056=CIRCLE('',#8508,0.003);
#5057=CIRCLE('',#8512,0.00813358673386909);
#5058=CIRCLE('',#8513,0.00813358673386909);
#5059=CIRCLE('',#8514,0.00813358673386909);
#5060=CIRCLE('',#8520,0.003);
#5061=CIRCLE('',#8522,0.003);
#5062=CIRCLE('',#8524,0.003);
#5063=CIRCLE('',#8525,0.0005);
#5064=CIRCLE('',#8527,0.00621320343559642);
#5065=CIRCLE('',#8529,0.003);
#5066=CIRCLE('',#8531,0.003);
#5067=CIRCLE('',#8532,0.008);
#5068=CIRCLE('',#8543,0.004);
#5069=CIRCLE('',#8555,0.0005);
#5070=CIRCLE('',#8559,0.004);
#5071=CIRCLE('',#8561,0.004);
#5072=CIRCLE('',#8562,0.004);
#5073=CIRCLE('',#8565,0.004);
#5074=CIRCLE('',#8566,0.004);
#5075=CIRCLE('',#8568,0.004);
#5076=CIRCLE('',#8570,0.004);
#5077=CIRCLE('',#8572,0.004);
#5078=CIRCLE('',#8574,0.004);
#5079=CIRCLE('',#8576,0.004);
#5080=CIRCLE('',#8578,0.004);
#5081=CIRCLE('',#8581,0.003);
#5082=CIRCLE('',#8583,0.003);
#5083=CIRCLE('',#8592,0.004);
#5084=CIRCLE('',#8594,0.004);
#5085=CIRCLE('',#8595,0.004);
#5086=CIRCLE('',#8598,0.004);
#5087=CIRCLE('',#8602,0.004);
#5088=CIRCLE('',#8605,0.004);
#5089=CIRCLE('',#8609,0.004);
#5090=CIRCLE('',#8611,0.004);
#5091=CIRCLE('',#8613,0.004);
#5092=CIRCLE('',#8615,0.004);
#5093=CIRCLE('',#8637,0.01025);
#5094=CIRCLE('',#8640,0.0065);
#5095=CIRCLE('',#8643,0.015);
#5096=CIRCLE('',#8645,0.0125);
#5097=CIRCLE('',#8648,0.0025);
#5098=CIRCLE('',#8649,0.0025);
#5099=CIRCLE('',#8651,0.0145);
#5100=CIRCLE('',#8652,0.0035);
#5101=EDGE_LOOP('',(#935));
#5102=EDGE_LOOP('',(#936));
#5103=EDGE_LOOP('',(#937));
#5104=EDGE_LOOP('',(#938));
#5105=EDGE_LOOP('',(#939,#940,#941,#942,#943,#944,#945,#946,#947,#948,#949,
#950,#951,#952,#953,#954));
#5106=EDGE_LOOP('',(#955));
#5107=EDGE_LOOP('',(#956));
#5108=EDGE_LOOP('',(#957,#958,#959,#960));
#5109=EDGE_LOOP('',(#961,#962,#963,#964));
#5110=EDGE_LOOP('',(#965,#966,#967,#968));
#5111=EDGE_LOOP('',(#969,#970,#971,#972,#973,#974,#975,#976,#977,#978,#979,
#980,#981,#982,#983));
#5112=EDGE_LOOP('',(#984));
#5113=EDGE_LOOP('',(#985));
#5114=EDGE_LOOP('',(#986,#987,#988,#989,#990,#991,#992,#993));
#5115=EDGE_LOOP('',(#994));
#5116=EDGE_LOOP('',(#995,#996,#997,#998,#999,#1000,#1001,#1002));
#5117=EDGE_LOOP('',(#1003,#1004,#1005,#1006,#1007,#1008,#1009,#1010,#1011,
#1012));
#5118=EDGE_LOOP('',(#1013,#1014,#1015,#1016));
#5119=EDGE_LOOP('',(#1017,#1018,#1019,#1020,#1021));
#5120=EDGE_LOOP('',(#1022,#1023,#1024,#1025,#1026));
#5121=EDGE_LOOP('',(#1027,#1028,#1029,#1030,#1031));
#5122=EDGE_LOOP('',(#1032,#1033,#1034,#1035,#1036,#1037,#1038,#1039,#1040,
#1041,#1042,#1043,#1044,#1045,#1046,#1047,#1048,#1049,#1050,#1051,#1052,
#1053,#1054,#1055,#1056,#1057,#1058,#1059,#1060,#1061,#1062));
#5123=EDGE_LOOP('',(#1063));
#5124=EDGE_LOOP('',(#1064,#1065));
#5125=EDGE_LOOP('',(#1066,#1067,#1068,#1069));
#5126=EDGE_LOOP('',(#1070,#1071,#1072,#1073));
#5127=EDGE_LOOP('',(#1074,#1075,#1076,#1077,#1078));
#5128=EDGE_LOOP('',(#1079,#1080,#1081,#1082));
#5129=EDGE_LOOP('',(#1083,#1084,#1085,#1086));
#5130=EDGE_LOOP('',(#1087,#1088,#1089,#1090,#1091));
#5131=EDGE_LOOP('',(#1092,#1093,#1094,#1095));
#5132=EDGE_LOOP('',(#1096,#1097,#1098,#1099,#1100));
#5133=EDGE_LOOP('',(#1101,#1102,#1103,#1104,#1105));
#5134=EDGE_LOOP('',(#1106,#1107,#1108,#1109));
#5135=EDGE_LOOP('',(#1110));
#5136=EDGE_LOOP('',(#1111));
#5137=EDGE_LOOP('',(#1112));
#5138=EDGE_LOOP('',(#1113));
#5139=EDGE_LOOP('',(#1114,#1115,#1116,#1117,#1118,#1119));
#5140=EDGE_LOOP('',(#1120));
#5141=EDGE_LOOP('',(#1121));
#5142=EDGE_LOOP('',(#1122));
#5143=EDGE_LOOP('',(#1123));
#5144=EDGE_LOOP('',(#1124));
#5145=EDGE_LOOP('',(#1125));
#5146=EDGE_LOOP('',(#1126));
#5147=EDGE_LOOP('',(#1127));
#5148=EDGE_LOOP('',(#1128));
#5149=EDGE_LOOP('',(#1129));
#5150=EDGE_LOOP('',(#1130));
#5151=EDGE_LOOP('',(#1131));
#5152=EDGE_LOOP('',(#1132));
#5153=EDGE_LOOP('',(#1133));
#5154=EDGE_LOOP('',(#1134));
#5155=EDGE_LOOP('',(#1135));
#5156=EDGE_LOOP('',(#1136));
#5157=EDGE_LOOP('',(#1137));
#5158=EDGE_LOOP('',(#1138));
#5159=EDGE_LOOP('',(#1139));
#5160=EDGE_LOOP('',(#1140));
#5161=EDGE_LOOP('',(#1141));
#5162=EDGE_LOOP('',(#1142));
#5163=EDGE_LOOP('',(#1143));
#5164=EDGE_LOOP('',(#1144));
#5165=EDGE_LOOP('',(#1145));
#5166=EDGE_LOOP('',(#1146));
#5167=EDGE_LOOP('',(#1147));
#5168=EDGE_LOOP('',(#1148));
#5169=EDGE_LOOP('',(#1149));
#5170=EDGE_LOOP('',(#1150));
#5171=EDGE_LOOP('',(#1151));
#5172=EDGE_LOOP('',(#1152));
#5173=EDGE_LOOP('',(#1153));
#5174=EDGE_LOOP('',(#1154));
#5175=EDGE_LOOP('',(#1155));
#5176=EDGE_LOOP('',(#1156));
#5177=EDGE_LOOP('',(#1157));
#5178=EDGE_LOOP('',(#1158));
#5179=EDGE_LOOP('',(#1159));
#5180=EDGE_LOOP('',(#1160));
#5181=EDGE_LOOP('',(#1161));
#5182=EDGE_LOOP('',(#1162));
#5183=EDGE_LOOP('',(#1163));
#5184=EDGE_LOOP('',(#1164));
#5185=EDGE_LOOP('',(#1165));
#5186=EDGE_LOOP('',(#1166));
#5187=EDGE_LOOP('',(#1167));
#5188=EDGE_LOOP('',(#1168));
#5189=EDGE_LOOP('',(#1169));
#5190=EDGE_LOOP('',(#1170));
#5191=EDGE_LOOP('',(#1171));
#5192=EDGE_LOOP('',(#1172));
#5193=EDGE_LOOP('',(#1173));
#5194=EDGE_LOOP('',(#1174));
#5195=EDGE_LOOP('',(#1175));
#5196=EDGE_LOOP('',(#1176));
#5197=EDGE_LOOP('',(#1177));
#5198=EDGE_LOOP('',(#1178));
#5199=EDGE_LOOP('',(#1179));
#5200=EDGE_LOOP('',(#1180));
#5201=EDGE_LOOP('',(#1181));
#5202=EDGE_LOOP('',(#1182));
#5203=EDGE_LOOP('',(#1183));
#5204=EDGE_LOOP('',(#1184));
#5205=EDGE_LOOP('',(#1185));
#5206=EDGE_LOOP('',(#1186));
#5207=EDGE_LOOP('',(#1187));
#5208=EDGE_LOOP('',(#1188));
#5209=EDGE_LOOP('',(#1189));
#5210=EDGE_LOOP('',(#1190));
#5211=EDGE_LOOP('',(#1191));
#5212=EDGE_LOOP('',(#1192));
#5213=EDGE_LOOP('',(#1193));
#5214=EDGE_LOOP('',(#1194));
#5215=EDGE_LOOP('',(#1195));
#5216=EDGE_LOOP('',(#1196));
#5217=EDGE_LOOP('',(#1197));
#5218=EDGE_LOOP('',(#1198));
#5219=EDGE_LOOP('',(#1199));
#5220=EDGE_LOOP('',(#1200));
#5221=EDGE_LOOP('',(#1201));
#5222=EDGE_LOOP('',(#1202));
#5223=EDGE_LOOP('',(#1203));
#5224=EDGE_LOOP('',(#1204));
#5225=EDGE_LOOP('',(#1205));
#5226=EDGE_LOOP('',(#1206));
#5227=EDGE_LOOP('',(#1207));
#5228=EDGE_LOOP('',(#1208));
#5229=EDGE_LOOP('',(#1209));
#5230=EDGE_LOOP('',(#1210));
#5231=EDGE_LOOP('',(#1211));
#5232=EDGE_LOOP('',(#1212));
#5233=EDGE_LOOP('',(#1213));
#5234=EDGE_LOOP('',(#1214));
#5235=EDGE_LOOP('',(#1215));
#5236=EDGE_LOOP('',(#1216));
#5237=EDGE_LOOP('',(#1217));
#5238=EDGE_LOOP('',(#1218));
#5239=EDGE_LOOP('',(#1219));
#5240=EDGE_LOOP('',(#1220));
#5241=EDGE_LOOP('',(#1221));
#5242=EDGE_LOOP('',(#1222));
#5243=EDGE_LOOP('',(#1223));
#5244=EDGE_LOOP('',(#1224));
#5245=EDGE_LOOP('',(#1225));
#5246=EDGE_LOOP('',(#1226));
#5247=EDGE_LOOP('',(#1227));
#5248=EDGE_LOOP('',(#1228));
#5249=EDGE_LOOP('',(#1229));
#5250=EDGE_LOOP('',(#1230));
#5251=EDGE_LOOP('',(#1231));
#5252=EDGE_LOOP('',(#1232));
#5253=EDGE_LOOP('',(#1233));
#5254=EDGE_LOOP('',(#1234));
#5255=EDGE_LOOP('',(#1235));
#5256=EDGE_LOOP('',(#1236));
#5257=EDGE_LOOP('',(#1237));
#5258=EDGE_LOOP('',(#1238));
#5259=EDGE_LOOP('',(#1239));
#5260=EDGE_LOOP('',(#1240));
#5261=EDGE_LOOP('',(#1241));
#5262=EDGE_LOOP('',(#1242));
#5263=EDGE_LOOP('',(#1243));
#5264=EDGE_LOOP('',(#1244));
#5265=EDGE_LOOP('',(#1245));
#5266=EDGE_LOOP('',(#1246));
#5267=EDGE_LOOP('',(#1247));
#5268=EDGE_LOOP('',(#1248));
#5269=EDGE_LOOP('',(#1249));
#5270=EDGE_LOOP('',(#1250));
#5271=EDGE_LOOP('',(#1251));
#5272=EDGE_LOOP('',(#1252));
#5273=EDGE_LOOP('',(#1253));
#5274=EDGE_LOOP('',(#1254));
#5275=EDGE_LOOP('',(#1255));
#5276=EDGE_LOOP('',(#1256));
#5277=EDGE_LOOP('',(#1257));
#5278=EDGE_LOOP('',(#1258));
#5279=EDGE_LOOP('',(#1259));
#5280=EDGE_LOOP('',(#1260));
#5281=EDGE_LOOP('',(#1261));
#5282=EDGE_LOOP('',(#1262,#1263,#1264,#1265,#1266,#1267));
#5283=EDGE_LOOP('',(#1268,#1269,#1270,#1271,#1272,#1273));
#5284=EDGE_LOOP('',(#1274,#1275,#1276,#1277,#1278,#1279));
#5285=EDGE_LOOP('',(#1280,#1281,#1282,#1283,#1284,#1285));
#5286=EDGE_LOOP('',(#1286,#1287,#1288,#1289,#1290,#1291));
#5287=EDGE_LOOP('',(#1292,#1293,#1294,#1295,#1296,#1297));
#5288=EDGE_LOOP('',(#1298,#1299,#1300,#1301,#1302,#1303,#1304,#1305,#1306,
#1307,#1308,#1309,#1310,#1311,#1312,#1313,#1314,#1315,#1316,#1317,#1318,
#1319,#1320,#1321,#1322,#1323,#1324,#1325,#1326,#1327,#1328,#1329,#1330,
#1331,#1332,#1333,#1334,#1335,#1336,#1337,#1338,#1339,#1340,#1341,#1342,
#1343,#1344,#1345,#1346,#1347,#1348,#1349,#1350,#1351,#1352,#1353,#1354,
#1355,#1356,#1357,#1358,#1359,#1360,#1361,#1362,#1363,#1364,#1365,#1366,
#1367,#1368,#1369,#1370,#1371,#1372,#1373,#1374,#1375,#1376,#1377,#1378,
#1379,#1380,#1381,#1382,#1383,#1384,#1385,#1386,#1387,#1388,#1389,#1390,
#1391,#1392,#1393,#1394,#1395,#1396,#1397,#1398,#1399));
#5289=EDGE_LOOP('',(#1400,#1401,#1402,#1403));
#5290=EDGE_LOOP('',(#1404,#1405,#1406,#1407,#1408,#1409,#1410,#1411,#1412,
#1413));
#5291=EDGE_LOOP('',(#1414,#1415,#1416,#1417));
#5292=EDGE_LOOP('',(#1418,#1419,#1420,#1421));
#5293=EDGE_LOOP('',(#1422,#1423,#1424,#1425));
#5294=EDGE_LOOP('',(#1426,#1427,#1428,#1429,#1430,#1431,#1432,#1433));
#5295=EDGE_LOOP('',(#1434,#1435,#1436,#1437));
#5296=EDGE_LOOP('',(#1438,#1439,#1440,#1441));
#5297=EDGE_LOOP('',(#1442,#1443,#1444,#1445));
#5298=EDGE_LOOP('',(#1446,#1447,#1448,#1449));
#5299=EDGE_LOOP('',(#1450,#1451,#1452,#1453));
#5300=EDGE_LOOP('',(#1454,#1455,#1456,#1457));
#5301=EDGE_LOOP('',(#1458,#1459,#1460,#1461));
#5302=EDGE_LOOP('',(#1462,#1463,#1464,#1465));
#5303=EDGE_LOOP('',(#1466,#1467,#1468,#1469));
#5304=EDGE_LOOP('',(#1470,#1471,#1472,#1473));
#5305=EDGE_LOOP('',(#1474,#1475,#1476,#1477));
#5306=EDGE_LOOP('',(#1478,#1479,#1480,#1481));
#5307=EDGE_LOOP('',(#1482,#1483,#1484,#1485));
#5308=EDGE_LOOP('',(#1486,#1487,#1488,#1489));
#5309=EDGE_LOOP('',(#1490));
#5310=EDGE_LOOP('',(#1491));
#5311=EDGE_LOOP('',(#1492));
#5312=EDGE_LOOP('',(#1493));
#5313=EDGE_LOOP('',(#1494));
#5314=EDGE_LOOP('',(#1495));
#5315=EDGE_LOOP('',(#1496));
#5316=EDGE_LOOP('',(#1497));
#5317=EDGE_LOOP('',(#1498));
#5318=EDGE_LOOP('',(#1499));
#5319=EDGE_LOOP('',(#1500));
#5320=EDGE_LOOP('',(#1501));
#5321=EDGE_LOOP('',(#1502));
#5322=EDGE_LOOP('',(#1503));
#5323=EDGE_LOOP('',(#1504));
#5324=EDGE_LOOP('',(#1505));
#5325=EDGE_LOOP('',(#1506));
#5326=EDGE_LOOP('',(#1507));
#5327=EDGE_LOOP('',(#1508));
#5328=EDGE_LOOP('',(#1509));
#5329=EDGE_LOOP('',(#1510));
#5330=EDGE_LOOP('',(#1511));
#5331=EDGE_LOOP('',(#1512));
#5332=EDGE_LOOP('',(#1513));
#5333=EDGE_LOOP('',(#1514));
#5334=EDGE_LOOP('',(#1515));
#5335=EDGE_LOOP('',(#1516));
#5336=EDGE_LOOP('',(#1517));
#5337=EDGE_LOOP('',(#1518));
#5338=EDGE_LOOP('',(#1519));
#5339=EDGE_LOOP('',(#1520));
#5340=EDGE_LOOP('',(#1521));
#5341=EDGE_LOOP('',(#1522));
#5342=EDGE_LOOP('',(#1523));
#5343=EDGE_LOOP('',(#1524));
#5344=EDGE_LOOP('',(#1525));
#5345=EDGE_LOOP('',(#1526));
#5346=EDGE_LOOP('',(#1527));
#5347=EDGE_LOOP('',(#1528));
#5348=EDGE_LOOP('',(#1529));
#5349=EDGE_LOOP('',(#1530));
#5350=EDGE_LOOP('',(#1531));
#5351=EDGE_LOOP('',(#1532));
#5352=EDGE_LOOP('',(#1533));
#5353=EDGE_LOOP('',(#1534));
#5354=EDGE_LOOP('',(#1535));
#5355=EDGE_LOOP('',(#1536));
#5356=EDGE_LOOP('',(#1537));
#5357=EDGE_LOOP('',(#1538));
#5358=EDGE_LOOP('',(#1539));
#5359=EDGE_LOOP('',(#1540));
#5360=EDGE_LOOP('',(#1541));
#5361=EDGE_LOOP('',(#1542));
#5362=EDGE_LOOP('',(#1543));
#5363=EDGE_LOOP('',(#1544));
#5364=EDGE_LOOP('',(#1545));
#5365=EDGE_LOOP('',(#1546));
#5366=EDGE_LOOP('',(#1547));
#5367=EDGE_LOOP('',(#1548));
#5368=EDGE_LOOP('',(#1549));
#5369=EDGE_LOOP('',(#1550));
#5370=EDGE_LOOP('',(#1551));
#5371=EDGE_LOOP('',(#1552));
#5372=EDGE_LOOP('',(#1553));
#5373=EDGE_LOOP('',(#1554));
#5374=EDGE_LOOP('',(#1555));
#5375=EDGE_LOOP('',(#1556));
#5376=EDGE_LOOP('',(#1557));
#5377=EDGE_LOOP('',(#1558));
#5378=EDGE_LOOP('',(#1559));
#5379=EDGE_LOOP('',(#1560));
#5380=EDGE_LOOP('',(#1561));
#5381=EDGE_LOOP('',(#1562));
#5382=EDGE_LOOP('',(#1563));
#5383=EDGE_LOOP('',(#1564));
#5384=EDGE_LOOP('',(#1565));
#5385=EDGE_LOOP('',(#1566));
#5386=EDGE_LOOP('',(#1567));
#5387=EDGE_LOOP('',(#1568));
#5388=EDGE_LOOP('',(#1569));
#5389=EDGE_LOOP('',(#1570));
#5390=EDGE_LOOP('',(#1571));
#5391=EDGE_LOOP('',(#1572));
#5392=EDGE_LOOP('',(#1573));
#5393=EDGE_LOOP('',(#1574));
#5394=EDGE_LOOP('',(#1575));
#5395=EDGE_LOOP('',(#1576));
#5396=EDGE_LOOP('',(#1577));
#5397=EDGE_LOOP('',(#1578));
#5398=EDGE_LOOP('',(#1579));
#5399=EDGE_LOOP('',(#1580));
#5400=EDGE_LOOP('',(#1581));
#5401=EDGE_LOOP('',(#1582));
#5402=EDGE_LOOP('',(#1583));
#5403=EDGE_LOOP('',(#1584));
#5404=EDGE_LOOP('',(#1585));
#5405=EDGE_LOOP('',(#1586));
#5406=EDGE_LOOP('',(#1587));
#5407=EDGE_LOOP('',(#1588));
#5408=EDGE_LOOP('',(#1589));
#5409=EDGE_LOOP('',(#1590));
#5410=EDGE_LOOP('',(#1591));
#5411=EDGE_LOOP('',(#1592));
#5412=EDGE_LOOP('',(#1593));
#5413=EDGE_LOOP('',(#1594));
#5414=EDGE_LOOP('',(#1595));
#5415=EDGE_LOOP('',(#1596));
#5416=EDGE_LOOP('',(#1597));
#5417=EDGE_LOOP('',(#1598));
#5418=EDGE_LOOP('',(#1599));
#5419=EDGE_LOOP('',(#1600));
#5420=EDGE_LOOP('',(#1601));
#5421=EDGE_LOOP('',(#1602));
#5422=EDGE_LOOP('',(#1603));
#5423=EDGE_LOOP('',(#1604));
#5424=EDGE_LOOP('',(#1605));
#5425=EDGE_LOOP('',(#1606));
#5426=EDGE_LOOP('',(#1607));
#5427=EDGE_LOOP('',(#1608));
#5428=EDGE_LOOP('',(#1609));
#5429=EDGE_LOOP('',(#1610));
#5430=EDGE_LOOP('',(#1611));
#5431=EDGE_LOOP('',(#1612));
#5432=EDGE_LOOP('',(#1613));
#5433=EDGE_LOOP('',(#1614));
#5434=EDGE_LOOP('',(#1615));
#5435=EDGE_LOOP('',(#1616));
#5436=EDGE_LOOP('',(#1617));
#5437=EDGE_LOOP('',(#1618));
#5438=EDGE_LOOP('',(#1619));
#5439=EDGE_LOOP('',(#1620));
#5440=EDGE_LOOP('',(#1621));
#5441=EDGE_LOOP('',(#1622));
#5442=EDGE_LOOP('',(#1623));
#5443=EDGE_LOOP('',(#1624));
#5444=EDGE_LOOP('',(#1625));
#5445=EDGE_LOOP('',(#1626));
#5446=EDGE_LOOP('',(#1627));
#5447=EDGE_LOOP('',(#1628));
#5448=EDGE_LOOP('',(#1629));
#5449=EDGE_LOOP('',(#1630));
#5450=EDGE_LOOP('',(#1631));
#5451=EDGE_LOOP('',(#1632));
#5452=EDGE_LOOP('',(#1633));
#5453=EDGE_LOOP('',(#1634));
#5454=EDGE_LOOP('',(#1635));
#5455=EDGE_LOOP('',(#1636));
#5456=EDGE_LOOP('',(#1637));
#5457=EDGE_LOOP('',(#1638));
#5458=EDGE_LOOP('',(#1639));
#5459=EDGE_LOOP('',(#1640));
#5460=EDGE_LOOP('',(#1641));
#5461=EDGE_LOOP('',(#1642));
#5462=EDGE_LOOP('',(#1643));
#5463=EDGE_LOOP('',(#1644));
#5464=EDGE_LOOP('',(#1645));
#5465=EDGE_LOOP('',(#1646));
#5466=EDGE_LOOP('',(#1647));
#5467=EDGE_LOOP('',(#1648));
#5468=EDGE_LOOP('',(#1649));
#5469=EDGE_LOOP('',(#1650));
#5470=EDGE_LOOP('',(#1651));
#5471=EDGE_LOOP('',(#1652));
#5472=EDGE_LOOP('',(#1653));
#5473=EDGE_LOOP('',(#1654));
#5474=EDGE_LOOP('',(#1655));
#5475=EDGE_LOOP('',(#1656));
#5476=EDGE_LOOP('',(#1657));
#5477=EDGE_LOOP('',(#1658));
#5478=EDGE_LOOP('',(#1659));
#5479=EDGE_LOOP('',(#1660));
#5480=EDGE_LOOP('',(#1661));
#5481=EDGE_LOOP('',(#1662));
#5482=EDGE_LOOP('',(#1663));
#5483=EDGE_LOOP('',(#1664));
#5484=EDGE_LOOP('',(#1665));
#5485=EDGE_LOOP('',(#1666));
#5486=EDGE_LOOP('',(#1667));
#5487=EDGE_LOOP('',(#1668));
#5488=EDGE_LOOP('',(#1669));
#5489=EDGE_LOOP('',(#1670));
#5490=EDGE_LOOP('',(#1671));
#5491=EDGE_LOOP('',(#1672));
#5492=EDGE_LOOP('',(#1673));
#5493=EDGE_LOOP('',(#1674));
#5494=EDGE_LOOP('',(#1675));
#5495=EDGE_LOOP('',(#1676));
#5496=EDGE_LOOP('',(#1677));
#5497=EDGE_LOOP('',(#1678));
#5498=EDGE_LOOP('',(#1679));
#5499=EDGE_LOOP('',(#1680));
#5500=EDGE_LOOP('',(#1681));
#5501=EDGE_LOOP('',(#1682));
#5502=EDGE_LOOP('',(#1683));
#5503=EDGE_LOOP('',(#1684));
#5504=EDGE_LOOP('',(#1685));
#5505=EDGE_LOOP('',(#1686));
#5506=EDGE_LOOP('',(#1687));
#5507=EDGE_LOOP('',(#1688));
#5508=EDGE_LOOP('',(#1689));
#5509=EDGE_LOOP('',(#1690));
#5510=EDGE_LOOP('',(#1691));
#5511=EDGE_LOOP('',(#1692));
#5512=EDGE_LOOP('',(#1693));
#5513=EDGE_LOOP('',(#1694));
#5514=EDGE_LOOP('',(#1695));
#5515=EDGE_LOOP('',(#1696));
#5516=EDGE_LOOP('',(#1697));
#5517=EDGE_LOOP('',(#1698));
#5518=EDGE_LOOP('',(#1699));
#5519=EDGE_LOOP('',(#1700));
#5520=EDGE_LOOP('',(#1701));
#5521=EDGE_LOOP('',(#1702));
#5522=EDGE_LOOP('',(#1703));
#5523=EDGE_LOOP('',(#1704));
#5524=EDGE_LOOP('',(#1705));
#5525=EDGE_LOOP('',(#1706));
#5526=EDGE_LOOP('',(#1707));
#5527=EDGE_LOOP('',(#1708));
#5528=EDGE_LOOP('',(#1709));
#5529=EDGE_LOOP('',(#1710));
#5530=EDGE_LOOP('',(#1711));
#5531=EDGE_LOOP('',(#1712));
#5532=EDGE_LOOP('',(#1713));
#5533=EDGE_LOOP('',(#1714));
#5534=EDGE_LOOP('',(#1715));
#5535=EDGE_LOOP('',(#1716));
#5536=EDGE_LOOP('',(#1717));
#5537=EDGE_LOOP('',(#1718));
#5538=EDGE_LOOP('',(#1719));
#5539=EDGE_LOOP('',(#1720));
#5540=EDGE_LOOP('',(#1721));
#5541=EDGE_LOOP('',(#1722));
#5542=EDGE_LOOP('',(#1723));
#5543=EDGE_LOOP('',(#1724));
#5544=EDGE_LOOP('',(#1725));
#5545=EDGE_LOOP('',(#1726));
#5546=EDGE_LOOP('',(#1727));
#5547=EDGE_LOOP('',(#1728));
#5548=EDGE_LOOP('',(#1729));
#5549=EDGE_LOOP('',(#1730));
#5550=EDGE_LOOP('',(#1731));
#5551=EDGE_LOOP('',(#1732));
#5552=EDGE_LOOP('',(#1733));
#5553=EDGE_LOOP('',(#1734));
#5554=EDGE_LOOP('',(#1735));
#5555=EDGE_LOOP('',(#1736));
#5556=EDGE_LOOP('',(#1737));
#5557=EDGE_LOOP('',(#1738));
#5558=EDGE_LOOP('',(#1739));
#5559=EDGE_LOOP('',(#1740));
#5560=EDGE_LOOP('',(#1741));
#5561=EDGE_LOOP('',(#1742));
#5562=EDGE_LOOP('',(#1743));
#5563=EDGE_LOOP('',(#1744));
#5564=EDGE_LOOP('',(#1745));
#5565=EDGE_LOOP('',(#1746));
#5566=EDGE_LOOP('',(#1747));
#5567=EDGE_LOOP('',(#1748));
#5568=EDGE_LOOP('',(#1749));
#5569=EDGE_LOOP('',(#1750));
#5570=EDGE_LOOP('',(#1751));
#5571=EDGE_LOOP('',(#1752));
#5572=EDGE_LOOP('',(#1753));
#5573=EDGE_LOOP('',(#1754));
#5574=EDGE_LOOP('',(#1755));
#5575=EDGE_LOOP('',(#1756));
#5576=EDGE_LOOP('',(#1757));
#5577=EDGE_LOOP('',(#1758));
#5578=EDGE_LOOP('',(#1759));
#5579=EDGE_LOOP('',(#1760));
#5580=EDGE_LOOP('',(#1761));
#5581=EDGE_LOOP('',(#1762));
#5582=EDGE_LOOP('',(#1763));
#5583=EDGE_LOOP('',(#1764));
#5584=EDGE_LOOP('',(#1765));
#5585=EDGE_LOOP('',(#1766));
#5586=EDGE_LOOP('',(#1767));
#5587=EDGE_LOOP('',(#1768));
#5588=EDGE_LOOP('',(#1769));
#5589=EDGE_LOOP('',(#1770));
#5590=EDGE_LOOP('',(#1771));
#5591=EDGE_LOOP('',(#1772));
#5592=EDGE_LOOP('',(#1773));
#5593=EDGE_LOOP('',(#1774,#1775,#1776,#1777));
#5594=EDGE_LOOP('',(#1778,#1779,#1780,#1781));
#5595=EDGE_LOOP('',(#1782,#1783,#1784,#1785));
#5596=EDGE_LOOP('',(#1786,#1787,#1788,#1789));
#5597=EDGE_LOOP('',(#1790,#1791,#1792,#1793));
#5598=EDGE_LOOP('',(#1794,#1795,#1796,#1797));
#5599=EDGE_LOOP('',(#1798));
#5600=EDGE_LOOP('',(#1799));
#5601=EDGE_LOOP('',(#1800));
#5602=EDGE_LOOP('',(#1801));
#5603=EDGE_LOOP('',(#1802));
#5604=EDGE_LOOP('',(#1803));
#5605=EDGE_LOOP('',(#1804));
#5606=EDGE_LOOP('',(#1805));
#5607=EDGE_LOOP('',(#1806));
#5608=EDGE_LOOP('',(#1807));
#5609=EDGE_LOOP('',(#1808));
#5610=EDGE_LOOP('',(#1809));
#5611=EDGE_LOOP('',(#1810));
#5612=EDGE_LOOP('',(#1811));
#5613=EDGE_LOOP('',(#1812));
#5614=EDGE_LOOP('',(#1813));
#5615=EDGE_LOOP('',(#1814));
#5616=EDGE_LOOP('',(#1815));
#5617=EDGE_LOOP('',(#1816));
#5618=EDGE_LOOP('',(#1817));
#5619=EDGE_LOOP('',(#1818));
#5620=EDGE_LOOP('',(#1819));
#5621=EDGE_LOOP('',(#1820));
#5622=EDGE_LOOP('',(#1821));
#5623=EDGE_LOOP('',(#1822));
#5624=EDGE_LOOP('',(#1823));
#5625=EDGE_LOOP('',(#1824));
#5626=EDGE_LOOP('',(#1825));
#5627=EDGE_LOOP('',(#1826));
#5628=EDGE_LOOP('',(#1827));
#5629=EDGE_LOOP('',(#1828));
#5630=EDGE_LOOP('',(#1829));
#5631=EDGE_LOOP('',(#1830));
#5632=EDGE_LOOP('',(#1831));
#5633=EDGE_LOOP('',(#1832));
#5634=EDGE_LOOP('',(#1833));
#5635=EDGE_LOOP('',(#1834));
#5636=EDGE_LOOP('',(#1835));
#5637=EDGE_LOOP('',(#1836));
#5638=EDGE_LOOP('',(#1837));
#5639=EDGE_LOOP('',(#1838));
#5640=EDGE_LOOP('',(#1839));
#5641=EDGE_LOOP('',(#1840));
#5642=EDGE_LOOP('',(#1841));
#5643=EDGE_LOOP('',(#1842));
#5644=EDGE_LOOP('',(#1843));
#5645=EDGE_LOOP('',(#1844));
#5646=EDGE_LOOP('',(#1845));
#5647=EDGE_LOOP('',(#1846));
#5648=EDGE_LOOP('',(#1847));
#5649=EDGE_LOOP('',(#1848));
#5650=EDGE_LOOP('',(#1849));
#5651=EDGE_LOOP('',(#1850));
#5652=EDGE_LOOP('',(#1851));
#5653=EDGE_LOOP('',(#1852));
#5654=EDGE_LOOP('',(#1853));
#5655=EDGE_LOOP('',(#1854));
#5656=EDGE_LOOP('',(#1855));
#5657=EDGE_LOOP('',(#1856));
#5658=EDGE_LOOP('',(#1857));
#5659=EDGE_LOOP('',(#1858));
#5660=EDGE_LOOP('',(#1859));
#5661=EDGE_LOOP('',(#1860));
#5662=EDGE_LOOP('',(#1861));
#5663=EDGE_LOOP('',(#1862));
#5664=EDGE_LOOP('',(#1863));
#5665=EDGE_LOOP('',(#1864));
#5666=EDGE_LOOP('',(#1865));
#5667=EDGE_LOOP('',(#1866));
#5668=EDGE_LOOP('',(#1867));
#5669=EDGE_LOOP('',(#1868));
#5670=EDGE_LOOP('',(#1869));
#5671=EDGE_LOOP('',(#1870));
#5672=EDGE_LOOP('',(#1871));
#5673=EDGE_LOOP('',(#1872));
#5674=EDGE_LOOP('',(#1873));
#5675=EDGE_LOOP('',(#1874));
#5676=EDGE_LOOP('',(#1875));
#5677=EDGE_LOOP('',(#1876));
#5678=EDGE_LOOP('',(#1877));
#5679=EDGE_LOOP('',(#1878));
#5680=EDGE_LOOP('',(#1879));
#5681=EDGE_LOOP('',(#1880));
#5682=EDGE_LOOP('',(#1881));
#5683=EDGE_LOOP('',(#1882));
#5684=EDGE_LOOP('',(#1883));
#5685=EDGE_LOOP('',(#1884));
#5686=EDGE_LOOP('',(#1885));
#5687=EDGE_LOOP('',(#1886));
#5688=EDGE_LOOP('',(#1887));
#5689=EDGE_LOOP('',(#1888));
#5690=EDGE_LOOP('',(#1889));
#5691=EDGE_LOOP('',(#1890));
#5692=EDGE_LOOP('',(#1891));
#5693=EDGE_LOOP('',(#1892));
#5694=EDGE_LOOP('',(#1893));
#5695=EDGE_LOOP('',(#1894));
#5696=EDGE_LOOP('',(#1895));
#5697=EDGE_LOOP('',(#1896));
#5698=EDGE_LOOP('',(#1897));
#5699=EDGE_LOOP('',(#1898));
#5700=EDGE_LOOP('',(#1899));
#5701=EDGE_LOOP('',(#1900,#1901,#1902,#1903));
#5702=EDGE_LOOP('',(#1904,#1905,#1906,#1907));
#5703=EDGE_LOOP('',(#1908));
#5704=EDGE_LOOP('',(#1909));
#5705=EDGE_LOOP('',(#1910));
#5706=EDGE_LOOP('',(#1911));
#5707=EDGE_LOOP('',(#1912));
#5708=EDGE_LOOP('',(#1913));
#5709=EDGE_LOOP('',(#1914));
#5710=EDGE_LOOP('',(#1915));
#5711=EDGE_LOOP('',(#1916));
#5712=EDGE_LOOP('',(#1917));
#5713=EDGE_LOOP('',(#1918));
#5714=EDGE_LOOP('',(#1919));
#5715=EDGE_LOOP('',(#1920));
#5716=EDGE_LOOP('',(#1921));
#5717=EDGE_LOOP('',(#1922));
#5718=EDGE_LOOP('',(#1923));
#5719=EDGE_LOOP('',(#1924));
#5720=EDGE_LOOP('',(#1925));
#5721=EDGE_LOOP('',(#1926));
#5722=EDGE_LOOP('',(#1927));
#5723=EDGE_LOOP('',(#1928));
#5724=EDGE_LOOP('',(#1929));
#5725=EDGE_LOOP('',(#1930));
#5726=EDGE_LOOP('',(#1931));
#5727=EDGE_LOOP('',(#1932));
#5728=EDGE_LOOP('',(#1933));
#5729=EDGE_LOOP('',(#1934));
#5730=EDGE_LOOP('',(#1935));
#5731=EDGE_LOOP('',(#1936));
#5732=EDGE_LOOP('',(#1937));
#5733=EDGE_LOOP('',(#1938));
#5734=EDGE_LOOP('',(#1939));
#5735=EDGE_LOOP('',(#1940));
#5736=EDGE_LOOP('',(#1941));
#5737=EDGE_LOOP('',(#1942));
#5738=EDGE_LOOP('',(#1943));
#5739=EDGE_LOOP('',(#1944));
#5740=EDGE_LOOP('',(#1945));
#5741=EDGE_LOOP('',(#1946));
#5742=EDGE_LOOP('',(#1947));
#5743=EDGE_LOOP('',(#1948));
#5744=EDGE_LOOP('',(#1949));
#5745=EDGE_LOOP('',(#1950));
#5746=EDGE_LOOP('',(#1951));
#5747=EDGE_LOOP('',(#1952));
#5748=EDGE_LOOP('',(#1953));
#5749=EDGE_LOOP('',(#1954));
#5750=EDGE_LOOP('',(#1955));
#5751=EDGE_LOOP('',(#1956));
#5752=EDGE_LOOP('',(#1957));
#5753=EDGE_LOOP('',(#1958));
#5754=EDGE_LOOP('',(#1959,#1960,#1961,#1962,#1963,#1964));
#5755=EDGE_LOOP('',(#1965,#1966,#1967,#1968,#1969,#1970));
#5756=EDGE_LOOP('',(#1971,#1972,#1973,#1974,#1975,#1976));
#5757=EDGE_LOOP('',(#1977,#1978,#1979,#1980,#1981,#1982));
#5758=EDGE_LOOP('',(#1983,#1984,#1985,#1986,#1987,#1988));
#5759=EDGE_LOOP('',(#1989,#1990,#1991,#1992,#1993,#1994));
#5760=EDGE_LOOP('',(#1995));
#5761=EDGE_LOOP('',(#1996));
#5762=EDGE_LOOP('',(#1997));
#5763=EDGE_LOOP('',(#1998));
#5764=EDGE_LOOP('',(#1999));
#5765=EDGE_LOOP('',(#2000));
#5766=EDGE_LOOP('',(#2001));
#5767=EDGE_LOOP('',(#2002));
#5768=EDGE_LOOP('',(#2003));
#5769=EDGE_LOOP('',(#2004));
#5770=EDGE_LOOP('',(#2005));
#5771=EDGE_LOOP('',(#2006));
#5772=EDGE_LOOP('',(#2007));
#5773=EDGE_LOOP('',(#2008));
#5774=EDGE_LOOP('',(#2009));
#5775=EDGE_LOOP('',(#2010));
#5776=EDGE_LOOP('',(#2011));
#5777=EDGE_LOOP('',(#2012));
#5778=EDGE_LOOP('',(#2013));
#5779=EDGE_LOOP('',(#2014));
#5780=EDGE_LOOP('',(#2015));
#5781=EDGE_LOOP('',(#2016));
#5782=EDGE_LOOP('',(#2017));
#5783=EDGE_LOOP('',(#2018));
#5784=EDGE_LOOP('',(#2019));
#5785=EDGE_LOOP('',(#2020));
#5786=EDGE_LOOP('',(#2021));
#5787=EDGE_LOOP('',(#2022));
#5788=EDGE_LOOP('',(#2023));
#5789=EDGE_LOOP('',(#2024));
#5790=EDGE_LOOP('',(#2025));
#5791=EDGE_LOOP('',(#2026));
#5792=EDGE_LOOP('',(#2027));
#5793=EDGE_LOOP('',(#2028));
#5794=EDGE_LOOP('',(#2029));
#5795=EDGE_LOOP('',(#2030));
#5796=EDGE_LOOP('',(#2031));
#5797=EDGE_LOOP('',(#2032));
#5798=EDGE_LOOP('',(#2033));
#5799=EDGE_LOOP('',(#2034));
#5800=EDGE_LOOP('',(#2035));
#5801=EDGE_LOOP('',(#2036));
#5802=EDGE_LOOP('',(#2037));
#5803=EDGE_LOOP('',(#2038));
#5804=EDGE_LOOP('',(#2039));
#5805=EDGE_LOOP('',(#2040));
#5806=EDGE_LOOP('',(#2041));
#5807=EDGE_LOOP('',(#2042));
#5808=EDGE_LOOP('',(#2043));
#5809=EDGE_LOOP('',(#2044));
#5810=EDGE_LOOP('',(#2045));
#5811=EDGE_LOOP('',(#2046));
#5812=EDGE_LOOP('',(#2047));
#5813=EDGE_LOOP('',(#2048));
#5814=EDGE_LOOP('',(#2049));
#5815=EDGE_LOOP('',(#2050));
#5816=EDGE_LOOP('',(#2051));
#5817=EDGE_LOOP('',(#2052));
#5818=EDGE_LOOP('',(#2053));
#5819=EDGE_LOOP('',(#2054));
#5820=EDGE_LOOP('',(#2055));
#5821=EDGE_LOOP('',(#2056));
#5822=EDGE_LOOP('',(#2057));
#5823=EDGE_LOOP('',(#2058));
#5824=EDGE_LOOP('',(#2059));
#5825=EDGE_LOOP('',(#2060));
#5826=EDGE_LOOP('',(#2061));
#5827=EDGE_LOOP('',(#2062));
#5828=EDGE_LOOP('',(#2063));
#5829=EDGE_LOOP('',(#2064));
#5830=EDGE_LOOP('',(#2065));
#5831=EDGE_LOOP('',(#2066));
#5832=EDGE_LOOP('',(#2067));
#5833=EDGE_LOOP('',(#2068));
#5834=EDGE_LOOP('',(#2069));
#5835=EDGE_LOOP('',(#2070));
#5836=EDGE_LOOP('',(#2071));
#5837=EDGE_LOOP('',(#2072));
#5838=EDGE_LOOP('',(#2073));
#5839=EDGE_LOOP('',(#2074));
#5840=EDGE_LOOP('',(#2075));
#5841=EDGE_LOOP('',(#2076));
#5842=EDGE_LOOP('',(#2077));
#5843=EDGE_LOOP('',(#2078));
#5844=EDGE_LOOP('',(#2079));
#5845=EDGE_LOOP('',(#2080));
#5846=EDGE_LOOP('',(#2081));
#5847=EDGE_LOOP('',(#2082));
#5848=EDGE_LOOP('',(#2083));
#5849=EDGE_LOOP('',(#2084));
#5850=EDGE_LOOP('',(#2085));
#5851=EDGE_LOOP('',(#2086));
#5852=EDGE_LOOP('',(#2087));
#5853=EDGE_LOOP('',(#2088));
#5854=EDGE_LOOP('',(#2089));
#5855=EDGE_LOOP('',(#2090));
#5856=EDGE_LOOP('',(#2091));
#5857=EDGE_LOOP('',(#2092));
#5858=EDGE_LOOP('',(#2093));
#5859=EDGE_LOOP('',(#2094));
#5860=EDGE_LOOP('',(#2095));
#5861=EDGE_LOOP('',(#2096));
#5862=EDGE_LOOP('',(#2097));
#5863=EDGE_LOOP('',(#2098));
#5864=EDGE_LOOP('',(#2099));
#5865=EDGE_LOOP('',(#2100));
#5866=EDGE_LOOP('',(#2101));
#5867=EDGE_LOOP('',(#2102));
#5868=EDGE_LOOP('',(#2103));
#5869=EDGE_LOOP('',(#2104));
#5870=EDGE_LOOP('',(#2105));
#5871=EDGE_LOOP('',(#2106));
#5872=EDGE_LOOP('',(#2107));
#5873=EDGE_LOOP('',(#2108));
#5874=EDGE_LOOP('',(#2109));
#5875=EDGE_LOOP('',(#2110));
#5876=EDGE_LOOP('',(#2111));
#5877=EDGE_LOOP('',(#2112));
#5878=EDGE_LOOP('',(#2113));
#5879=EDGE_LOOP('',(#2114));
#5880=EDGE_LOOP('',(#2115));
#5881=EDGE_LOOP('',(#2116));
#5882=EDGE_LOOP('',(#2117));
#5883=EDGE_LOOP('',(#2118));
#5884=EDGE_LOOP('',(#2119));
#5885=EDGE_LOOP('',(#2120));
#5886=EDGE_LOOP('',(#2121));
#5887=EDGE_LOOP('',(#2122));
#5888=EDGE_LOOP('',(#2123));
#5889=EDGE_LOOP('',(#2124));
#5890=EDGE_LOOP('',(#2125));
#5891=EDGE_LOOP('',(#2126));
#5892=EDGE_LOOP('',(#2127));
#5893=EDGE_LOOP('',(#2128));
#5894=EDGE_LOOP('',(#2129));
#5895=EDGE_LOOP('',(#2130));
#5896=EDGE_LOOP('',(#2131));
#5897=EDGE_LOOP('',(#2132));
#5898=EDGE_LOOP('',(#2133));
#5899=EDGE_LOOP('',(#2134));
#5900=EDGE_LOOP('',(#2135));
#5901=EDGE_LOOP('',(#2136));
#5902=EDGE_LOOP('',(#2137,#2138,#2139,#2140,#2141,#2142));
#5903=EDGE_LOOP('',(#2143,#2144,#2145,#2146));
#5904=EDGE_LOOP('',(#2147,#2148,#2149,#2150));
#5905=EDGE_LOOP('',(#2151,#2152,#2153,#2154));
#5906=EDGE_LOOP('',(#2155,#2156,#2157,#2158));
#5907=EDGE_LOOP('',(#2159,#2160,#2161,#2162));
#5908=EDGE_LOOP('',(#2163,#2164,#2165,#2166));
#5909=EDGE_LOOP('',(#2167,#2168,#2169,#2170));
#5910=EDGE_LOOP('',(#2171,#2172,#2173,#2174));
#5911=EDGE_LOOP('',(#2175,#2176,#2177,#2178));
#5912=EDGE_LOOP('',(#2179,#2180,#2181,#2182));
#5913=EDGE_LOOP('',(#2183,#2184,#2185,#2186));
#5914=EDGE_LOOP('',(#2187,#2188,#2189,#2190));
#5915=EDGE_LOOP('',(#2191,#2192,#2193,#2194));
#5916=EDGE_LOOP('',(#2195,#2196,#2197,#2198));
#5917=EDGE_LOOP('',(#2199,#2200,#2201,#2202));
#5918=EDGE_LOOP('',(#2203,#2204,#2205,#2206));
#5919=EDGE_LOOP('',(#2207,#2208,#2209,#2210));
#5920=EDGE_LOOP('',(#2211,#2212,#2213,#2214));
#5921=EDGE_LOOP('',(#2215,#2216,#2217,#2218));
#5922=EDGE_LOOP('',(#2219,#2220,#2221,#2222));
#5923=EDGE_LOOP('',(#2223,#2224,#2225,#2226));
#5924=EDGE_LOOP('',(#2227));
#5925=EDGE_LOOP('',(#2228,#2229,#2230,#2231,#2232,#2233,#2234,#2235,#2236,
#2237,#2238,#2239,#2240,#2241,#2242,#2243,#2244,#2245,#2246,#2247,#2248,
#2249,#2250,#2251,#2252,#2253,#2254,#2255,#2256,#2257,#2258,#2259,#2260,
#2261,#2262,#2263,#2264,#2265,#2266,#2267,#2268,#2269,#2270,#2271,#2272,
#2273,#2274,#2275,#2276,#2277,#2278));
#5926=EDGE_LOOP('',(#2279));
#5927=EDGE_LOOP('',(#2280));
#5928=EDGE_LOOP('',(#2281));
#5929=EDGE_LOOP('',(#2282));
#5930=EDGE_LOOP('',(#2283));
#5931=EDGE_LOOP('',(#2284));
#5932=EDGE_LOOP('',(#2285));
#5933=EDGE_LOOP('',(#2286));
#5934=EDGE_LOOP('',(#2287));
#5935=EDGE_LOOP('',(#2288));
#5936=EDGE_LOOP('',(#2289));
#5937=EDGE_LOOP('',(#2290));
#5938=EDGE_LOOP('',(#2291));
#5939=EDGE_LOOP('',(#2292));
#5940=EDGE_LOOP('',(#2293));
#5941=EDGE_LOOP('',(#2294));
#5942=EDGE_LOOP('',(#2295));
#5943=EDGE_LOOP('',(#2296));
#5944=EDGE_LOOP('',(#2297));
#5945=EDGE_LOOP('',(#2298));
#5946=EDGE_LOOP('',(#2299));
#5947=EDGE_LOOP('',(#2300));
#5948=EDGE_LOOP('',(#2301));
#5949=EDGE_LOOP('',(#2302));
#5950=EDGE_LOOP('',(#2303));
#5951=EDGE_LOOP('',(#2304));
#5952=EDGE_LOOP('',(#2305));
#5953=EDGE_LOOP('',(#2306));
#5954=EDGE_LOOP('',(#2307));
#5955=EDGE_LOOP('',(#2308));
#5956=EDGE_LOOP('',(#2309));
#5957=EDGE_LOOP('',(#2310));
#5958=EDGE_LOOP('',(#2311));
#5959=EDGE_LOOP('',(#2312));
#5960=EDGE_LOOP('',(#2313));
#5961=EDGE_LOOP('',(#2314));
#5962=EDGE_LOOP('',(#2315));
#5963=EDGE_LOOP('',(#2316));
#5964=EDGE_LOOP('',(#2317));
#5965=EDGE_LOOP('',(#2318));
#5966=EDGE_LOOP('',(#2319));
#5967=EDGE_LOOP('',(#2320));
#5968=EDGE_LOOP('',(#2321));
#5969=EDGE_LOOP('',(#2322));
#5970=EDGE_LOOP('',(#2323));
#5971=EDGE_LOOP('',(#2324));
#5972=EDGE_LOOP('',(#2325));
#5973=EDGE_LOOP('',(#2326));
#5974=EDGE_LOOP('',(#2327,#2328,#2329,#2330));
#5975=EDGE_LOOP('',(#2331,#2332,#2333,#2334));
#5976=EDGE_LOOP('',(#2335));
#5977=EDGE_LOOP('',(#2336));
#5978=EDGE_LOOP('',(#2337,#2338,#2339,#2340));
#5979=EDGE_LOOP('',(#2341,#2342,#2343,#2344));
#5980=EDGE_LOOP('',(#2345,#2346,#2347,#2348));
#5981=EDGE_LOOP('',(#2349,#2350,#2351,#2352));
#5982=EDGE_LOOP('',(#2353,#2354,#2355,#2356));
#5983=EDGE_LOOP('',(#2357,#2358,#2359,#2360));
#5984=EDGE_LOOP('',(#2361,#2362,#2363,#2364));
#5985=EDGE_LOOP('',(#2365,#2366,#2367,#2368));
#5986=EDGE_LOOP('',(#2369,#2370,#2371,#2372,#2373,#2374,#2375,#2376));
#5987=EDGE_LOOP('',(#2377,#2378,#2379,#2380,#2381,#2382,#2383));
#5988=EDGE_LOOP('',(#2384,#2385,#2386,#2387));
#5989=EDGE_LOOP('',(#2388,#2389,#2390,#2391,#2392));
#5990=EDGE_LOOP('',(#2393,#2394,#2395,#2396));
#5991=EDGE_LOOP('',(#2397,#2398,#2399,#2400,#2401,#2402));
#5992=EDGE_LOOP('',(#2403,#2404,#2405,#2406));
#5993=EDGE_LOOP('',(#2407,#2408,#2409,#2410));
#5994=EDGE_LOOP('',(#2411,#2412,#2413,#2414));
#5995=EDGE_LOOP('',(#2415,#2416,#2417,#2418,#2419,#2420,#2421));
#5996=EDGE_LOOP('',(#2422,#2423,#2424,#2425));
#5997=EDGE_LOOP('',(#2426,#2427,#2428,#2429,#2430));
#5998=EDGE_LOOP('',(#2431,#2432,#2433,#2434));
#5999=EDGE_LOOP('',(#2435,#2436,#2437,#2438,#2439,#2440,#2441));
#6000=EDGE_LOOP('',(#2442));
#6001=EDGE_LOOP('',(#2443,#2444,#2445,#2446,#2447,#2448));
#6002=EDGE_LOOP('',(#2449,#2450,#2451,#2452,#2453,#2454));
#6003=EDGE_LOOP('',(#2455,#2456,#2457,#2458,#2459,#2460));
#6004=EDGE_LOOP('',(#2461,#2462,#2463,#2464,#2465));
#6005=EDGE_LOOP('',(#2466,#2467,#2468,#2469,#2470,#2471,#2472));
#6006=EDGE_LOOP('',(#2473,#2474,#2475,#2476));
#6007=EDGE_LOOP('',(#2477));
#6008=EDGE_LOOP('',(#2478));
#6009=EDGE_LOOP('',(#2479));
#6010=EDGE_LOOP('',(#2480));
#6011=EDGE_LOOP('',(#2481,#2482,#2483,#2484,#2485,#2486));
#6012=EDGE_LOOP('',(#2487,#2488,#2489,#2490));
#6013=EDGE_LOOP('',(#2491));
#6014=EDGE_LOOP('',(#2492));
#6015=EDGE_LOOP('',(#2493,#2494,#2495,#2496,#2497,#2498));
#6016=EDGE_LOOP('',(#2499));
#6017=EDGE_LOOP('',(#2500,#2501,#2502,#2503));
#6018=EDGE_LOOP('',(#2504,#2505,#2506,#2507));
#6019=EDGE_LOOP('',(#2508,#2509,#2510,#2511));
#6020=EDGE_LOOP('',(#2512,#2513,#2514,#2515));
#6021=EDGE_LOOP('',(#2516,#2517,#2518,#2519));
#6022=EDGE_LOOP('',(#2520,#2521,#2522,#2523));
#6023=EDGE_LOOP('',(#2524,#2525,#2526,#2527,#2528));
#6024=EDGE_LOOP('',(#2529,#2530,#2531,#2532,#2533));
#6025=EDGE_LOOP('',(#2534,#2535,#2536,#2537));
#6026=EDGE_LOOP('',(#2538,#2539,#2540,#2541));
#6027=EDGE_LOOP('',(#2542,#2543,#2544,#2545,#2546,#2547));
#6028=EDGE_LOOP('',(#2548,#2549,#2550,#2551));
#6029=EDGE_LOOP('',(#2552,#2553,#2554,#2555));
#6030=EDGE_LOOP('',(#2556,#2557,#2558,#2559));
#6031=EDGE_LOOP('',(#2560,#2561,#2562,#2563));
#6032=EDGE_LOOP('',(#2564,#2565,#2566,#2567));
#6033=EDGE_LOOP('',(#2568,#2569,#2570,#2571));
#6034=EDGE_LOOP('',(#2572,#2573,#2574,#2575,#2576,#2577));
#6035=EDGE_LOOP('',(#2578,#2579,#2580,#2581));
#6036=EDGE_LOOP('',(#2582,#2583,#2584));
#6037=EDGE_LOOP('',(#2585,#2586,#2587));
#6038=EDGE_LOOP('',(#2588,#2589,#2590,#2591));
#6039=EDGE_LOOP('',(#2592,#2593,#2594,#2595));
#6040=EDGE_LOOP('',(#2596,#2597,#2598));
#6041=EDGE_LOOP('',(#2599,#2600,#2601,#2602));
#6042=EDGE_LOOP('',(#2603,#2604,#2605,#2606));
#6043=EDGE_LOOP('',(#2607,#2608,#2609,#2610));
#6044=EDGE_LOOP('',(#2611,#2612,#2613,#2614));
#6045=EDGE_LOOP('',(#2615,#2616,#2617,#2618));
#6046=EDGE_LOOP('',(#2619,#2620,#2621,#2622));
#6047=EDGE_LOOP('',(#2623,#2624,#2625,#2626));
#6048=EDGE_LOOP('',(#2627,#2628,#2629,#2630));
#6049=EDGE_LOOP('',(#2631,#2632,#2633,#2634));
#6050=EDGE_LOOP('',(#2635,#2636,#2637,#2638));
#6051=EDGE_LOOP('',(#2639,#2640,#2641,#2642));
#6052=EDGE_LOOP('',(#2643,#2644,#2645));
#6053=EDGE_LOOP('',(#2646,#2647,#2648,#2649));
#6054=EDGE_LOOP('',(#2650,#2651,#2652,#2653));
#6055=EDGE_LOOP('',(#2654,#2655,#2656,#2657));
#6056=EDGE_LOOP('',(#2658,#2659,#2660,#2661,#2662,#2663));
#6057=EDGE_LOOP('',(#2664,#2665,#2666,#2667));
#6058=EDGE_LOOP('',(#2668,#2669,#2670));
#6059=EDGE_LOOP('',(#2671,#2672,#2673,#2674));
#6060=EDGE_LOOP('',(#2675,#2676,#2677,#2678,#2679));
#6061=EDGE_LOOP('',(#2680,#2681,#2682));
#6062=EDGE_LOOP('',(#2683,#2684,#2685,#2686));
#6063=EDGE_LOOP('',(#2687,#2688,#2689));
#6064=EDGE_LOOP('',(#2690,#2691,#2692,#2693));
#6065=EDGE_LOOP('',(#2694,#2695,#2696,#2697));
#6066=EDGE_LOOP('',(#2698,#2699,#2700,#2701,#2702));
#6067=EDGE_LOOP('',(#2703,#2704,#2705,#2706));
#6068=EDGE_LOOP('',(#2707,#2708,#2709,#2710));
#6069=EDGE_LOOP('',(#2711,#2712,#2713,#2714,#2715));
#6070=EDGE_LOOP('',(#2716,#2717,#2718,#2719));
#6071=EDGE_LOOP('',(#2720,#2721,#2722,#2723));
#6072=EDGE_LOOP('',(#2724,#2725,#2726,#2727));
#6073=EDGE_LOOP('',(#2728,#2729,#2730,#2731));
#6074=EDGE_LOOP('',(#2732,#2733,#2734,#2735));
#6075=EDGE_LOOP('',(#2736,#2737,#2738,#2739));
#6076=EDGE_LOOP('',(#2740,#2741,#2742,#2743));
#6077=EDGE_LOOP('',(#2744,#2745,#2746,#2747));
#6078=EDGE_LOOP('',(#2748,#2749,#2750,#2751,#2752,#2753,#2754,#2755));
#6079=EDGE_LOOP('',(#2756,#2757,#2758,#2759));
#6080=EDGE_LOOP('',(#2760,#2761,#2762,#2763));
#6081=EDGE_LOOP('',(#2764,#2765,#2766,#2767));
#6082=EDGE_LOOP('',(#2768,#2769,#2770,#2771));
#6083=EDGE_LOOP('',(#2772,#2773,#2774,#2775));
#6084=EDGE_LOOP('',(#2776));
#6085=EDGE_LOOP('',(#2777));
#6086=EDGE_LOOP('',(#2778,#2779,#2780,#2781));
#6087=EDGE_LOOP('',(#2782,#2783,#2784,#2785));
#6088=EDGE_LOOP('',(#2786,#2787,#2788,#2789));
#6089=EDGE_LOOP('',(#2790,#2791,#2792,#2793));
#6090=EDGE_LOOP('',(#2794));
#6091=EDGE_LOOP('',(#2795));
#6092=EDGE_LOOP('',(#2796,#2797,#2798,#2799));
#6093=EDGE_LOOP('',(#2800));
#6094=EDGE_LOOP('',(#2801));
#6095=EDGE_LOOP('',(#2802));
#6096=EDGE_LOOP('',(#2803));
#6097=EDGE_LOOP('',(#2804,#2805,#2806,#2807,#2808,#2809));
#6098=EDGE_LOOP('',(#2810));
#6099=EDGE_LOOP('',(#2811));
#6100=EDGE_LOOP('',(#2812));
#6101=EDGE_LOOP('',(#2813));
#6102=EDGE_LOOP('',(#2814));
#6103=EDGE_LOOP('',(#2815));
#6104=EDGE_LOOP('',(#2816));
#6105=FACE_BOUND('',#5101,.T.);
#6106=FACE_BOUND('',#5102,.T.);
#6107=FACE_BOUND('',#5103,.T.);
#6108=FACE_BOUND('',#5104,.T.);
#6109=FACE_BOUND('',#5105,.T.);
#6110=FACE_BOUND('',#5106,.T.);
#6111=FACE_BOUND('',#5107,.T.);
#6112=FACE_BOUND('',#5108,.T.);
#6113=FACE_BOUND('',#5109,.T.);
#6114=FACE_BOUND('',#5110,.T.);
#6115=FACE_BOUND('',#5111,.T.);
#6116=FACE_BOUND('',#5112,.T.);
#6117=FACE_BOUND('',#5113,.T.);
#6118=FACE_BOUND('',#5114,.T.);
#6119=FACE_BOUND('',#5115,.T.);
#6120=FACE_BOUND('',#5116,.T.);
#6121=FACE_BOUND('',#5117,.T.);
#6122=FACE_BOUND('',#5118,.T.);
#6123=FACE_BOUND('',#5119,.T.);
#6124=FACE_BOUND('',#5120,.T.);
#6125=FACE_BOUND('',#5121,.T.);
#6126=FACE_BOUND('',#5122,.T.);
#6127=FACE_BOUND('',#5123,.T.);
#6128=FACE_BOUND('',#5124,.T.);
#6129=FACE_BOUND('',#5125,.T.);
#6130=FACE_BOUND('',#5126,.T.);
#6131=FACE_BOUND('',#5127,.T.);
#6132=FACE_BOUND('',#5128,.T.);
#6133=FACE_BOUND('',#5129,.T.);
#6134=FACE_BOUND('',#5130,.T.);
#6135=FACE_BOUND('',#5131,.T.);
#6136=FACE_BOUND('',#5132,.T.);
#6137=FACE_BOUND('',#5133,.T.);
#6138=FACE_BOUND('',#5134,.T.);
#6139=FACE_BOUND('',#5135,.T.);
#6140=FACE_BOUND('',#5136,.T.);
#6141=FACE_BOUND('',#5137,.T.);
#6142=FACE_BOUND('',#5138,.T.);
#6143=FACE_BOUND('',#5139,.T.);
#6144=FACE_BOUND('',#5140,.T.);
#6145=FACE_BOUND('',#5141,.T.);
#6146=FACE_BOUND('',#5142,.T.);
#6147=FACE_BOUND('',#5143,.T.);
#6148=FACE_BOUND('',#5144,.T.);
#6149=FACE_BOUND('',#5145,.T.);
#6150=FACE_BOUND('',#5146,.T.);
#6151=FACE_BOUND('',#5147,.T.);
#6152=FACE_BOUND('',#5148,.T.);
#6153=FACE_BOUND('',#5149,.T.);
#6154=FACE_BOUND('',#5150,.T.);
#6155=FACE_BOUND('',#5151,.T.);
#6156=FACE_BOUND('',#5152,.T.);
#6157=FACE_BOUND('',#5153,.T.);
#6158=FACE_BOUND('',#5154,.T.);
#6159=FACE_BOUND('',#5155,.T.);
#6160=FACE_BOUND('',#5156,.T.);
#6161=FACE_BOUND('',#5157,.T.);
#6162=FACE_BOUND('',#5158,.T.);
#6163=FACE_BOUND('',#5159,.T.);
#6164=FACE_BOUND('',#5160,.T.);
#6165=FACE_BOUND('',#5161,.T.);
#6166=FACE_BOUND('',#5162,.T.);
#6167=FACE_BOUND('',#5163,.T.);
#6168=FACE_BOUND('',#5164,.T.);
#6169=FACE_BOUND('',#5165,.T.);
#6170=FACE_BOUND('',#5166,.T.);
#6171=FACE_BOUND('',#5167,.T.);
#6172=FACE_BOUND('',#5168,.T.);
#6173=FACE_BOUND('',#5169,.T.);
#6174=FACE_BOUND('',#5170,.T.);
#6175=FACE_BOUND('',#5171,.T.);
#6176=FACE_BOUND('',#5172,.T.);
#6177=FACE_BOUND('',#5173,.T.);
#6178=FACE_BOUND('',#5174,.T.);
#6179=FACE_BOUND('',#5175,.T.);
#6180=FACE_BOUND('',#5176,.T.);
#6181=FACE_BOUND('',#5177,.T.);
#6182=FACE_BOUND('',#5178,.T.);
#6183=FACE_BOUND('',#5179,.T.);
#6184=FACE_BOUND('',#5180,.T.);
#6185=FACE_BOUND('',#5181,.T.);
#6186=FACE_BOUND('',#5182,.T.);
#6187=FACE_BOUND('',#5183,.T.);
#6188=FACE_BOUND('',#5184,.T.);
#6189=FACE_BOUND('',#5185,.T.);
#6190=FACE_BOUND('',#5186,.T.);
#6191=FACE_BOUND('',#5187,.T.);
#6192=FACE_BOUND('',#5188,.T.);
#6193=FACE_BOUND('',#5189,.T.);
#6194=FACE_BOUND('',#5190,.T.);
#6195=FACE_BOUND('',#5191,.T.);
#6196=FACE_BOUND('',#5192,.T.);
#6197=FACE_BOUND('',#5193,.T.);
#6198=FACE_BOUND('',#5194,.T.);
#6199=FACE_BOUND('',#5195,.T.);
#6200=FACE_BOUND('',#5196,.T.);
#6201=FACE_BOUND('',#5197,.T.);
#6202=FACE_BOUND('',#5198,.T.);
#6203=FACE_BOUND('',#5199,.T.);
#6204=FACE_BOUND('',#5200,.T.);
#6205=FACE_BOUND('',#5201,.T.);
#6206=FACE_BOUND('',#5202,.T.);
#6207=FACE_BOUND('',#5203,.T.);
#6208=FACE_BOUND('',#5204,.T.);
#6209=FACE_BOUND('',#5205,.T.);
#6210=FACE_BOUND('',#5206,.T.);
#6211=FACE_BOUND('',#5207,.T.);
#6212=FACE_BOUND('',#5208,.T.);
#6213=FACE_BOUND('',#5209,.T.);
#6214=FACE_BOUND('',#5210,.T.);
#6215=FACE_BOUND('',#5211,.T.);
#6216=FACE_BOUND('',#5212,.T.);
#6217=FACE_BOUND('',#5213,.T.);
#6218=FACE_BOUND('',#5214,.T.);
#6219=FACE_BOUND('',#5215,.T.);
#6220=FACE_BOUND('',#5216,.T.);
#6221=FACE_BOUND('',#5217,.T.);
#6222=FACE_BOUND('',#5218,.T.);
#6223=FACE_BOUND('',#5219,.T.);
#6224=FACE_BOUND('',#5220,.T.);
#6225=FACE_BOUND('',#5221,.T.);
#6226=FACE_BOUND('',#5222,.T.);
#6227=FACE_BOUND('',#5223,.T.);
#6228=FACE_BOUND('',#5224,.T.);
#6229=FACE_BOUND('',#5225,.T.);
#6230=FACE_BOUND('',#5226,.T.);
#6231=FACE_BOUND('',#5227,.T.);
#6232=FACE_BOUND('',#5228,.T.);
#6233=FACE_BOUND('',#5229,.T.);
#6234=FACE_BOUND('',#5230,.T.);
#6235=FACE_BOUND('',#5231,.T.);
#6236=FACE_BOUND('',#5232,.T.);
#6237=FACE_BOUND('',#5233,.T.);
#6238=FACE_BOUND('',#5234,.T.);
#6239=FACE_BOUND('',#5235,.T.);
#6240=FACE_BOUND('',#5236,.T.);
#6241=FACE_BOUND('',#5237,.T.);
#6242=FACE_BOUND('',#5238,.T.);
#6243=FACE_BOUND('',#5239,.T.);
#6244=FACE_BOUND('',#5240,.T.);
#6245=FACE_BOUND('',#5241,.T.);
#6246=FACE_BOUND('',#5242,.T.);
#6247=FACE_BOUND('',#5243,.T.);
#6248=FACE_BOUND('',#5244,.T.);
#6249=FACE_BOUND('',#5245,.T.);
#6250=FACE_BOUND('',#5246,.T.);
#6251=FACE_BOUND('',#5247,.T.);
#6252=FACE_BOUND('',#5248,.T.);
#6253=FACE_BOUND('',#5249,.T.);
#6254=FACE_BOUND('',#5250,.T.);
#6255=FACE_BOUND('',#5251,.T.);
#6256=FACE_BOUND('',#5252,.T.);
#6257=FACE_BOUND('',#5253,.T.);
#6258=FACE_BOUND('',#5254,.T.);
#6259=FACE_BOUND('',#5255,.T.);
#6260=FACE_BOUND('',#5256,.T.);
#6261=FACE_BOUND('',#5257,.T.);
#6262=FACE_BOUND('',#5258,.T.);
#6263=FACE_BOUND('',#5259,.T.);
#6264=FACE_BOUND('',#5260,.T.);
#6265=FACE_BOUND('',#5261,.T.);
#6266=FACE_BOUND('',#5262,.T.);
#6267=FACE_BOUND('',#5263,.T.);
#6268=FACE_BOUND('',#5264,.T.);
#6269=FACE_BOUND('',#5265,.T.);
#6270=FACE_BOUND('',#5266,.T.);
#6271=FACE_BOUND('',#5267,.T.);
#6272=FACE_BOUND('',#5268,.T.);
#6273=FACE_BOUND('',#5269,.T.);
#6274=FACE_BOUND('',#5270,.T.);
#6275=FACE_BOUND('',#5271,.T.);
#6276=FACE_BOUND('',#5272,.T.);
#6277=FACE_BOUND('',#5273,.T.);
#6278=FACE_BOUND('',#5274,.T.);
#6279=FACE_BOUND('',#5275,.T.);
#6280=FACE_BOUND('',#5276,.T.);
#6281=FACE_BOUND('',#5277,.T.);
#6282=FACE_BOUND('',#5278,.T.);
#6283=FACE_BOUND('',#5279,.T.);
#6284=FACE_BOUND('',#5280,.T.);
#6285=FACE_BOUND('',#5281,.T.);
#6286=FACE_BOUND('',#5282,.T.);
#6287=FACE_BOUND('',#5283,.T.);
#6288=FACE_BOUND('',#5284,.T.);
#6289=FACE_BOUND('',#5285,.T.);
#6290=FACE_BOUND('',#5286,.T.);
#6291=FACE_BOUND('',#5287,.T.);
#6292=FACE_BOUND('',#5288,.T.);
#6293=FACE_BOUND('',#5289,.T.);
#6294=FACE_BOUND('',#5290,.T.);
#6295=FACE_BOUND('',#5291,.T.);
#6296=FACE_BOUND('',#5292,.T.);
#6297=FACE_BOUND('',#5293,.T.);
#6298=FACE_BOUND('',#5294,.T.);
#6299=FACE_BOUND('',#5295,.T.);
#6300=FACE_BOUND('',#5296,.T.);
#6301=FACE_BOUND('',#5297,.T.);
#6302=FACE_BOUND('',#5298,.T.);
#6303=FACE_BOUND('',#5299,.T.);
#6304=FACE_BOUND('',#5300,.T.);
#6305=FACE_BOUND('',#5301,.T.);
#6306=FACE_BOUND('',#5302,.T.);
#6307=FACE_BOUND('',#5303,.T.);
#6308=FACE_BOUND('',#5304,.T.);
#6309=FACE_BOUND('',#5305,.T.);
#6310=FACE_BOUND('',#5306,.T.);
#6311=FACE_BOUND('',#5307,.T.);
#6312=FACE_BOUND('',#5308,.T.);
#6313=FACE_BOUND('',#5309,.T.);
#6314=FACE_BOUND('',#5310,.T.);
#6315=FACE_BOUND('',#5311,.T.);
#6316=FACE_BOUND('',#5312,.T.);
#6317=FACE_BOUND('',#5313,.T.);
#6318=FACE_BOUND('',#5314,.T.);
#6319=FACE_BOUND('',#5315,.T.);
#6320=FACE_BOUND('',#5316,.T.);
#6321=FACE_BOUND('',#5317,.T.);
#6322=FACE_BOUND('',#5318,.T.);
#6323=FACE_BOUND('',#5319,.T.);
#6324=FACE_BOUND('',#5320,.T.);
#6325=FACE_BOUND('',#5321,.T.);
#6326=FACE_BOUND('',#5322,.T.);
#6327=FACE_BOUND('',#5323,.T.);
#6328=FACE_BOUND('',#5324,.T.);
#6329=FACE_BOUND('',#5325,.T.);
#6330=FACE_BOUND('',#5326,.T.);
#6331=FACE_BOUND('',#5327,.T.);
#6332=FACE_BOUND('',#5328,.T.);
#6333=FACE_BOUND('',#5329,.T.);
#6334=FACE_BOUND('',#5330,.T.);
#6335=FACE_BOUND('',#5331,.T.);
#6336=FACE_BOUND('',#5332,.T.);
#6337=FACE_BOUND('',#5333,.T.);
#6338=FACE_BOUND('',#5334,.T.);
#6339=FACE_BOUND('',#5335,.T.);
#6340=FACE_BOUND('',#5336,.T.);
#6341=FACE_BOUND('',#5337,.T.);
#6342=FACE_BOUND('',#5338,.T.);
#6343=FACE_BOUND('',#5339,.T.);
#6344=FACE_BOUND('',#5340,.T.);
#6345=FACE_BOUND('',#5341,.T.);
#6346=FACE_BOUND('',#5342,.T.);
#6347=FACE_BOUND('',#5343,.T.);
#6348=FACE_BOUND('',#5344,.T.);
#6349=FACE_BOUND('',#5345,.T.);
#6350=FACE_BOUND('',#5346,.T.);
#6351=FACE_BOUND('',#5347,.T.);
#6352=FACE_BOUND('',#5348,.T.);
#6353=FACE_BOUND('',#5349,.T.);
#6354=FACE_BOUND('',#5350,.T.);
#6355=FACE_BOUND('',#5351,.T.);
#6356=FACE_BOUND('',#5352,.T.);
#6357=FACE_BOUND('',#5353,.T.);
#6358=FACE_BOUND('',#5354,.T.);
#6359=FACE_BOUND('',#5355,.T.);
#6360=FACE_BOUND('',#5356,.T.);
#6361=FACE_BOUND('',#5357,.T.);
#6362=FACE_BOUND('',#5358,.T.);
#6363=FACE_BOUND('',#5359,.T.);
#6364=FACE_BOUND('',#5360,.T.);
#6365=FACE_BOUND('',#5361,.T.);
#6366=FACE_BOUND('',#5362,.T.);
#6367=FACE_BOUND('',#5363,.T.);
#6368=FACE_BOUND('',#5364,.T.);
#6369=FACE_BOUND('',#5365,.T.);
#6370=FACE_BOUND('',#5366,.T.);
#6371=FACE_BOUND('',#5367,.T.);
#6372=FACE_BOUND('',#5368,.T.);
#6373=FACE_BOUND('',#5369,.T.);
#6374=FACE_BOUND('',#5370,.T.);
#6375=FACE_BOUND('',#5371,.T.);
#6376=FACE_BOUND('',#5372,.T.);
#6377=FACE_BOUND('',#5373,.T.);
#6378=FACE_BOUND('',#5374,.T.);
#6379=FACE_BOUND('',#5375,.T.);
#6380=FACE_BOUND('',#5376,.T.);
#6381=FACE_BOUND('',#5377,.T.);
#6382=FACE_BOUND('',#5378,.T.);
#6383=FACE_BOUND('',#5379,.T.);
#6384=FACE_BOUND('',#5380,.T.);
#6385=FACE_BOUND('',#5381,.T.);
#6386=FACE_BOUND('',#5382,.T.);
#6387=FACE_BOUND('',#5383,.T.);
#6388=FACE_BOUND('',#5384,.T.);
#6389=FACE_BOUND('',#5385,.T.);
#6390=FACE_BOUND('',#5386,.T.);
#6391=FACE_BOUND('',#5387,.T.);
#6392=FACE_BOUND('',#5388,.T.);
#6393=FACE_BOUND('',#5389,.T.);
#6394=FACE_BOUND('',#5390,.T.);
#6395=FACE_BOUND('',#5391,.T.);
#6396=FACE_BOUND('',#5392,.T.);
#6397=FACE_BOUND('',#5393,.T.);
#6398=FACE_BOUND('',#5394,.T.);
#6399=FACE_BOUND('',#5395,.T.);
#6400=FACE_BOUND('',#5396,.T.);
#6401=FACE_BOUND('',#5397,.T.);
#6402=FACE_BOUND('',#5398,.T.);
#6403=FACE_BOUND('',#5399,.T.);
#6404=FACE_BOUND('',#5400,.T.);
#6405=FACE_BOUND('',#5401,.T.);
#6406=FACE_BOUND('',#5402,.T.);
#6407=FACE_BOUND('',#5403,.T.);
#6408=FACE_BOUND('',#5404,.T.);
#6409=FACE_BOUND('',#5405,.T.);
#6410=FACE_BOUND('',#5406,.T.);
#6411=FACE_BOUND('',#5407,.T.);
#6412=FACE_BOUND('',#5408,.T.);
#6413=FACE_BOUND('',#5409,.T.);
#6414=FACE_BOUND('',#5410,.T.);
#6415=FACE_BOUND('',#5411,.T.);
#6416=FACE_BOUND('',#5412,.T.);
#6417=FACE_BOUND('',#5413,.T.);
#6418=FACE_BOUND('',#5414,.T.);
#6419=FACE_BOUND('',#5415,.T.);
#6420=FACE_BOUND('',#5416,.T.);
#6421=FACE_BOUND('',#5417,.T.);
#6422=FACE_BOUND('',#5418,.T.);
#6423=FACE_BOUND('',#5419,.T.);
#6424=FACE_BOUND('',#5420,.T.);
#6425=FACE_BOUND('',#5421,.T.);
#6426=FACE_BOUND('',#5422,.T.);
#6427=FACE_BOUND('',#5423,.T.);
#6428=FACE_BOUND('',#5424,.T.);
#6429=FACE_BOUND('',#5425,.T.);
#6430=FACE_BOUND('',#5426,.T.);
#6431=FACE_BOUND('',#5427,.T.);
#6432=FACE_BOUND('',#5428,.T.);
#6433=FACE_BOUND('',#5429,.T.);
#6434=FACE_BOUND('',#5430,.T.);
#6435=FACE_BOUND('',#5431,.T.);
#6436=FACE_BOUND('',#5432,.T.);
#6437=FACE_BOUND('',#5433,.T.);
#6438=FACE_BOUND('',#5434,.T.);
#6439=FACE_BOUND('',#5435,.T.);
#6440=FACE_BOUND('',#5436,.T.);
#6441=FACE_BOUND('',#5437,.T.);
#6442=FACE_BOUND('',#5438,.T.);
#6443=FACE_BOUND('',#5439,.T.);
#6444=FACE_BOUND('',#5440,.T.);
#6445=FACE_BOUND('',#5441,.T.);
#6446=FACE_BOUND('',#5442,.T.);
#6447=FACE_BOUND('',#5443,.T.);
#6448=FACE_BOUND('',#5444,.T.);
#6449=FACE_BOUND('',#5445,.T.);
#6450=FACE_BOUND('',#5446,.T.);
#6451=FACE_BOUND('',#5447,.T.);
#6452=FACE_BOUND('',#5448,.T.);
#6453=FACE_BOUND('',#5449,.T.);
#6454=FACE_BOUND('',#5450,.T.);
#6455=FACE_BOUND('',#5451,.T.);
#6456=FACE_BOUND('',#5452,.T.);
#6457=FACE_BOUND('',#5453,.T.);
#6458=FACE_BOUND('',#5454,.T.);
#6459=FACE_BOUND('',#5455,.T.);
#6460=FACE_BOUND('',#5456,.T.);
#6461=FACE_BOUND('',#5457,.T.);
#6462=FACE_BOUND('',#5458,.T.);
#6463=FACE_BOUND('',#5459,.T.);
#6464=FACE_BOUND('',#5460,.T.);
#6465=FACE_BOUND('',#5461,.T.);
#6466=FACE_BOUND('',#5462,.T.);
#6467=FACE_BOUND('',#5463,.T.);
#6468=FACE_BOUND('',#5464,.T.);
#6469=FACE_BOUND('',#5465,.T.);
#6470=FACE_BOUND('',#5466,.T.);
#6471=FACE_BOUND('',#5467,.T.);
#6472=FACE_BOUND('',#5468,.T.);
#6473=FACE_BOUND('',#5469,.T.);
#6474=FACE_BOUND('',#5470,.T.);
#6475=FACE_BOUND('',#5471,.T.);
#6476=FACE_BOUND('',#5472,.T.);
#6477=FACE_BOUND('',#5473,.T.);
#6478=FACE_BOUND('',#5474,.T.);
#6479=FACE_BOUND('',#5475,.T.);
#6480=FACE_BOUND('',#5476,.T.);
#6481=FACE_BOUND('',#5477,.T.);
#6482=FACE_BOUND('',#5478,.T.);
#6483=FACE_BOUND('',#5479,.T.);
#6484=FACE_BOUND('',#5480,.T.);
#6485=FACE_BOUND('',#5481,.T.);
#6486=FACE_BOUND('',#5482,.T.);
#6487=FACE_BOUND('',#5483,.T.);
#6488=FACE_BOUND('',#5484,.T.);
#6489=FACE_BOUND('',#5485,.T.);
#6490=FACE_BOUND('',#5486,.T.);
#6491=FACE_BOUND('',#5487,.T.);
#6492=FACE_BOUND('',#5488,.T.);
#6493=FACE_BOUND('',#5489,.T.);
#6494=FACE_BOUND('',#5490,.T.);
#6495=FACE_BOUND('',#5491,.T.);
#6496=FACE_BOUND('',#5492,.T.);
#6497=FACE_BOUND('',#5493,.T.);
#6498=FACE_BOUND('',#5494,.T.);
#6499=FACE_BOUND('',#5495,.T.);
#6500=FACE_BOUND('',#5496,.T.);
#6501=FACE_BOUND('',#5497,.T.);
#6502=FACE_BOUND('',#5498,.T.);
#6503=FACE_BOUND('',#5499,.T.);
#6504=FACE_BOUND('',#5500,.T.);
#6505=FACE_BOUND('',#5501,.T.);
#6506=FACE_BOUND('',#5502,.T.);
#6507=FACE_BOUND('',#5503,.T.);
#6508=FACE_BOUND('',#5504,.T.);
#6509=FACE_BOUND('',#5505,.T.);
#6510=FACE_BOUND('',#5506,.T.);
#6511=FACE_BOUND('',#5507,.T.);
#6512=FACE_BOUND('',#5508,.T.);
#6513=FACE_BOUND('',#5509,.T.);
#6514=FACE_BOUND('',#5510,.T.);
#6515=FACE_BOUND('',#5511,.T.);
#6516=FACE_BOUND('',#5512,.T.);
#6517=FACE_BOUND('',#5513,.T.);
#6518=FACE_BOUND('',#5514,.T.);
#6519=FACE_BOUND('',#5515,.T.);
#6520=FACE_BOUND('',#5516,.T.);
#6521=FACE_BOUND('',#5517,.T.);
#6522=FACE_BOUND('',#5518,.T.);
#6523=FACE_BOUND('',#5519,.T.);
#6524=FACE_BOUND('',#5520,.T.);
#6525=FACE_BOUND('',#5521,.T.);
#6526=FACE_BOUND('',#5522,.T.);
#6527=FACE_BOUND('',#5523,.T.);
#6528=FACE_BOUND('',#5524,.T.);
#6529=FACE_BOUND('',#5525,.T.);
#6530=FACE_BOUND('',#5526,.T.);
#6531=FACE_BOUND('',#5527,.T.);
#6532=FACE_BOUND('',#5528,.T.);
#6533=FACE_BOUND('',#5529,.T.);
#6534=FACE_BOUND('',#5530,.T.);
#6535=FACE_BOUND('',#5531,.T.);
#6536=FACE_BOUND('',#5532,.T.);
#6537=FACE_BOUND('',#5533,.T.);
#6538=FACE_BOUND('',#5534,.T.);
#6539=FACE_BOUND('',#5535,.T.);
#6540=FACE_BOUND('',#5536,.T.);
#6541=FACE_BOUND('',#5537,.T.);
#6542=FACE_BOUND('',#5538,.T.);
#6543=FACE_BOUND('',#5539,.T.);
#6544=FACE_BOUND('',#5540,.T.);
#6545=FACE_BOUND('',#5541,.T.);
#6546=FACE_BOUND('',#5542,.T.);
#6547=FACE_BOUND('',#5543,.T.);
#6548=FACE_BOUND('',#5544,.T.);
#6549=FACE_BOUND('',#5545,.T.);
#6550=FACE_BOUND('',#5546,.T.);
#6551=FACE_BOUND('',#5547,.T.);
#6552=FACE_BOUND('',#5548,.T.);
#6553=FACE_BOUND('',#5549,.T.);
#6554=FACE_BOUND('',#5550,.T.);
#6555=FACE_BOUND('',#5551,.T.);
#6556=FACE_BOUND('',#5552,.T.);
#6557=FACE_BOUND('',#5553,.T.);
#6558=FACE_BOUND('',#5554,.T.);
#6559=FACE_BOUND('',#5555,.T.);
#6560=FACE_BOUND('',#5556,.T.);
#6561=FACE_BOUND('',#5557,.T.);
#6562=FACE_BOUND('',#5558,.T.);
#6563=FACE_BOUND('',#5559,.T.);
#6564=FACE_BOUND('',#5560,.T.);
#6565=FACE_BOUND('',#5561,.T.);
#6566=FACE_BOUND('',#5562,.T.);
#6567=FACE_BOUND('',#5563,.T.);
#6568=FACE_BOUND('',#5564,.T.);
#6569=FACE_BOUND('',#5565,.T.);
#6570=FACE_BOUND('',#5566,.T.);
#6571=FACE_BOUND('',#5567,.T.);
#6572=FACE_BOUND('',#5568,.T.);
#6573=FACE_BOUND('',#5569,.T.);
#6574=FACE_BOUND('',#5570,.T.);
#6575=FACE_BOUND('',#5571,.T.);
#6576=FACE_BOUND('',#5572,.T.);
#6577=FACE_BOUND('',#5573,.T.);
#6578=FACE_BOUND('',#5574,.T.);
#6579=FACE_BOUND('',#5575,.T.);
#6580=FACE_BOUND('',#5576,.T.);
#6581=FACE_BOUND('',#5577,.T.);
#6582=FACE_BOUND('',#5578,.T.);
#6583=FACE_BOUND('',#5579,.T.);
#6584=FACE_BOUND('',#5580,.T.);
#6585=FACE_BOUND('',#5581,.T.);
#6586=FACE_BOUND('',#5582,.T.);
#6587=FACE_BOUND('',#5583,.T.);
#6588=FACE_BOUND('',#5584,.T.);
#6589=FACE_BOUND('',#5585,.T.);
#6590=FACE_BOUND('',#5586,.T.);
#6591=FACE_BOUND('',#5587,.T.);
#6592=FACE_BOUND('',#5588,.T.);
#6593=FACE_BOUND('',#5589,.T.);
#6594=FACE_BOUND('',#5590,.T.);
#6595=FACE_BOUND('',#5591,.T.);
#6596=FACE_BOUND('',#5592,.T.);
#6597=FACE_BOUND('',#5593,.T.);
#6598=FACE_BOUND('',#5594,.T.);
#6599=FACE_BOUND('',#5595,.T.);
#6600=FACE_BOUND('',#5596,.T.);
#6601=FACE_BOUND('',#5597,.T.);
#6602=FACE_BOUND('',#5598,.T.);
#6603=FACE_BOUND('',#5599,.T.);
#6604=FACE_BOUND('',#5600,.T.);
#6605=FACE_BOUND('',#5601,.T.);
#6606=FACE_BOUND('',#5602,.T.);
#6607=FACE_BOUND('',#5603,.T.);
#6608=FACE_BOUND('',#5604,.T.);
#6609=FACE_BOUND('',#5605,.T.);
#6610=FACE_BOUND('',#5606,.T.);
#6611=FACE_BOUND('',#5607,.T.);
#6612=FACE_BOUND('',#5608,.T.);
#6613=FACE_BOUND('',#5609,.T.);
#6614=FACE_BOUND('',#5610,.T.);
#6615=FACE_BOUND('',#5611,.T.);
#6616=FACE_BOUND('',#5612,.T.);
#6617=FACE_BOUND('',#5613,.T.);
#6618=FACE_BOUND('',#5614,.T.);
#6619=FACE_BOUND('',#5615,.T.);
#6620=FACE_BOUND('',#5616,.T.);
#6621=FACE_BOUND('',#5617,.T.);
#6622=FACE_BOUND('',#5618,.T.);
#6623=FACE_BOUND('',#5619,.T.);
#6624=FACE_BOUND('',#5620,.T.);
#6625=FACE_BOUND('',#5621,.T.);
#6626=FACE_BOUND('',#5622,.T.);
#6627=FACE_BOUND('',#5623,.T.);
#6628=FACE_BOUND('',#5624,.T.);
#6629=FACE_BOUND('',#5625,.T.);
#6630=FACE_BOUND('',#5626,.T.);
#6631=FACE_BOUND('',#5627,.T.);
#6632=FACE_BOUND('',#5628,.T.);
#6633=FACE_BOUND('',#5629,.T.);
#6634=FACE_BOUND('',#5630,.T.);
#6635=FACE_BOUND('',#5631,.T.);
#6636=FACE_BOUND('',#5632,.T.);
#6637=FACE_BOUND('',#5633,.T.);
#6638=FACE_BOUND('',#5634,.T.);
#6639=FACE_BOUND('',#5635,.T.);
#6640=FACE_BOUND('',#5636,.T.);
#6641=FACE_BOUND('',#5637,.T.);
#6642=FACE_BOUND('',#5638,.T.);
#6643=FACE_BOUND('',#5639,.T.);
#6644=FACE_BOUND('',#5640,.T.);
#6645=FACE_BOUND('',#5641,.T.);
#6646=FACE_BOUND('',#5642,.T.);
#6647=FACE_BOUND('',#5643,.T.);
#6648=FACE_BOUND('',#5644,.T.);
#6649=FACE_BOUND('',#5645,.T.);
#6650=FACE_BOUND('',#5646,.T.);
#6651=FACE_BOUND('',#5647,.T.);
#6652=FACE_BOUND('',#5648,.T.);
#6653=FACE_BOUND('',#5649,.T.);
#6654=FACE_BOUND('',#5650,.T.);
#6655=FACE_BOUND('',#5651,.T.);
#6656=FACE_BOUND('',#5652,.T.);
#6657=FACE_BOUND('',#5653,.T.);
#6658=FACE_BOUND('',#5654,.T.);
#6659=FACE_BOUND('',#5655,.T.);
#6660=FACE_BOUND('',#5656,.T.);
#6661=FACE_BOUND('',#5657,.T.);
#6662=FACE_BOUND('',#5658,.T.);
#6663=FACE_BOUND('',#5659,.T.);
#6664=FACE_BOUND('',#5660,.T.);
#6665=FACE_BOUND('',#5661,.T.);
#6666=FACE_BOUND('',#5662,.T.);
#6667=FACE_BOUND('',#5663,.T.);
#6668=FACE_BOUND('',#5664,.T.);
#6669=FACE_BOUND('',#5665,.T.);
#6670=FACE_BOUND('',#5666,.T.);
#6671=FACE_BOUND('',#5667,.T.);
#6672=FACE_BOUND('',#5668,.T.);
#6673=FACE_BOUND('',#5669,.T.);
#6674=FACE_BOUND('',#5670,.T.);
#6675=FACE_BOUND('',#5671,.T.);
#6676=FACE_BOUND('',#5672,.T.);
#6677=FACE_BOUND('',#5673,.T.);
#6678=FACE_BOUND('',#5674,.T.);
#6679=FACE_BOUND('',#5675,.T.);
#6680=FACE_BOUND('',#5676,.T.);
#6681=FACE_BOUND('',#5677,.T.);
#6682=FACE_BOUND('',#5678,.T.);
#6683=FACE_BOUND('',#5679,.T.);
#6684=FACE_BOUND('',#5680,.T.);
#6685=FACE_BOUND('',#5681,.T.);
#6686=FACE_BOUND('',#5682,.T.);
#6687=FACE_BOUND('',#5683,.T.);
#6688=FACE_BOUND('',#5684,.T.);
#6689=FACE_BOUND('',#5685,.T.);
#6690=FACE_BOUND('',#5686,.T.);
#6691=FACE_BOUND('',#5687,.T.);
#6692=FACE_BOUND('',#5688,.T.);
#6693=FACE_BOUND('',#5689,.T.);
#6694=FACE_BOUND('',#5690,.T.);
#6695=FACE_BOUND('',#5691,.T.);
#6696=FACE_BOUND('',#5692,.T.);
#6697=FACE_BOUND('',#5693,.T.);
#6698=FACE_BOUND('',#5694,.T.);
#6699=FACE_BOUND('',#5695,.T.);
#6700=FACE_BOUND('',#5696,.T.);
#6701=FACE_BOUND('',#5697,.T.);
#6702=FACE_BOUND('',#5698,.T.);
#6703=FACE_BOUND('',#5699,.T.);
#6704=FACE_BOUND('',#5700,.T.);
#6705=FACE_BOUND('',#5701,.T.);
#6706=FACE_BOUND('',#5702,.T.);
#6707=FACE_BOUND('',#5703,.T.);
#6708=FACE_BOUND('',#5704,.T.);
#6709=FACE_BOUND('',#5705,.T.);
#6710=FACE_BOUND('',#5706,.T.);
#6711=FACE_BOUND('',#5707,.T.);
#6712=FACE_BOUND('',#5708,.T.);
#6713=FACE_BOUND('',#5709,.T.);
#6714=FACE_BOUND('',#5710,.T.);
#6715=FACE_BOUND('',#5711,.T.);
#6716=FACE_BOUND('',#5712,.T.);
#6717=FACE_BOUND('',#5713,.T.);
#6718=FACE_BOUND('',#5714,.T.);
#6719=FACE_BOUND('',#5715,.T.);
#6720=FACE_BOUND('',#5716,.T.);
#6721=FACE_BOUND('',#5717,.T.);
#6722=FACE_BOUND('',#5718,.T.);
#6723=FACE_BOUND('',#5719,.T.);
#6724=FACE_BOUND('',#5720,.T.);
#6725=FACE_BOUND('',#5721,.T.);
#6726=FACE_BOUND('',#5722,.T.);
#6727=FACE_BOUND('',#5723,.T.);
#6728=FACE_BOUND('',#5724,.T.);
#6729=FACE_BOUND('',#5725,.T.);
#6730=FACE_BOUND('',#5726,.T.);
#6731=FACE_BOUND('',#5727,.T.);
#6732=FACE_BOUND('',#5728,.T.);
#6733=FACE_BOUND('',#5729,.T.);
#6734=FACE_BOUND('',#5730,.T.);
#6735=FACE_BOUND('',#5731,.T.);
#6736=FACE_BOUND('',#5732,.T.);
#6737=FACE_BOUND('',#5733,.T.);
#6738=FACE_BOUND('',#5734,.T.);
#6739=FACE_BOUND('',#5735,.T.);
#6740=FACE_BOUND('',#5736,.T.);
#6741=FACE_BOUND('',#5737,.T.);
#6742=FACE_BOUND('',#5738,.T.);
#6743=FACE_BOUND('',#5739,.T.);
#6744=FACE_BOUND('',#5740,.T.);
#6745=FACE_BOUND('',#5741,.T.);
#6746=FACE_BOUND('',#5742,.T.);
#6747=FACE_BOUND('',#5743,.T.);
#6748=FACE_BOUND('',#5744,.T.);
#6749=FACE_BOUND('',#5745,.T.);
#6750=FACE_BOUND('',#5746,.T.);
#6751=FACE_BOUND('',#5747,.T.);
#6752=FACE_BOUND('',#5748,.T.);
#6753=FACE_BOUND('',#5749,.T.);
#6754=FACE_BOUND('',#5750,.T.);
#6755=FACE_BOUND('',#5751,.T.);
#6756=FACE_BOUND('',#5752,.T.);
#6757=FACE_BOUND('',#5753,.T.);
#6758=FACE_BOUND('',#5754,.T.);
#6759=FACE_BOUND('',#5755,.T.);
#6760=FACE_BOUND('',#5756,.T.);
#6761=FACE_BOUND('',#5757,.T.);
#6762=FACE_BOUND('',#5758,.T.);
#6763=FACE_BOUND('',#5759,.T.);
#6764=FACE_BOUND('',#5760,.T.);
#6765=FACE_BOUND('',#5761,.T.);
#6766=FACE_BOUND('',#5762,.T.);
#6767=FACE_BOUND('',#5763,.T.);
#6768=FACE_BOUND('',#5764,.T.);
#6769=FACE_BOUND('',#5765,.T.);
#6770=FACE_BOUND('',#5766,.T.);
#6771=FACE_BOUND('',#5767,.T.);
#6772=FACE_BOUND('',#5768,.T.);
#6773=FACE_BOUND('',#5769,.T.);
#6774=FACE_BOUND('',#5770,.T.);
#6775=FACE_BOUND('',#5771,.T.);
#6776=FACE_BOUND('',#5772,.T.);
#6777=FACE_BOUND('',#5773,.T.);
#6778=FACE_BOUND('',#5774,.T.);
#6779=FACE_BOUND('',#5775,.T.);
#6780=FACE_BOUND('',#5776,.T.);
#6781=FACE_BOUND('',#5777,.T.);
#6782=FACE_BOUND('',#5778,.T.);
#6783=FACE_BOUND('',#5779,.T.);
#6784=FACE_BOUND('',#5780,.T.);
#6785=FACE_BOUND('',#5781,.T.);
#6786=FACE_BOUND('',#5782,.T.);
#6787=FACE_BOUND('',#5783,.T.);
#6788=FACE_BOUND('',#5784,.T.);
#6789=FACE_BOUND('',#5785,.T.);
#6790=FACE_BOUND('',#5786,.T.);
#6791=FACE_BOUND('',#5787,.T.);
#6792=FACE_BOUND('',#5788,.T.);
#6793=FACE_BOUND('',#5789,.T.);
#6794=FACE_BOUND('',#5790,.T.);
#6795=FACE_BOUND('',#5791,.T.);
#6796=FACE_BOUND('',#5792,.T.);
#6797=FACE_BOUND('',#5793,.T.);
#6798=FACE_BOUND('',#5794,.T.);
#6799=FACE_BOUND('',#5795,.T.);
#6800=FACE_BOUND('',#5796,.T.);
#6801=FACE_BOUND('',#5797,.T.);
#6802=FACE_BOUND('',#5798,.T.);
#6803=FACE_BOUND('',#5799,.T.);
#6804=FACE_BOUND('',#5800,.T.);
#6805=FACE_BOUND('',#5801,.T.);
#6806=FACE_BOUND('',#5802,.T.);
#6807=FACE_BOUND('',#5803,.T.);
#6808=FACE_BOUND('',#5804,.T.);
#6809=FACE_BOUND('',#5805,.T.);
#6810=FACE_BOUND('',#5806,.T.);
#6811=FACE_BOUND('',#5807,.T.);
#6812=FACE_BOUND('',#5808,.T.);
#6813=FACE_BOUND('',#5809,.T.);
#6814=FACE_BOUND('',#5810,.T.);
#6815=FACE_BOUND('',#5811,.T.);
#6816=FACE_BOUND('',#5812,.T.);
#6817=FACE_BOUND('',#5813,.T.);
#6818=FACE_BOUND('',#5814,.T.);
#6819=FACE_BOUND('',#5815,.T.);
#6820=FACE_BOUND('',#5816,.T.);
#6821=FACE_BOUND('',#5817,.T.);
#6822=FACE_BOUND('',#5818,.T.);
#6823=FACE_BOUND('',#5819,.T.);
#6824=FACE_BOUND('',#5820,.T.);
#6825=FACE_BOUND('',#5821,.T.);
#6826=FACE_BOUND('',#5822,.T.);
#6827=FACE_BOUND('',#5823,.T.);
#6828=FACE_BOUND('',#5824,.T.);
#6829=FACE_BOUND('',#5825,.T.);
#6830=FACE_BOUND('',#5826,.T.);
#6831=FACE_BOUND('',#5827,.T.);
#6832=FACE_BOUND('',#5828,.T.);
#6833=FACE_BOUND('',#5829,.T.);
#6834=FACE_BOUND('',#5830,.T.);
#6835=FACE_BOUND('',#5831,.T.);
#6836=FACE_BOUND('',#5832,.T.);
#6837=FACE_BOUND('',#5833,.T.);
#6838=FACE_BOUND('',#5834,.T.);
#6839=FACE_BOUND('',#5835,.T.);
#6840=FACE_BOUND('',#5836,.T.);
#6841=FACE_BOUND('',#5837,.T.);
#6842=FACE_BOUND('',#5838,.T.);
#6843=FACE_BOUND('',#5839,.T.);
#6844=FACE_BOUND('',#5840,.T.);
#6845=FACE_BOUND('',#5841,.T.);
#6846=FACE_BOUND('',#5842,.T.);
#6847=FACE_BOUND('',#5843,.T.);
#6848=FACE_BOUND('',#5844,.T.);
#6849=FACE_BOUND('',#5845,.T.);
#6850=FACE_BOUND('',#5846,.T.);
#6851=FACE_BOUND('',#5847,.T.);
#6852=FACE_BOUND('',#5848,.T.);
#6853=FACE_BOUND('',#5849,.T.);
#6854=FACE_BOUND('',#5850,.T.);
#6855=FACE_BOUND('',#5851,.T.);
#6856=FACE_BOUND('',#5852,.T.);
#6857=FACE_BOUND('',#5853,.T.);
#6858=FACE_BOUND('',#5854,.T.);
#6859=FACE_BOUND('',#5855,.T.);
#6860=FACE_BOUND('',#5856,.T.);
#6861=FACE_BOUND('',#5857,.T.);
#6862=FACE_BOUND('',#5858,.T.);
#6863=FACE_BOUND('',#5859,.T.);
#6864=FACE_BOUND('',#5860,.T.);
#6865=FACE_BOUND('',#5861,.T.);
#6866=FACE_BOUND('',#5862,.T.);
#6867=FACE_BOUND('',#5863,.T.);
#6868=FACE_BOUND('',#5864,.T.);
#6869=FACE_BOUND('',#5865,.T.);
#6870=FACE_BOUND('',#5866,.T.);
#6871=FACE_BOUND('',#5867,.T.);
#6872=FACE_BOUND('',#5868,.T.);
#6873=FACE_BOUND('',#5869,.T.);
#6874=FACE_BOUND('',#5870,.T.);
#6875=FACE_BOUND('',#5871,.T.);
#6876=FACE_BOUND('',#5872,.T.);
#6877=FACE_BOUND('',#5873,.T.);
#6878=FACE_BOUND('',#5874,.T.);
#6879=FACE_BOUND('',#5875,.T.);
#6880=FACE_BOUND('',#5876,.T.);
#6881=FACE_BOUND('',#5877,.T.);
#6882=FACE_BOUND('',#5878,.T.);
#6883=FACE_BOUND('',#5879,.T.);
#6884=FACE_BOUND('',#5880,.T.);
#6885=FACE_BOUND('',#5881,.T.);
#6886=FACE_BOUND('',#5882,.T.);
#6887=FACE_BOUND('',#5883,.T.);
#6888=FACE_BOUND('',#5884,.T.);
#6889=FACE_BOUND('',#5885,.T.);
#6890=FACE_BOUND('',#5886,.T.);
#6891=FACE_BOUND('',#5887,.T.);
#6892=FACE_BOUND('',#5888,.T.);
#6893=FACE_BOUND('',#5889,.T.);
#6894=FACE_BOUND('',#5890,.T.);
#6895=FACE_BOUND('',#5891,.T.);
#6896=FACE_BOUND('',#5892,.T.);
#6897=FACE_BOUND('',#5893,.T.);
#6898=FACE_BOUND('',#5894,.T.);
#6899=FACE_BOUND('',#5895,.T.);
#6900=FACE_BOUND('',#5896,.T.);
#6901=FACE_BOUND('',#5897,.T.);
#6902=FACE_BOUND('',#5898,.T.);
#6903=FACE_BOUND('',#5899,.T.);
#6904=FACE_BOUND('',#5900,.T.);
#6905=FACE_BOUND('',#5901,.T.);
#6906=FACE_BOUND('',#5902,.T.);
#6907=FACE_BOUND('',#5903,.T.);
#6908=FACE_BOUND('',#5904,.T.);
#6909=FACE_BOUND('',#5905,.T.);
#6910=FACE_BOUND('',#5906,.T.);
#6911=FACE_BOUND('',#5907,.T.);
#6912=FACE_BOUND('',#5908,.T.);
#6913=FACE_BOUND('',#5909,.T.);
#6914=FACE_BOUND('',#5910,.T.);
#6915=FACE_BOUND('',#5911,.T.);
#6916=FACE_BOUND('',#5912,.T.);
#6917=FACE_BOUND('',#5913,.T.);
#6918=FACE_BOUND('',#5914,.T.);
#6919=FACE_BOUND('',#5915,.T.);
#6920=FACE_BOUND('',#5916,.T.);
#6921=FACE_BOUND('',#5917,.T.);
#6922=FACE_BOUND('',#5918,.T.);
#6923=FACE_BOUND('',#5919,.T.);
#6924=FACE_BOUND('',#5920,.T.);
#6925=FACE_BOUND('',#5921,.T.);
#6926=FACE_BOUND('',#5922,.T.);
#6927=FACE_BOUND('',#5923,.T.);
#6928=FACE_BOUND('',#5924,.T.);
#6929=FACE_BOUND('',#5925,.T.);
#6930=FACE_BOUND('',#5926,.T.);
#6931=FACE_BOUND('',#5927,.T.);
#6932=FACE_BOUND('',#5928,.T.);
#6933=FACE_BOUND('',#5929,.T.);
#6934=FACE_BOUND('',#5930,.T.);
#6935=FACE_BOUND('',#5931,.T.);
#6936=FACE_BOUND('',#5932,.T.);
#6937=FACE_BOUND('',#5933,.T.);
#6938=FACE_BOUND('',#5934,.T.);
#6939=FACE_BOUND('',#5935,.T.);
#6940=FACE_BOUND('',#5936,.T.);
#6941=FACE_BOUND('',#5937,.T.);
#6942=FACE_BOUND('',#5938,.T.);
#6943=FACE_BOUND('',#5939,.T.);
#6944=FACE_BOUND('',#5940,.T.);
#6945=FACE_BOUND('',#5941,.T.);
#6946=FACE_BOUND('',#5942,.T.);
#6947=FACE_BOUND('',#5943,.T.);
#6948=FACE_BOUND('',#5944,.T.);
#6949=FACE_BOUND('',#5945,.T.);
#6950=FACE_BOUND('',#5946,.T.);
#6951=FACE_BOUND('',#5947,.T.);
#6952=FACE_BOUND('',#5948,.T.);
#6953=FACE_BOUND('',#5949,.T.);
#6954=FACE_BOUND('',#5950,.T.);
#6955=FACE_BOUND('',#5951,.T.);
#6956=FACE_BOUND('',#5952,.T.);
#6957=FACE_BOUND('',#5953,.T.);
#6958=FACE_BOUND('',#5954,.T.);
#6959=FACE_BOUND('',#5955,.T.);
#6960=FACE_BOUND('',#5956,.T.);
#6961=FACE_BOUND('',#5957,.T.);
#6962=FACE_BOUND('',#5958,.T.);
#6963=FACE_BOUND('',#5959,.T.);
#6964=FACE_BOUND('',#5960,.T.);
#6965=FACE_BOUND('',#5961,.T.);
#6966=FACE_BOUND('',#5962,.T.);
#6967=FACE_BOUND('',#5963,.T.);
#6968=FACE_BOUND('',#5964,.T.);
#6969=FACE_BOUND('',#5965,.T.);
#6970=FACE_BOUND('',#5966,.T.);
#6971=FACE_BOUND('',#5967,.T.);
#6972=FACE_BOUND('',#5968,.T.);
#6973=FACE_BOUND('',#5969,.T.);
#6974=FACE_BOUND('',#5970,.T.);
#6975=FACE_BOUND('',#5971,.T.);
#6976=FACE_BOUND('',#5972,.T.);
#6977=FACE_BOUND('',#5973,.T.);
#6978=FACE_BOUND('',#5974,.T.);
#6979=FACE_BOUND('',#5975,.T.);
#6980=FACE_BOUND('',#5976,.T.);
#6981=FACE_BOUND('',#5977,.T.);
#6982=FACE_BOUND('',#5978,.T.);
#6983=FACE_BOUND('',#5979,.T.);
#6984=FACE_BOUND('',#5980,.T.);
#6985=FACE_BOUND('',#5981,.T.);
#6986=FACE_BOUND('',#5982,.T.);
#6987=FACE_BOUND('',#5983,.T.);
#6988=FACE_BOUND('',#5984,.T.);
#6989=FACE_BOUND('',#5985,.T.);
#6990=FACE_BOUND('',#5986,.T.);
#6991=FACE_BOUND('',#5987,.T.);
#6992=FACE_BOUND('',#5988,.T.);
#6993=FACE_BOUND('',#5989,.T.);
#6994=FACE_BOUND('',#5990,.T.);
#6995=FACE_BOUND('',#5991,.T.);
#6996=FACE_BOUND('',#5992,.T.);
#6997=FACE_BOUND('',#5993,.T.);
#6998=FACE_BOUND('',#5994,.T.);
#6999=FACE_BOUND('',#5995,.T.);
#7000=FACE_BOUND('',#5996,.T.);
#7001=FACE_BOUND('',#5997,.T.);
#7002=FACE_BOUND('',#5998,.T.);
#7003=FACE_BOUND('',#5999,.T.);
#7004=FACE_BOUND('',#6000,.T.);
#7005=FACE_BOUND('',#6001,.T.);
#7006=FACE_BOUND('',#6002,.T.);
#7007=FACE_BOUND('',#6003,.T.);
#7008=FACE_BOUND('',#6004,.T.);
#7009=FACE_BOUND('',#6005,.T.);
#7010=FACE_BOUND('',#6006,.T.);
#7011=FACE_BOUND('',#6007,.T.);
#7012=FACE_BOUND('',#6008,.T.);
#7013=FACE_BOUND('',#6009,.T.);
#7014=FACE_BOUND('',#6010,.T.);
#7015=FACE_BOUND('',#6011,.T.);
#7016=FACE_BOUND('',#6012,.T.);
#7017=FACE_BOUND('',#6013,.T.);
#7018=FACE_BOUND('',#6014,.T.);
#7019=FACE_BOUND('',#6015,.T.);
#7020=FACE_BOUND('',#6016,.T.);
#7021=FACE_BOUND('',#6017,.T.);
#7022=FACE_BOUND('',#6018,.T.);
#7023=FACE_BOUND('',#6019,.T.);
#7024=FACE_BOUND('',#6020,.T.);
#7025=FACE_BOUND('',#6021,.T.);
#7026=FACE_BOUND('',#6022,.T.);
#7027=FACE_BOUND('',#6023,.T.);
#7028=FACE_BOUND('',#6024,.T.);
#7029=FACE_BOUND('',#6025,.T.);
#7030=FACE_BOUND('',#6026,.T.);
#7031=FACE_BOUND('',#6027,.T.);
#7032=FACE_BOUND('',#6028,.T.);
#7033=FACE_BOUND('',#6029,.T.);
#7034=FACE_BOUND('',#6030,.T.);
#7035=FACE_BOUND('',#6031,.T.);
#7036=FACE_BOUND('',#6032,.T.);
#7037=FACE_BOUND('',#6033,.T.);
#7038=FACE_BOUND('',#6034,.T.);
#7039=FACE_BOUND('',#6035,.T.);
#7040=FACE_BOUND('',#6036,.T.);
#7041=FACE_BOUND('',#6037,.T.);
#7042=FACE_BOUND('',#6038,.T.);
#7043=FACE_BOUND('',#6039,.T.);
#7044=FACE_BOUND('',#6040,.T.);
#7045=FACE_BOUND('',#6041,.T.);
#7046=FACE_BOUND('',#6042,.T.);
#7047=FACE_BOUND('',#6043,.T.);
#7048=FACE_BOUND('',#6044,.T.);
#7049=FACE_BOUND('',#6045,.T.);
#7050=FACE_BOUND('',#6046,.T.);
#7051=FACE_BOUND('',#6047,.T.);
#7052=FACE_BOUND('',#6048,.T.);
#7053=FACE_BOUND('',#6049,.T.);
#7054=FACE_BOUND('',#6050,.T.);
#7055=FACE_BOUND('',#6051,.T.);
#7056=FACE_BOUND('',#6052,.T.);
#7057=FACE_BOUND('',#6053,.T.);
#7058=FACE_BOUND('',#6054,.T.);
#7059=FACE_BOUND('',#6055,.T.);
#7060=FACE_BOUND('',#6056,.T.);
#7061=FACE_BOUND('',#6057,.T.);
#7062=FACE_BOUND('',#6058,.T.);
#7063=FACE_BOUND('',#6059,.T.);
#7064=FACE_BOUND('',#6060,.T.);
#7065=FACE_BOUND('',#6061,.T.);
#7066=FACE_BOUND('',#6062,.T.);
#7067=FACE_BOUND('',#6063,.T.);
#7068=FACE_BOUND('',#6064,.T.);
#7069=FACE_BOUND('',#6065,.T.);
#7070=FACE_BOUND('',#6066,.T.);
#7071=FACE_BOUND('',#6067,.T.);
#7072=FACE_BOUND('',#6068,.T.);
#7073=FACE_BOUND('',#6069,.T.);
#7074=FACE_BOUND('',#6070,.T.);
#7075=FACE_BOUND('',#6071,.T.);
#7076=FACE_BOUND('',#6072,.T.);
#7077=FACE_BOUND('',#6073,.T.);
#7078=FACE_BOUND('',#6074,.T.);
#7079=FACE_BOUND('',#6075,.T.);
#7080=FACE_BOUND('',#6076,.T.);
#7081=FACE_BOUND('',#6077,.T.);
#7082=FACE_BOUND('',#6078,.T.);
#7083=FACE_BOUND('',#6079,.T.);
#7084=FACE_BOUND('',#6080,.T.);
#7085=FACE_BOUND('',#6081,.T.);
#7086=FACE_BOUND('',#6082,.T.);
#7087=FACE_BOUND('',#6083,.T.);
#7088=FACE_BOUND('',#6084,.T.);
#7089=FACE_BOUND('',#6085,.T.);
#7090=FACE_BOUND('',#6086,.T.);
#7091=FACE_BOUND('',#6087,.T.);
#7092=FACE_BOUND('',#6088,.T.);
#7093=FACE_BOUND('',#6089,.T.);
#7094=FACE_BOUND('',#6090,.T.);
#7095=FACE_BOUND('',#6091,.T.);
#7096=FACE_BOUND('',#6092,.T.);
#7097=FACE_BOUND('',#6093,.T.);
#7098=FACE_BOUND('',#6094,.T.);
#7099=FACE_BOUND('',#6095,.T.);
#7100=FACE_BOUND('',#6096,.T.);
#7101=FACE_BOUND('',#6097,.T.);
#7102=FACE_BOUND('',#6098,.T.);
#7103=FACE_BOUND('',#6099,.T.);
#7104=FACE_BOUND('',#6100,.T.);
#7105=FACE_BOUND('',#6101,.T.);
#7106=FACE_BOUND('',#6102,.T.);
#7107=FACE_BOUND('',#6103,.T.);
#7108=FACE_BOUND('',#6104,.T.);
#7109=PLANE('',#7611);
#7110=PLANE('',#7617);
#7111=PLANE('',#7622);
#7112=PLANE('',#7625);
#7113=PLANE('',#7626);
#7114=PLANE('',#7632);
#7115=PLANE('',#7634);
#7116=PLANE('',#7635);
#7117=PLANE('',#7637);
#7118=PLANE('',#7644);
#7119=PLANE('',#7645);
#7120=PLANE('',#7646);
#7121=PLANE('',#7647);
#7122=PLANE('',#7648);
#7123=PLANE('',#7649);
#7124=PLANE('',#7650);
#7125=PLANE('',#7651);
#7126=PLANE('',#7652);
#7127=PLANE('',#7653);
#7128=PLANE('',#7658);
#7129=PLANE('',#7945);
#7130=PLANE('',#7946);
#7131=PLANE('',#7949);
#7132=PLANE('',#7950);
#7133=PLANE('',#7951);
#7134=PLANE('',#8384);
#7135=PLANE('',#8432);
#7136=PLANE('',#8439);
#7137=PLANE('',#8441);
#7138=PLANE('',#8448);
#7139=PLANE('',#8450);
#7140=PLANE('',#8456);
#7141=PLANE('',#8458);
#7142=PLANE('',#8465);
#7143=PLANE('',#8467);
#7144=PLANE('',#8476);
#7145=PLANE('',#8477);
#7146=PLANE('',#8478);
#7147=PLANE('',#8481);
#7148=PLANE('',#8483);
#7149=PLANE('',#8485);
#7150=PLANE('',#8486);
#7151=PLANE('',#8488);
#7152=PLANE('',#8490);
#7153=PLANE('',#8491);
#7154=PLANE('',#8492);
#7155=PLANE('',#8493);
#7156=PLANE('',#8495);
#7157=PLANE('',#8496);
#7158=PLANE('',#8497);
#7159=PLANE('',#8498);
#7160=PLANE('',#8501);
#7161=PLANE('',#8502);
#7162=PLANE('',#8504);
#7163=PLANE('',#8505);
#7164=PLANE('',#8509);
#7165=PLANE('',#8510);
#7166=PLANE('',#8515);
#7167=PLANE('',#8517);
#7168=PLANE('',#8519);
#7169=PLANE('',#8523);
#7170=PLANE('',#8530);
#7171=PLANE('',#8584);
#7172=PLANE('',#8618);
#7173=PLANE('',#8619);
#7174=PLANE('',#8620);
#7175=PLANE('',#8621);
#7176=PLANE('',#8622);
#7177=PLANE('',#8623);
#7178=PLANE('',#8624);
#7179=PLANE('',#8625);
#7180=PLANE('',#8626);
#7181=PLANE('',#8627);
#7182=PLANE('',#8628);
#7183=PLANE('',#8629);
#7184=PLANE('',#8630);
#7185=PLANE('',#8631);
#7186=PLANE('',#8632);
#7187=PLANE('',#8633);
#7188=PLANE('',#8634);
#7189=PLANE('',#8635);
#7190=PLANE('',#8638);
#7191=PLANE('',#8641);
#7192=PLANE('',#8646);
#7193=PLANE('',#8650);
#7194=PLANE('',#8653);
#7195=ADVANCED_FACE('',(#6105,#6106,#6107,#6108,#6109),#7109,.F.);
#7196=ADVANCED_FACE('',(#6110,#6111,#6112,#6113,#6114,#6115),#7110,.F.);
#7197=ADVANCED_FACE('',(#6116,#6117),#7111,.F.);
#7198=ADVANCED_FACE('',(#6118),#7112,.F.);
#7199=ADVANCED_FACE('',(#6119,#6120,#6121,#6122),#7113,.T.);
#7200=ADVANCED_FACE('',(#6123),#7114,.F.);
#7201=ADVANCED_FACE('',(#6124),#7115,.T.);
#7202=ADVANCED_FACE('',(#6125),#7116,.T.);
#7203=ADVANCED_FACE('',(#6126),#7117,.T.);
#7204=ADVANCED_FACE('',(#6127,#6128),#323,.F.);
#7205=ADVANCED_FACE('',(#6129),#7118,.T.);
#7206=ADVANCED_FACE('',(#6130),#7119,.F.);
#7207=ADVANCED_FACE('',(#6131),#7120,.T.);
#7208=ADVANCED_FACE('',(#6132),#7121,.T.);
#7209=ADVANCED_FACE('',(#6133),#7122,.F.);
#7210=ADVANCED_FACE('',(#6134),#7123,.F.);
#7211=ADVANCED_FACE('',(#6135),#7124,.F.);
#7212=ADVANCED_FACE('',(#6136),#7125,.F.);
#7213=ADVANCED_FACE('',(#6137),#7126,.F.);
#7214=ADVANCED_FACE('',(#6138),#7127,.F.);
#7215=ADVANCED_FACE('',(#6139,#6140),#31,.F.);
#7216=ADVANCED_FACE('',(#6141,#6142),#32,.F.);
#7217=ADVANCED_FACE('',(#6143,#6144,#6145,#6146,#6147,#6148,#6149,#6150,
#6151,#6152,#6153,#6154,#6155,#6156,#6157,#6158,#6159,#6160,#6161,#6162,
#6163,#6164,#6165,#6166,#6167,#6168,#6169,#6170,#6171,#6172,#6173,#6174,
#6175,#6176,#6177,#6178,#6179,#6180,#6181,#6182,#6183,#6184,#6185,#6186,
#6187,#6188,#6189,#6190,#6191,#6192,#6193,#6194,#6195,#6196,#6197,#6198,
#6199,#6200,#6201,#6202,#6203,#6204,#6205,#6206,#6207,#6208,#6209,#6210,
#6211,#6212,#6213,#6214,#6215,#6216,#6217,#6218,#6219,#6220,#6221,#6222,
#6223,#6224,#6225,#6226,#6227,#6228,#6229,#6230,#6231,#6232,#6233,#6234,
#6235,#6236,#6237,#6238,#6239,#6240,#6241,#6242,#6243,#6244,#6245,#6246,
#6247,#6248,#6249,#6250,#6251,#6252,#6253,#6254,#6255,#6256,#6257,#6258,
#6259,#6260,#6261,#6262,#6263,#6264,#6265,#6266,#6267,#6268,#6269,#6270,
#6271,#6272,#6273,#6274,#6275,#6276,#6277,#6278,#6279,#6280,#6281,#6282,
#6283,#6284,#6285,#6286,#6287,#6288,#6289,#6290,#6291,#6292),#7128,.F.);
#7218=ADVANCED_FACE('',(#6293),#7129,.F.);
#7219=ADVANCED_FACE('',(#6294),#7130,.T.);
#7220=ADVANCED_FACE('',(#6295),#7131,.F.);
#7221=ADVANCED_FACE('',(#6296),#7132,.T.);
#7222=ADVANCED_FACE('',(#6297,#6298),#7133,.F.);
#7223=ADVANCED_FACE('',(#6299),#33,.F.);
#7224=ADVANCED_FACE('',(#6300),#34,.F.);
#7225=ADVANCED_FACE('',(#6301),#35,.F.);
#7226=ADVANCED_FACE('',(#6302),#36,.T.);
#7227=ADVANCED_FACE('',(#6303),#37,.F.);
#7228=ADVANCED_FACE('',(#6304),#38,.T.);
#7229=ADVANCED_FACE('',(#6305),#39,.F.);
#7230=ADVANCED_FACE('',(#6306),#40,.T.);
#7231=ADVANCED_FACE('',(#6307),#41,.F.);
#7232=ADVANCED_FACE('',(#6308),#42,.T.);
#7233=ADVANCED_FACE('',(#6309),#43,.F.);
#7234=ADVANCED_FACE('',(#6310),#44,.T.);
#7235=ADVANCED_FACE('',(#6311),#45,.F.);
#7236=ADVANCED_FACE('',(#6312),#46,.T.);
#7237=ADVANCED_FACE('',(#6313,#6314),#47,.F.);
#7238=ADVANCED_FACE('',(#6315,#6316),#48,.F.);
#7239=ADVANCED_FACE('',(#6317,#6318),#49,.F.);
#7240=ADVANCED_FACE('',(#6319,#6320),#50,.F.);
#7241=ADVANCED_FACE('',(#6321,#6322),#51,.F.);
#7242=ADVANCED_FACE('',(#6323,#6324),#52,.F.);
#7243=ADVANCED_FACE('',(#6325,#6326),#53,.F.);
#7244=ADVANCED_FACE('',(#6327,#6328),#54,.F.);
#7245=ADVANCED_FACE('',(#6329,#6330),#55,.F.);
#7246=ADVANCED_FACE('',(#6331,#6332),#56,.F.);
#7247=ADVANCED_FACE('',(#6333,#6334),#57,.F.);
#7248=ADVANCED_FACE('',(#6335,#6336),#58,.F.);
#7249=ADVANCED_FACE('',(#6337,#6338),#59,.F.);
#7250=ADVANCED_FACE('',(#6339,#6340),#60,.F.);
#7251=ADVANCED_FACE('',(#6341,#6342),#61,.F.);
#7252=ADVANCED_FACE('',(#6343,#6344),#62,.F.);
#7253=ADVANCED_FACE('',(#6345,#6346),#63,.F.);
#7254=ADVANCED_FACE('',(#6347,#6348),#64,.F.);
#7255=ADVANCED_FACE('',(#6349,#6350),#65,.F.);
#7256=ADVANCED_FACE('',(#6351,#6352),#66,.F.);
#7257=ADVANCED_FACE('',(#6353,#6354),#67,.F.);
#7258=ADVANCED_FACE('',(#6355,#6356),#68,.F.);
#7259=ADVANCED_FACE('',(#6357,#6358),#69,.F.);
#7260=ADVANCED_FACE('',(#6359,#6360),#70,.F.);
#7261=ADVANCED_FACE('',(#6361,#6362),#71,.F.);
#7262=ADVANCED_FACE('',(#6363,#6364),#72,.F.);
#7263=ADVANCED_FACE('',(#6365,#6366),#73,.F.);
#7264=ADVANCED_FACE('',(#6367,#6368),#74,.F.);
#7265=ADVANCED_FACE('',(#6369,#6370),#75,.F.);
#7266=ADVANCED_FACE('',(#6371,#6372),#76,.F.);
#7267=ADVANCED_FACE('',(#6373,#6374),#77,.F.);
#7268=ADVANCED_FACE('',(#6375,#6376),#78,.F.);
#7269=ADVANCED_FACE('',(#6377,#6378),#79,.F.);
#7270=ADVANCED_FACE('',(#6379,#6380),#80,.F.);
#7271=ADVANCED_FACE('',(#6381,#6382),#81,.F.);
#7272=ADVANCED_FACE('',(#6383,#6384),#82,.F.);
#7273=ADVANCED_FACE('',(#6385,#6386),#83,.F.);
#7274=ADVANCED_FACE('',(#6387,#6388),#84,.F.);
#7275=ADVANCED_FACE('',(#6389,#6390),#85,.F.);
#7276=ADVANCED_FACE('',(#6391,#6392),#86,.F.);
#7277=ADVANCED_FACE('',(#6393,#6394),#87,.F.);
#7278=ADVANCED_FACE('',(#6395,#6396),#88,.F.);
#7279=ADVANCED_FACE('',(#6397,#6398),#89,.F.);
#7280=ADVANCED_FACE('',(#6399,#6400),#90,.F.);
#7281=ADVANCED_FACE('',(#6401,#6402),#91,.F.);
#7282=ADVANCED_FACE('',(#6403,#6404),#92,.F.);
#7283=ADVANCED_FACE('',(#6405,#6406),#93,.F.);
#7284=ADVANCED_FACE('',(#6407,#6408),#94,.F.);
#7285=ADVANCED_FACE('',(#6409,#6410),#95,.F.);
#7286=ADVANCED_FACE('',(#6411,#6412),#96,.F.);
#7287=ADVANCED_FACE('',(#6413,#6414),#97,.F.);
#7288=ADVANCED_FACE('',(#6415,#6416),#98,.F.);
#7289=ADVANCED_FACE('',(#6417,#6418),#99,.F.);
#7290=ADVANCED_FACE('',(#6419,#6420),#100,.F.);
#7291=ADVANCED_FACE('',(#6421,#6422),#101,.F.);
#7292=ADVANCED_FACE('',(#6423,#6424),#102,.F.);
#7293=ADVANCED_FACE('',(#6425,#6426),#103,.F.);
#7294=ADVANCED_FACE('',(#6427,#6428),#104,.F.);
#7295=ADVANCED_FACE('',(#6429,#6430),#105,.F.);
#7296=ADVANCED_FACE('',(#6431,#6432),#106,.F.);
#7297=ADVANCED_FACE('',(#6433,#6434),#107,.F.);
#7298=ADVANCED_FACE('',(#6435,#6436),#108,.F.);
#7299=ADVANCED_FACE('',(#6437,#6438),#109,.F.);
#7300=ADVANCED_FACE('',(#6439,#6440),#110,.F.);
#7301=ADVANCED_FACE('',(#6441,#6442),#111,.F.);
#7302=ADVANCED_FACE('',(#6443,#6444),#112,.F.);
#7303=ADVANCED_FACE('',(#6445,#6446),#113,.F.);
#7304=ADVANCED_FACE('',(#6447,#6448),#114,.F.);
#7305=ADVANCED_FACE('',(#6449,#6450),#115,.F.);
#7306=ADVANCED_FACE('',(#6451,#6452),#116,.F.);
#7307=ADVANCED_FACE('',(#6453,#6454),#117,.F.);
#7308=ADVANCED_FACE('',(#6455,#6456),#118,.F.);
#7309=ADVANCED_FACE('',(#6457,#6458),#119,.F.);
#7310=ADVANCED_FACE('',(#6459,#6460),#120,.F.);
#7311=ADVANCED_FACE('',(#6461,#6462),#121,.F.);
#7312=ADVANCED_FACE('',(#6463,#6464),#122,.F.);
#7313=ADVANCED_FACE('',(#6465,#6466),#123,.F.);
#7314=ADVANCED_FACE('',(#6467,#6468),#124,.F.);
#7315=ADVANCED_FACE('',(#6469,#6470),#125,.F.);
#7316=ADVANCED_FACE('',(#6471,#6472),#126,.F.);
#7317=ADVANCED_FACE('',(#6473,#6474),#127,.F.);
#7318=ADVANCED_FACE('',(#6475,#6476),#128,.F.);
#7319=ADVANCED_FACE('',(#6477,#6478),#129,.F.);
#7320=ADVANCED_FACE('',(#6479,#6480),#130,.F.);
#7321=ADVANCED_FACE('',(#6481,#6482),#131,.F.);
#7322=ADVANCED_FACE('',(#6483,#6484),#132,.F.);
#7323=ADVANCED_FACE('',(#6485,#6486),#133,.F.);
#7324=ADVANCED_FACE('',(#6487,#6488),#134,.F.);
#7325=ADVANCED_FACE('',(#6489,#6490),#135,.F.);
#7326=ADVANCED_FACE('',(#6491,#6492),#136,.F.);
#7327=ADVANCED_FACE('',(#6493,#6494),#137,.F.);
#7328=ADVANCED_FACE('',(#6495,#6496),#138,.F.);
#7329=ADVANCED_FACE('',(#6497,#6498),#139,.F.);
#7330=ADVANCED_FACE('',(#6499,#6500),#140,.F.);
#7331=ADVANCED_FACE('',(#6501,#6502),#141,.F.);
#7332=ADVANCED_FACE('',(#6503,#6504),#142,.F.);
#7333=ADVANCED_FACE('',(#6505,#6506),#143,.F.);
#7334=ADVANCED_FACE('',(#6507,#6508),#144,.F.);
#7335=ADVANCED_FACE('',(#6509,#6510),#145,.F.);
#7336=ADVANCED_FACE('',(#6511,#6512),#146,.F.);
#7337=ADVANCED_FACE('',(#6513,#6514),#147,.F.);
#7338=ADVANCED_FACE('',(#6515,#6516),#148,.F.);
#7339=ADVANCED_FACE('',(#6517,#6518),#149,.F.);
#7340=ADVANCED_FACE('',(#6519,#6520),#150,.F.);
#7341=ADVANCED_FACE('',(#6521,#6522),#151,.F.);
#7342=ADVANCED_FACE('',(#6523,#6524),#152,.F.);
#7343=ADVANCED_FACE('',(#6525,#6526),#153,.F.);
#7344=ADVANCED_FACE('',(#6527,#6528),#154,.F.);
#7345=ADVANCED_FACE('',(#6529,#6530),#155,.F.);
#7346=ADVANCED_FACE('',(#6531,#6532),#156,.F.);
#7347=ADVANCED_FACE('',(#6533,#6534),#157,.F.);
#7348=ADVANCED_FACE('',(#6535,#6536),#158,.F.);
#7349=ADVANCED_FACE('',(#6537,#6538),#159,.F.);
#7350=ADVANCED_FACE('',(#6539,#6540),#160,.F.);
#7351=ADVANCED_FACE('',(#6541,#6542),#161,.F.);
#7352=ADVANCED_FACE('',(#6543,#6544),#162,.F.);
#7353=ADVANCED_FACE('',(#6545,#6546),#163,.F.);
#7354=ADVANCED_FACE('',(#6547,#6548),#164,.F.);
#7355=ADVANCED_FACE('',(#6549,#6550),#165,.F.);
#7356=ADVANCED_FACE('',(#6551,#6552),#166,.F.);
#7357=ADVANCED_FACE('',(#6553,#6554),#167,.F.);
#7358=ADVANCED_FACE('',(#6555,#6556),#168,.F.);
#7359=ADVANCED_FACE('',(#6557,#6558),#169,.F.);
#7360=ADVANCED_FACE('',(#6559,#6560),#170,.F.);
#7361=ADVANCED_FACE('',(#6561,#6562),#171,.F.);
#7362=ADVANCED_FACE('',(#6563,#6564),#172,.F.);
#7363=ADVANCED_FACE('',(#6565,#6566),#173,.F.);
#7364=ADVANCED_FACE('',(#6567,#6568),#174,.F.);
#7365=ADVANCED_FACE('',(#6569,#6570),#175,.F.);
#7366=ADVANCED_FACE('',(#6571,#6572),#176,.F.);
#7367=ADVANCED_FACE('',(#6573,#6574),#177,.F.);
#7368=ADVANCED_FACE('',(#6575,#6576),#178,.F.);
#7369=ADVANCED_FACE('',(#6577,#6578),#179,.F.);
#7370=ADVANCED_FACE('',(#6579,#6580),#180,.F.);
#7371=ADVANCED_FACE('',(#6581,#6582),#181,.F.);
#7372=ADVANCED_FACE('',(#6583,#6584),#182,.F.);
#7373=ADVANCED_FACE('',(#6585,#6586),#183,.F.);
#7374=ADVANCED_FACE('',(#6587,#6588),#184,.F.);
#7375=ADVANCED_FACE('',(#6589,#6590),#185,.F.);
#7376=ADVANCED_FACE('',(#6591,#6592),#186,.F.);
#7377=ADVANCED_FACE('',(#6593,#6594),#187,.F.);
#7378=ADVANCED_FACE('',(#6595,#6596),#188,.F.);
#7379=ADVANCED_FACE('',(#6597),#189,.F.);
#7380=ADVANCED_FACE('',(#6598),#190,.F.);
#7381=ADVANCED_FACE('',(#6599),#191,.F.);
#7382=ADVANCED_FACE('',(#6600),#192,.F.);
#7383=ADVANCED_FACE('',(#6601),#193,.F.);
#7384=ADVANCED_FACE('',(#6602),#194,.F.);
#7385=ADVANCED_FACE('',(#6603,#6604),#195,.F.);
#7386=ADVANCED_FACE('',(#6605,#6606),#196,.F.);
#7387=ADVANCED_FACE('',(#6607,#6608),#197,.F.);
#7388=ADVANCED_FACE('',(#6609,#6610),#198,.F.);
#7389=ADVANCED_FACE('',(#6611,#6612),#199,.F.);
#7390=ADVANCED_FACE('',(#6613,#6614),#200,.F.);
#7391=ADVANCED_FACE('',(#6615,#6616),#201,.F.);
#7392=ADVANCED_FACE('',(#6617,#6618),#202,.F.);
#7393=ADVANCED_FACE('',(#6619,#6620),#203,.F.);
#7394=ADVANCED_FACE('',(#6621,#6622),#204,.F.);
#7395=ADVANCED_FACE('',(#6623,#6624),#205,.F.);
#7396=ADVANCED_FACE('',(#6625,#6626),#206,.F.);
#7397=ADVANCED_FACE('',(#6627,#6628),#207,.F.);
#7398=ADVANCED_FACE('',(#6629,#6630),#208,.F.);
#7399=ADVANCED_FACE('',(#6631,#6632),#209,.F.);
#7400=ADVANCED_FACE('',(#6633,#6634),#210,.F.);
#7401=ADVANCED_FACE('',(#6635,#6636),#211,.F.);
#7402=ADVANCED_FACE('',(#6637,#6638),#212,.F.);
#7403=ADVANCED_FACE('',(#6639,#6640),#213,.F.);
#7404=ADVANCED_FACE('',(#6641,#6642),#214,.F.);
#7405=ADVANCED_FACE('',(#6643,#6644),#215,.F.);
#7406=ADVANCED_FACE('',(#6645,#6646),#216,.F.);
#7407=ADVANCED_FACE('',(#6647,#6648),#217,.F.);
#7408=ADVANCED_FACE('',(#6649,#6650),#218,.F.);
#7409=ADVANCED_FACE('',(#6651,#6652),#219,.F.);
#7410=ADVANCED_FACE('',(#6653,#6654),#220,.F.);
#7411=ADVANCED_FACE('',(#6655,#6656),#221,.F.);
#7412=ADVANCED_FACE('',(#6657,#6658),#222,.F.);
#7413=ADVANCED_FACE('',(#6659,#6660),#223,.F.);
#7414=ADVANCED_FACE('',(#6661,#6662),#224,.F.);
#7415=ADVANCED_FACE('',(#6663,#6664),#225,.F.);
#7416=ADVANCED_FACE('',(#6665,#6666),#226,.F.);
#7417=ADVANCED_FACE('',(#6667,#6668),#227,.F.);
#7418=ADVANCED_FACE('',(#6669,#6670),#228,.F.);
#7419=ADVANCED_FACE('',(#6671,#6672),#229,.F.);
#7420=ADVANCED_FACE('',(#6673,#6674),#230,.F.);
#7421=ADVANCED_FACE('',(#6675,#6676),#231,.F.);
#7422=ADVANCED_FACE('',(#6677,#6678),#232,.F.);
#7423=ADVANCED_FACE('',(#6679,#6680),#233,.F.);
#7424=ADVANCED_FACE('',(#6681,#6682),#234,.F.);
#7425=ADVANCED_FACE('',(#6683,#6684),#235,.F.);
#7426=ADVANCED_FACE('',(#6685,#6686),#236,.F.);
#7427=ADVANCED_FACE('',(#6687,#6688),#237,.F.);
#7428=ADVANCED_FACE('',(#6689,#6690),#238,.F.);
#7429=ADVANCED_FACE('',(#6691,#6692),#239,.F.);
#7430=ADVANCED_FACE('',(#6693,#6694),#240,.F.);
#7431=ADVANCED_FACE('',(#6695,#6696),#241,.F.);
#7432=ADVANCED_FACE('',(#6697,#6698),#242,.F.);
#7433=ADVANCED_FACE('',(#6699,#6700),#243,.F.);
#7434=ADVANCED_FACE('',(#6701,#6702),#244,.F.);
#7435=ADVANCED_FACE('',(#6703,#6704),#245,.F.);
#7436=ADVANCED_FACE('',(#6705),#246,.T.);
#7437=ADVANCED_FACE('',(#6706,#6707,#6708,#6709,#6710,#6711,#6712,#6713,
#6714,#6715,#6716,#6717,#6718,#6719,#6720,#6721,#6722,#6723,#6724,#6725,
#6726,#6727,#6728,#6729,#6730,#6731,#6732,#6733,#6734,#6735,#6736,#6737,
#6738,#6739,#6740,#6741,#6742,#6743,#6744,#6745,#6746,#6747,#6748,#6749,
#6750,#6751,#6752,#6753,#6754,#6755,#6756,#6757,#6758,#6759,#6760,#6761,
#6762,#6763,#6764,#6765,#6766,#6767,#6768,#6769,#6770,#6771,#6772,#6773,
#6774,#6775,#6776,#6777,#6778,#6779,#6780,#6781,#6782,#6783,#6784,#6785,
#6786,#6787,#6788,#6789,#6790,#6791,#6792,#6793,#6794,#6795,#6796,#6797,
#6798,#6799,#6800,#6801,#6802,#6803,#6804,#6805,#6806,#6807,#6808,#6809,
#6810,#6811,#6812,#6813,#6814,#6815,#6816,#6817,#6818,#6819,#6820,#6821,
#6822,#6823,#6824,#6825,#6826,#6827,#6828,#6829,#6830,#6831,#6832,#6833,
#6834,#6835,#6836,#6837,#6838,#6839,#6840,#6841,#6842,#6843,#6844,#6845,
#6846,#6847,#6848,#6849,#6850,#6851,#6852,#6853,#6854,#6855,#6856,#6857,
#6858,#6859,#6860,#6861,#6862,#6863,#6864,#6865,#6866,#6867,#6868,#6869,
#6870,#6871,#6872,#6873,#6874,#6875,#6876,#6877,#6878,#6879,#6880,#6881,
#6882,#6883,#6884,#6885,#6886,#6887,#6888,#6889,#6890,#6891,#6892,#6893,
#6894,#6895,#6896,#6897,#6898,#6899,#6900,#6901,#6902,#6903,#6904,#6905,
#6906),#7134,.T.);
#7438=ADVANCED_FACE('',(#6907),#247,.F.);
#7439=ADVANCED_FACE('',(#6908),#248,.F.);
#7440=ADVANCED_FACE('',(#6909),#249,.F.);
#7441=ADVANCED_FACE('',(#6910),#250,.F.);
#7442=ADVANCED_FACE('',(#6911),#251,.F.);
#7443=ADVANCED_FACE('',(#6912),#252,.F.);
#7444=ADVANCED_FACE('',(#6913),#253,.F.);
#7445=ADVANCED_FACE('',(#6914),#254,.F.);
#7446=ADVANCED_FACE('',(#6915),#255,.F.);
#7447=ADVANCED_FACE('',(#6916),#256,.F.);
#7448=ADVANCED_FACE('',(#6917),#257,.F.);
#7449=ADVANCED_FACE('',(#6918),#258,.F.);
#7450=ADVANCED_FACE('',(#6919),#259,.F.);
#7451=ADVANCED_FACE('',(#6920),#260,.F.);
#7452=ADVANCED_FACE('',(#6921),#261,.F.);
#7453=ADVANCED_FACE('',(#6922),#262,.F.);
#7454=ADVANCED_FACE('',(#6923),#263,.F.);
#7455=ADVANCED_FACE('',(#6924),#264,.F.);
#7456=ADVANCED_FACE('',(#6925),#265,.F.);
#7457=ADVANCED_FACE('',(#6926),#266,.F.);
#7458=ADVANCED_FACE('',(#6927),#267,.F.);
#7459=ADVANCED_FACE('',(#6928,#6929),#268,.F.);
#7460=ADVANCED_FACE('',(#6930,#6931),#269,.T.);
#7461=ADVANCED_FACE('',(#6932,#6933),#7135,.F.);
#7462=ADVANCED_FACE('',(#6934,#6935),#270,.F.);
#7463=ADVANCED_FACE('',(#6936,#6937),#271,.T.);
#7464=ADVANCED_FACE('',(#6938,#6939),#7136,.F.);
#7465=ADVANCED_FACE('',(#6940),#7137,.F.);
#7466=ADVANCED_FACE('',(#6941,#6942),#272,.F.);
#7467=ADVANCED_FACE('',(#6943,#6944),#273,.T.);
#7468=ADVANCED_FACE('',(#6945,#6946),#7138,.F.);
#7469=ADVANCED_FACE('',(#6947),#7139,.F.);
#7470=ADVANCED_FACE('',(#6948,#6949),#274,.F.);
#7471=ADVANCED_FACE('',(#6950,#6951),#275,.T.);
#7472=ADVANCED_FACE('',(#6952,#6953),#7140,.F.);
#7473=ADVANCED_FACE('',(#6954),#7141,.F.);
#7474=ADVANCED_FACE('',(#6955,#6956),#276,.F.);
#7475=ADVANCED_FACE('',(#6957,#6958),#277,.T.);
#7476=ADVANCED_FACE('',(#6959,#6960),#7142,.F.);
#7477=ADVANCED_FACE('',(#6961),#7143,.F.);
#7478=ADVANCED_FACE('',(#6962,#6963),#24,.F.);
#7479=ADVANCED_FACE('',(#6964,#6965),#25,.F.);
#7480=ADVANCED_FACE('',(#6966,#6967),#26,.F.);
#7481=ADVANCED_FACE('',(#6968,#6969),#27,.F.);
#7482=ADVANCED_FACE('',(#6970,#6971),#324,.F.);
#7483=ADVANCED_FACE('',(#6972,#6973),#325,.F.);
#7484=ADVANCED_FACE('',(#6974,#6975),#326,.F.);
#7485=ADVANCED_FACE('',(#6976,#6977),#327,.F.);
#7486=ADVANCED_FACE('',(#6978),#7144,.T.);
#7487=ADVANCED_FACE('',(#6979),#7145,.F.);
#7488=ADVANCED_FACE('',(#6980,#6981,#6982,#6983,#6984),#7146,.T.);
#7489=ADVANCED_FACE('',(#6985),#7147,.T.);
#7490=ADVANCED_FACE('',(#6986),#278,.F.);
#7491=ADVANCED_FACE('',(#6987),#7148,.T.);
#7492=ADVANCED_FACE('',(#6988),#279,.F.);
#7493=ADVANCED_FACE('',(#6989),#7149,.F.);
#7494=ADVANCED_FACE('',(#6990),#7150,.T.);
#7495=ADVANCED_FACE('',(#6991),#7151,.T.);
#7496=ADVANCED_FACE('',(#6992),#7152,.T.);
#7497=ADVANCED_FACE('',(#6993),#7153,.T.);
#7498=ADVANCED_FACE('',(#6994),#7154,.F.);
#7499=ADVANCED_FACE('',(#6995),#7155,.T.);
#7500=ADVANCED_FACE('',(#6996),#7156,.T.);
#7501=ADVANCED_FACE('',(#6997),#7157,.F.);
#7502=ADVANCED_FACE('',(#6998),#7158,.F.);
#7503=ADVANCED_FACE('',(#6999),#7159,.F.);
#7504=ADVANCED_FACE('',(#7000),#7160,.F.);
#7505=ADVANCED_FACE('',(#7001),#7161,.F.);
#7506=ADVANCED_FACE('',(#7002),#7162,.F.);
#7507=ADVANCED_FACE('',(#7003,#7004),#7163,.F.);
#7508=ADVANCED_FACE('',(#7005),#7164,.F.);
#7509=ADVANCED_FACE('',(#7006),#7165,.F.);
#7510=ADVANCED_FACE('',(#7007),#280,.T.);
#7511=ADVANCED_FACE('',(#7008),#7166,.T.);
#7512=ADVANCED_FACE('',(#7009),#7167,.T.);
#7513=ADVANCED_FACE('',(#7010,#7011),#7168,.F.);
#7514=ADVANCED_FACE('',(#7012,#7013),#281,.F.);
#7515=ADVANCED_FACE('',(#7014,#7015),#7169,.T.);
#7516=ADVANCED_FACE('',(#7016),#282,.T.);
#7517=ADVANCED_FACE('',(#7017,#7018),#283,.F.);
#7518=ADVANCED_FACE('',(#7019,#7020),#7170,.T.);
#7519=ADVANCED_FACE('',(#7021),#284,.F.);
#7520=ADVANCED_FACE('',(#7022),#285,.F.);
#7521=ADVANCED_FACE('',(#7023),#286,.F.);
#7522=ADVANCED_FACE('',(#7024),#287,.F.);
#7523=ADVANCED_FACE('',(#7025),#288,.F.);
#7524=ADVANCED_FACE('',(#7026),#328,.F.);
#7525=ADVANCED_FACE('',(#7027),#289,.F.);
#7526=ADVANCED_FACE('',(#7028),#290,.F.);
#7527=ADVANCED_FACE('',(#7029),#291,.F.);
#7528=ADVANCED_FACE('',(#7030),#292,.F.);
#7529=ADVANCED_FACE('',(#7031),#293,.F.);
#7530=ADVANCED_FACE('',(#7032),#294,.T.);
#7531=ADVANCED_FACE('',(#7033),#18,.T.);
#7532=ADVANCED_FACE('',(#7034),#295,.T.);
#7533=ADVANCED_FACE('',(#7035),#296,.T.);
#7534=ADVANCED_FACE('',(#7036),#297,.T.);
#7535=ADVANCED_FACE('',(#7037),#298,.T.);
#7536=ADVANCED_FACE('',(#7038),#299,.T.);
#7537=ADVANCED_FACE('',(#7039),#300,.T.);
#7538=ADVANCED_FACE('',(#7040),#12,.T.);
#7539=ADVANCED_FACE('',(#7041),#13,.T.);
#7540=ADVANCED_FACE('',(#7042),#301,.T.);
#7541=ADVANCED_FACE('',(#7043),#302,.T.);
#7542=ADVANCED_FACE('',(#7044),#14,.T.);
#7543=ADVANCED_FACE('',(#7045),#303,.T.);
#7544=ADVANCED_FACE('',(#7046),#304,.T.);
#7545=ADVANCED_FACE('',(#7047),#19,.T.);
#7546=ADVANCED_FACE('',(#7048),#305,.T.);
#7547=ADVANCED_FACE('',(#7049),#20,.T.);
#7548=ADVANCED_FACE('',(#7050),#7171,.T.);
#7549=ADVANCED_FACE('',(#7051),#306,.T.);
#7550=ADVANCED_FACE('',(#7052),#307,.T.);
#7551=ADVANCED_FACE('',(#7053),#308,.T.);
#7552=ADVANCED_FACE('',(#7054),#309,.T.);
#7553=ADVANCED_FACE('',(#7055),#310,.T.);
#7554=ADVANCED_FACE('',(#7056),#15,.T.);
#7555=ADVANCED_FACE('',(#7057),#21,.F.);
#7556=ADVANCED_FACE('',(#7058),#311,.T.);
#7557=ADVANCED_FACE('',(#7059),#312,.F.);
#7558=ADVANCED_FACE('',(#7060),#313,.T.);
#7559=ADVANCED_FACE('',(#7061),#22,.F.);
#7560=ADVANCED_FACE('',(#7062),#23,.F.);
#7561=ADVANCED_FACE('',(#7063),#314,.T.);
#7562=ADVANCED_FACE('',(#7064),#315,.T.);
#7563=ADVANCED_FACE('',(#7065),#16,.T.);
#7564=ADVANCED_FACE('',(#7066),#316,.T.);
#7565=ADVANCED_FACE('',(#7067),#17,.T.);
#7566=ADVANCED_FACE('',(#7068),#317,.T.);
#7567=ADVANCED_FACE('',(#7069),#7172,.T.);
#7568=ADVANCED_FACE('',(#7070),#7173,.T.);
#7569=ADVANCED_FACE('',(#7071),#7174,.T.);
#7570=ADVANCED_FACE('',(#7072),#7175,.F.);
#7571=ADVANCED_FACE('',(#7073),#7176,.F.);
#7572=ADVANCED_FACE('',(#7074),#7177,.T.);
#7573=ADVANCED_FACE('',(#7075),#7178,.F.);
#7574=ADVANCED_FACE('',(#7076),#7179,.F.);
#7575=ADVANCED_FACE('',(#7077),#7180,.F.);
#7576=ADVANCED_FACE('',(#7078),#7181,.T.);
#7577=ADVANCED_FACE('',(#7079),#7182,.T.);
#7578=ADVANCED_FACE('',(#7080),#7183,.F.);
#7579=ADVANCED_FACE('',(#7081,#7082),#7184,.F.);
#7580=ADVANCED_FACE('',(#7083),#7185,.F.);
#7581=ADVANCED_FACE('',(#7084),#7186,.T.);
#7582=ADVANCED_FACE('',(#7085),#7187,.T.);
#7583=ADVANCED_FACE('',(#7086),#7188,.F.);
#7584=ADVANCED_FACE('',(#7087),#7189,.F.);
#7585=ADVANCED_FACE('',(#7088,#7089),#318,.F.);
#7586=ADVANCED_FACE('',(#7090),#7190,.T.);
#7587=ADVANCED_FACE('',(#7091),#319,.T.);
#7588=ADVANCED_FACE('',(#7092),#7191,.T.);
#7589=ADVANCED_FACE('',(#7093),#320,.T.);
#7590=ADVANCED_FACE('',(#7094,#7095),#321,.F.);
#7591=ADVANCED_FACE('',(#7096),#7192,.T.);
#7592=ADVANCED_FACE('',(#7097,#7098),#322,.F.);
#7593=ADVANCED_FACE('',(#7099,#7100,#7101),#7193,.T.);
#7594=ADVANCED_FACE('',(#7102),#7194,.F.);
#7595=ADVANCED_FACE('',(#7103,#7104),#28,.F.);
#7596=ADVANCED_FACE('',(#7105,#7106),#29,.F.);
#7597=ADVANCED_FACE('',(#7107,#7108),#30,.F.);
#7598=CLOSED_SHELL('',(#7195,#7196,#7197,#7198,#7199,#7200,#7201,#7202,
#7203,#7204,#7205,#7206,#7207,#7208,#7209,#7210,#7211,#7212,#7213,#7214,
#7215,#7216,#7217,#7218,#7219,#7220,#7221,#7222,#7223,#7224,#7225,#7226,
#7227,#7228,#7229,#7230,#7231,#7232,#7233,#7234,#7235,#7236,#7237,#7238,
#7239,#7240,#7241,#7242,#7243,#7244,#7245,#7246,#7247,#7248,#7249,#7250,
#7251,#7252,#7253,#7254,#7255,#7256,#7257,#7258,#7259,#7260,#7261,#7262,
#7263,#7264,#7265,#7266,#7267,#7268,#7269,#7270,#7271,#7272,#7273,#7274,
#7275,#7276,#7277,#7278,#7279,#7280,#7281,#7282,#7283,#7284,#7285,#7286,
#7287,#7288,#7289,#7290,#7291,#7292,#7293,#7294,#7295,#7296,#7297,#7298,
#7299,#7300,#7301,#7302,#7303,#7304,#7305,#7306,#7307,#7308,#7309,#7310,
#7311,#7312,#7313,#7314,#7315,#7316,#7317,#7318,#7319,#7320,#7321,#7322,
#7323,#7324,#7325,#7326,#7327,#7328,#7329,#7330,#7331,#7332,#7333,#7334,
#7335,#7336,#7337,#7338,#7339,#7340,#7341,#7342,#7343,#7344,#7345,#7346,
#7347,#7348,#7349,#7350,#7351,#7352,#7353,#7354,#7355,#7356,#7357,#7358,
#7359,#7360,#7361,#7362,#7363,#7364,#7365,#7366,#7367,#7368,#7369,#7370,
#7371,#7372,#7373,#7374,#7375,#7376,#7377,#7378,#7379,#7380,#7381,#7382,
#7383,#7384,#7385,#7386,#7387,#7388,#7389,#7390,#7391,#7392,#7393,#7394,
#7395,#7396,#7397,#7398,#7399,#7400,#7401,#7402,#7403,#7404,#7405,#7406,
#7407,#7408,#7409,#7410,#7411,#7412,#7413,#7414,#7415,#7416,#7417,#7418,
#7419,#7420,#7421,#7422,#7423,#7424,#7425,#7426,#7427,#7428,#7429,#7430,
#7431,#7432,#7433,#7434,#7435,#7436,#7437,#7438,#7439,#7440,#7441,#7442,
#7443,#7444,#7445,#7446,#7447,#7448,#7449,#7450,#7451,#7452,#7453,#7454,
#7455,#7456,#7457,#7458,#7459,#7460,#7461,#7462,#7463,#7464,#7465,#7466,
#7467,#7468,#7469,#7470,#7471,#7472,#7473,#7474,#7475,#7476,#7477,#7478,
#7479,#7480,#7481,#7482,#7483,#7484,#7485,#7486,#7487,#7488,#7489,#7490,
#7491,#7492,#7493,#7494,#7495,#7496,#7497,#7498,#7499,#7500,#7501,#7502,
#7503,#7504,#7505,#7506,#7507,#7508,#7509,#7510,#7511,#7512,#7513,#7514,
#7515,#7516,#7517,#7518,#7519,#7520,#7521,#7522,#7523,#7524,#7525,#7526,
#7527,#7528,#7529,#7530,#7531,#7532,#7533,#7534,#7535,#7536,#7537,#7538,
#7539,#7540,#7541,#7542,#7543,#7544,#7545,#7546,#7547,#7548,#7549,#7550,
#7551,#7552,#7553,#7554,#7555,#7556,#7557,#7558,#7559,#7560,#7561,#7562,
#7563,#7564,#7565,#7566,#7567,#7568,#7569,#7570,#7571,#7572,#7573,#7574,
#7575,#7576,#7577,#7578,#7579,#7580,#7581,#7582,#7583,#7584,#7585,#7586,
#7587,#7588,#7589,#7590,#7591,#7592,#7593,#7594,#7595,#7596,#7597));
#7599=STYLED_ITEM('',(#7600),#7607);
#7600=PRESENTATION_STYLE_ASSIGNMENT((#7601));
#7601=SURFACE_STYLE_USAGE(.BOTH.,#7602);
#7602=SURFACE_SIDE_STYLE('',(#7603));
#7603=SURFACE_STYLE_FILL_AREA(#7604);
#7604=FILL_AREA_STYLE('',(#7605));
#7605=FILL_AREA_STYLE_COLOUR('',#7606);
#7606=COLOUR_RGB('',0.152941176470588,0.0941176470588235,0.0627450980392157);
#7607=MANIFOLD_SOLID_BREP('Hood',#7598);
#7608=SHAPE_DEFINITION_REPRESENTATION(#13261,#7609);
#7609=SHAPE_REPRESENTATION('Hood',(#7610),#13256);
#7610=AXIS2_PLACEMENT_3D('',#11036,#8657,#8658);
#7611=AXIS2_PLACEMENT_3D('',#11037,#8659,#8660);
#7612=AXIS2_PLACEMENT_3D('',#11038,#8661,#8662);
#7613=AXIS2_PLACEMENT_3D('',#11040,#8663,#8664);
#7614=AXIS2_PLACEMENT_3D('',#11042,#8665,#8666);
#7615=AXIS2_PLACEMENT_3D('',#11044,#8667,#8668);
#7616=AXIS2_PLACEMENT_3D('',#11073,#8682,#8683);
#7617=AXIS2_PLACEMENT_3D('',#11078,#8686,#8687);
#7618=AXIS2_PLACEMENT_3D('',#11079,#8688,#8689);
#7619=AXIS2_PLACEMENT_3D('',#11081,#8690,#8691);
#7620=AXIS2_PLACEMENT_3D('',#11109,#8705,#8706);
#7621=AXIS2_PLACEMENT_3D('',#11113,#8708,#8709);
#7622=AXIS2_PLACEMENT_3D('',#11131,#8719,#8720);
#7623=AXIS2_PLACEMENT_3D('',#11132,#8721,#8722);
#7624=AXIS2_PLACEMENT_3D('',#11134,#8723,#8724);
#7625=AXIS2_PLACEMENT_3D('',#11136,#8725,#8726);
#7626=AXIS2_PLACEMENT_3D('',#11153,#8735,#8736);
#7627=AXIS2_PLACEMENT_3D('',#11154,#8737,#8738);
#7628=AXIS2_PLACEMENT_3D('',#11175,#8748,#8749);
#7629=AXIS2_PLACEMENT_3D('',#11179,#8751,#8752);
#7630=AXIS2_PLACEMENT_3D('',#11192,#8759,#8760);
#7631=AXIS2_PLACEMENT_3D('',#11197,#8762,#8763);
#7632=AXIS2_PLACEMENT_3D('',#11200,#8765,#8766);
#7633=AXIS2_PLACEMENT_3D('',#11204,#8768,#8769);
#7634=AXIS2_PLACEMENT_3D('',#11211,#8773,#8774);
#7635=AXIS2_PLACEMENT_3D('',#11226,#8779,#8780);
#7636=AXIS2_PLACEMENT_3D('',#11229,#8782,#8783);
#7637=AXIS2_PLACEMENT_3D('',#11234,#8786,#8787);
#7638=AXIS2_PLACEMENT_3D('',#11242,#8789,#8790);
#7639=AXIS2_PLACEMENT_3D('',#11265,#8797,#8798);
#7640=AXIS2_PLACEMENT_3D('',#11283,#8808,#8809);
#7641=AXIS2_PLACEMENT_3D('',#11286,#8811,#8812);
#7642=AXIS2_PLACEMENT_3D('',#11287,#8813,#8814);
#7643=AXIS2_PLACEMENT_3D('',#11288,#8815,#8816);
#7644=AXIS2_PLACEMENT_3D('',#11295,#8817,#8818);
#7645=AXIS2_PLACEMENT_3D('',#11301,#8822,#8823);
#7646=AXIS2_PLACEMENT_3D('',#11305,#8826,#8827);
#7647=AXIS2_PLACEMENT_3D('',#11313,#8832,#8833);
#7648=AXIS2_PLACEMENT_3D('',#11319,#8837,#8838);
#7649=AXIS2_PLACEMENT_3D('',#11323,#8841,#8842);
#7650=AXIS2_PLACEMENT_3D('',#11326,#8845,#8846);
#7651=AXIS2_PLACEMENT_3D('',#11332,#8850,#8851);
#7652=AXIS2_PLACEMENT_3D('',#11338,#8855,#8856);
#7653=AXIS2_PLACEMENT_3D('',#11344,#8860,#8861);
#7654=AXIS2_PLACEMENT_3D('',#11347,#8864,#8865);
#7655=AXIS2_PLACEMENT_3D('',#11348,#8866,#8867);
#7656=AXIS2_PLACEMENT_3D('',#11350,#8868,#8869);
#7657=AXIS2_PLACEMENT_3D('',#11351,#8870,#8871);
#7658=AXIS2_PLACEMENT_3D('',#11353,#8872,#8873);
#7659=AXIS2_PLACEMENT_3D('',#11354,#8874,#8875);
#7660=AXIS2_PLACEMENT_3D('',#11357,#8876,#8877);
#7661=AXIS2_PLACEMENT_3D('',#11359,#8878,#8879);
#7662=AXIS2_PLACEMENT_3D('',#11361,#8880,#8881);
#7663=AXIS2_PLACEMENT_3D('',#11363,#8882,#8883);
#7664=AXIS2_PLACEMENT_3D('',#11365,#8884,#8885);
#7665=AXIS2_PLACEMENT_3D('',#11366,#8886,#8887);
#7666=AXIS2_PLACEMENT_3D('',#11368,#8888,#8889);
#7667=AXIS2_PLACEMENT_3D('',#11370,#8890,#8891);
#7668=AXIS2_PLACEMENT_3D('',#11372,#8892,#8893);
#7669=AXIS2_PLACEMENT_3D('',#11374,#8894,#8895);
#7670=AXIS2_PLACEMENT_3D('',#11376,#8896,#8897);
#7671=AXIS2_PLACEMENT_3D('',#11378,#8898,#8899);
#7672=AXIS2_PLACEMENT_3D('',#11380,#8900,#8901);
#7673=AXIS2_PLACEMENT_3D('',#11382,#8902,#8903);
#7674=AXIS2_PLACEMENT_3D('',#11384,#8904,#8905);
#7675=AXIS2_PLACEMENT_3D('',#11386,#8906,#8907);
#7676=AXIS2_PLACEMENT_3D('',#11388,#8908,#8909);
#7677=AXIS2_PLACEMENT_3D('',#11390,#8910,#8911);
#7678=AXIS2_PLACEMENT_3D('',#11392,#8912,#8913);
#7679=AXIS2_PLACEMENT_3D('',#11394,#8914,#8915);
#7680=AXIS2_PLACEMENT_3D('',#11396,#8916,#8917);
#7681=AXIS2_PLACEMENT_3D('',#11398,#8918,#8919);
#7682=AXIS2_PLACEMENT_3D('',#11400,#8920,#8921);
#7683=AXIS2_PLACEMENT_3D('',#11402,#8922,#8923);
#7684=AXIS2_PLACEMENT_3D('',#11404,#8924,#8925);
#7685=AXIS2_PLACEMENT_3D('',#11406,#8926,#8927);
#7686=AXIS2_PLACEMENT_3D('',#11408,#8928,#8929);
#7687=AXIS2_PLACEMENT_3D('',#11410,#8930,#8931);
#7688=AXIS2_PLACEMENT_3D('',#11412,#8932,#8933);
#7689=AXIS2_PLACEMENT_3D('',#11414,#8934,#8935);
#7690=AXIS2_PLACEMENT_3D('',#11416,#8936,#8937);
#7691=AXIS2_PLACEMENT_3D('',#11418,#8938,#8939);
#7692=AXIS2_PLACEMENT_3D('',#11420,#8940,#8941);
#7693=AXIS2_PLACEMENT_3D('',#11422,#8942,#8943);
#7694=AXIS2_PLACEMENT_3D('',#11424,#8944,#8945);
#7695=AXIS2_PLACEMENT_3D('',#11426,#8946,#8947);
#7696=AXIS2_PLACEMENT_3D('',#11428,#8948,#8949);
#7697=AXIS2_PLACEMENT_3D('',#11430,#8950,#8951);
#7698=AXIS2_PLACEMENT_3D('',#11432,#8952,#8953);
#7699=AXIS2_PLACEMENT_3D('',#11434,#8954,#8955);
#7700=AXIS2_PLACEMENT_3D('',#11436,#8956,#8957);
#7701=AXIS2_PLACEMENT_3D('',#11438,#8958,#8959);
#7702=AXIS2_PLACEMENT_3D('',#11440,#8960,#8961);
#7703=AXIS2_PLACEMENT_3D('',#11442,#8962,#8963);
#7704=AXIS2_PLACEMENT_3D('',#11444,#8964,#8965);
#7705=AXIS2_PLACEMENT_3D('',#11446,#8966,#8967);
#7706=AXIS2_PLACEMENT_3D('',#11448,#8968,#8969);
#7707=AXIS2_PLACEMENT_3D('',#11450,#8970,#8971);
#7708=AXIS2_PLACEMENT_3D('',#11452,#8972,#8973);
#7709=AXIS2_PLACEMENT_3D('',#11454,#8974,#8975);
#7710=AXIS2_PLACEMENT_3D('',#11456,#8976,#8977);
#7711=AXIS2_PLACEMENT_3D('',#11458,#8978,#8979);
#7712=AXIS2_PLACEMENT_3D('',#11460,#8980,#8981);
#7713=AXIS2_PLACEMENT_3D('',#11462,#8982,#8983);
#7714=AXIS2_PLACEMENT_3D('',#11464,#8984,#8985);
#7715=AXIS2_PLACEMENT_3D('',#11466,#8986,#8987);
#7716=AXIS2_PLACEMENT_3D('',#11468,#8988,#8989);
#7717=AXIS2_PLACEMENT_3D('',#11470,#8990,#8991);
#7718=AXIS2_PLACEMENT_3D('',#11472,#8992,#8993);
#7719=AXIS2_PLACEMENT_3D('',#11474,#8994,#8995);
#7720=AXIS2_PLACEMENT_3D('',#11476,#8996,#8997);
#7721=AXIS2_PLACEMENT_3D('',#11478,#8998,#8999);
#7722=AXIS2_PLACEMENT_3D('',#11480,#9000,#9001);
#7723=AXIS2_PLACEMENT_3D('',#11482,#9002,#9003);
#7724=AXIS2_PLACEMENT_3D('',#11484,#9004,#9005);
#7725=AXIS2_PLACEMENT_3D('',#11486,#9006,#9007);
#7726=AXIS2_PLACEMENT_3D('',#11488,#9008,#9009);
#7727=AXIS2_PLACEMENT_3D('',#11490,#9010,#9011);
#7728=AXIS2_PLACEMENT_3D('',#11492,#9012,#9013);
#7729=AXIS2_PLACEMENT_3D('',#11494,#9014,#9015);
#7730=AXIS2_PLACEMENT_3D('',#11496,#9016,#9017);
#7731=AXIS2_PLACEMENT_3D('',#11498,#9018,#9019);
#7732=AXIS2_PLACEMENT_3D('',#11500,#9020,#9021);
#7733=AXIS2_PLACEMENT_3D('',#11502,#9022,#9023);
#7734=AXIS2_PLACEMENT_3D('',#11504,#9024,#9025);
#7735=AXIS2_PLACEMENT_3D('',#11506,#9026,#9027);
#7736=AXIS2_PLACEMENT_3D('',#11508,#9028,#9029);
#7737=AXIS2_PLACEMENT_3D('',#11510,#9030,#9031);
#7738=AXIS2_PLACEMENT_3D('',#11512,#9032,#9033);
#7739=AXIS2_PLACEMENT_3D('',#11514,#9034,#9035);
#7740=AXIS2_PLACEMENT_3D('',#11516,#9036,#9037);
#7741=AXIS2_PLACEMENT_3D('',#11518,#9038,#9039);
#7742=AXIS2_PLACEMENT_3D('',#11520,#9040,#9041);
#7743=AXIS2_PLACEMENT_3D('',#11522,#9042,#9043);
#7744=AXIS2_PLACEMENT_3D('',#11524,#9044,#9045);
#7745=AXIS2_PLACEMENT_3D('',#11526,#9046,#9047);
#7746=AXIS2_PLACEMENT_3D('',#11528,#9048,#9049);
#7747=AXIS2_PLACEMENT_3D('',#11530,#9050,#9051);
#7748=AXIS2_PLACEMENT_3D('',#11532,#9052,#9053);
#7749=AXIS2_PLACEMENT_3D('',#11534,#9054,#9055);
#7750=AXIS2_PLACEMENT_3D('',#11536,#9056,#9057);
#7751=AXIS2_PLACEMENT_3D('',#11538,#9058,#9059);
#7752=AXIS2_PLACEMENT_3D('',#11540,#9060,#9061);
#7753=AXIS2_PLACEMENT_3D('',#11542,#9062,#9063);
#7754=AXIS2_PLACEMENT_3D('',#11544,#9064,#9065);
#7755=AXIS2_PLACEMENT_3D('',#11546,#9066,#9067);
#7756=AXIS2_PLACEMENT_3D('',#11548,#9068,#9069);
#7757=AXIS2_PLACEMENT_3D('',#11550,#9070,#9071);
#7758=AXIS2_PLACEMENT_3D('',#11552,#9072,#9073);
#7759=AXIS2_PLACEMENT_3D('',#11554,#9074,#9075);
#7760=AXIS2_PLACEMENT_3D('',#11556,#9076,#9077);
#7761=AXIS2_PLACEMENT_3D('',#11558,#9078,#9079);
#7762=AXIS2_PLACEMENT_3D('',#11560,#9080,#9081);
#7763=AXIS2_PLACEMENT_3D('',#11562,#9082,#9083);
#7764=AXIS2_PLACEMENT_3D('',#11564,#9084,#9085);
#7765=AXIS2_PLACEMENT_3D('',#11566,#9086,#9087);
#7766=AXIS2_PLACEMENT_3D('',#11568,#9088,#9089);
#7767=AXIS2_PLACEMENT_3D('',#11570,#9090,#9091);
#7768=AXIS2_PLACEMENT_3D('',#11572,#9092,#9093);
#7769=AXIS2_PLACEMENT_3D('',#11574,#9094,#9095);
#7770=AXIS2_PLACEMENT_3D('',#11576,#9096,#9097);
#7771=AXIS2_PLACEMENT_3D('',#11578,#9098,#9099);
#7772=AXIS2_PLACEMENT_3D('',#11580,#9100,#9101);
#7773=AXIS2_PLACEMENT_3D('',#11582,#9102,#9103);
#7774=AXIS2_PLACEMENT_3D('',#11584,#9104,#9105);
#7775=AXIS2_PLACEMENT_3D('',#11586,#9106,#9107);
#7776=AXIS2_PLACEMENT_3D('',#11588,#9108,#9109);
#7777=AXIS2_PLACEMENT_3D('',#11590,#9110,#9111);
#7778=AXIS2_PLACEMENT_3D('',#11592,#9112,#9113);
#7779=AXIS2_PLACEMENT_3D('',#11594,#9114,#9115);
#7780=AXIS2_PLACEMENT_3D('',#11596,#9116,#9117);
#7781=AXIS2_PLACEMENT_3D('',#11598,#9118,#9119);
#7782=AXIS2_PLACEMENT_3D('',#11600,#9120,#9121);
#7783=AXIS2_PLACEMENT_3D('',#11602,#9122,#9123);
#7784=AXIS2_PLACEMENT_3D('',#11604,#9124,#9125);
#7785=AXIS2_PLACEMENT_3D('',#11606,#9126,#9127);
#7786=AXIS2_PLACEMENT_3D('',#11608,#9128,#9129);
#7787=AXIS2_PLACEMENT_3D('',#11610,#9130,#9131);
#7788=AXIS2_PLACEMENT_3D('',#11612,#9132,#9133);
#7789=AXIS2_PLACEMENT_3D('',#11614,#9134,#9135);
#7790=AXIS2_PLACEMENT_3D('',#11616,#9136,#9137);
#7791=AXIS2_PLACEMENT_3D('',#11618,#9138,#9139);
#7792=AXIS2_PLACEMENT_3D('',#11620,#9140,#9141);
#7793=AXIS2_PLACEMENT_3D('',#11622,#9142,#9143);
#7794=AXIS2_PLACEMENT_3D('',#11624,#9144,#9145);
#7795=AXIS2_PLACEMENT_3D('',#11626,#9146,#9147);
#7796=AXIS2_PLACEMENT_3D('',#11628,#9148,#9149);
#7797=AXIS2_PLACEMENT_3D('',#11630,#9150,#9151);
#7798=AXIS2_PLACEMENT_3D('',#11632,#9152,#9153);
#7799=AXIS2_PLACEMENT_3D('',#11634,#9154,#9155);
#7800=AXIS2_PLACEMENT_3D('',#11636,#9156,#9157);
#7801=AXIS2_PLACEMENT_3D('',#11638,#9158,#9159);
#7802=AXIS2_PLACEMENT_3D('',#11640,#9160,#9161);
#7803=AXIS2_PLACEMENT_3D('',#11642,#9162,#9163);
#7804=AXIS2_PLACEMENT_3D('',#11644,#9164,#9165);
#7805=AXIS2_PLACEMENT_3D('',#11646,#9166,#9167);
#7806=AXIS2_PLACEMENT_3D('',#11648,#9168,#9169);
#7807=AXIS2_PLACEMENT_3D('',#11650,#9170,#9171);
#7808=AXIS2_PLACEMENT_3D('',#11653,#9172,#9173);
#7809=AXIS2_PLACEMENT_3D('',#11655,#9174,#9175);
#7810=AXIS2_PLACEMENT_3D('',#11657,#9176,#9177);
#7811=AXIS2_PLACEMENT_3D('',#11659,#9178,#9179);
#7812=AXIS2_PLACEMENT_3D('',#11661,#9180,#9181);
#7813=AXIS2_PLACEMENT_3D('',#11662,#9182,#9183);
#7814=AXIS2_PLACEMENT_3D('',#11665,#9184,#9185);
#7815=AXIS2_PLACEMENT_3D('',#11667,#9186,#9187);
#7816=AXIS2_PLACEMENT_3D('',#11669,#9188,#9189);
#7817=AXIS2_PLACEMENT_3D('',#11671,#9190,#9191);
#7818=AXIS2_PLACEMENT_3D('',#11673,#9192,#9193);
#7819=AXIS2_PLACEMENT_3D('',#11674,#9194,#9195);
#7820=AXIS2_PLACEMENT_3D('',#11677,#9196,#9197);
#7821=AXIS2_PLACEMENT_3D('',#11679,#9198,#9199);
#7822=AXIS2_PLACEMENT_3D('',#11681,#9200,#9201);
#7823=AXIS2_PLACEMENT_3D('',#11683,#9202,#9203);
#7824=AXIS2_PLACEMENT_3D('',#11685,#9204,#9205);
#7825=AXIS2_PLACEMENT_3D('',#11686,#9206,#9207);
#7826=AXIS2_PLACEMENT_3D('',#11689,#9208,#9209);
#7827=AXIS2_PLACEMENT_3D('',#11691,#9210,#9211);
#7828=AXIS2_PLACEMENT_3D('',#11693,#9212,#9213);
#7829=AXIS2_PLACEMENT_3D('',#11695,#9214,#9215);
#7830=AXIS2_PLACEMENT_3D('',#11697,#9216,#9217);
#7831=AXIS2_PLACEMENT_3D('',#11698,#9218,#9219);
#7832=AXIS2_PLACEMENT_3D('',#11701,#9220,#9221);
#7833=AXIS2_PLACEMENT_3D('',#11703,#9222,#9223);
#7834=AXIS2_PLACEMENT_3D('',#11705,#9224,#9225);
#7835=AXIS2_PLACEMENT_3D('',#11707,#9226,#9227);
#7836=AXIS2_PLACEMENT_3D('',#11709,#9228,#9229);
#7837=AXIS2_PLACEMENT_3D('',#11710,#9230,#9231);
#7838=AXIS2_PLACEMENT_3D('',#11713,#9232,#9233);
#7839=AXIS2_PLACEMENT_3D('',#11715,#9234,#9235);
#7840=AXIS2_PLACEMENT_3D('',#11717,#9236,#9237);
#7841=AXIS2_PLACEMENT_3D('',#11719,#9238,#9239);
#7842=AXIS2_PLACEMENT_3D('',#11721,#9240,#9241);
#7843=AXIS2_PLACEMENT_3D('',#11722,#9242,#9243);
#7844=AXIS2_PLACEMENT_3D('',#11725,#9244,#9245);
#7845=AXIS2_PLACEMENT_3D('',#11726,#9246,#9247);
#7846=AXIS2_PLACEMENT_3D('',#11728,#9248,#9249);
#7847=AXIS2_PLACEMENT_3D('',#11729,#9250,#9251);
#7848=AXIS2_PLACEMENT_3D('',#11731,#9252,#9253);
#7849=AXIS2_PLACEMENT_3D('',#11732,#9254,#9255);
#7850=AXIS2_PLACEMENT_3D('',#11734,#9256,#9257);
#7851=AXIS2_PLACEMENT_3D('',#11735,#9258,#9259);
#7852=AXIS2_PLACEMENT_3D('',#11737,#9260,#9261);
#7853=AXIS2_PLACEMENT_3D('',#11738,#9262,#9263);
#7854=AXIS2_PLACEMENT_3D('',#11740,#9264,#9265);
#7855=AXIS2_PLACEMENT_3D('',#11741,#9266,#9267);
#7856=AXIS2_PLACEMENT_3D('',#11743,#9268,#9269);
#7857=AXIS2_PLACEMENT_3D('',#11744,#9270,#9271);
#7858=AXIS2_PLACEMENT_3D('',#11746,#9272,#9273);
#7859=AXIS2_PLACEMENT_3D('',#11747,#9274,#9275);
#7860=AXIS2_PLACEMENT_3D('',#11749,#9276,#9277);
#7861=AXIS2_PLACEMENT_3D('',#11750,#9278,#9279);
#7862=AXIS2_PLACEMENT_3D('',#11752,#9280,#9281);
#7863=AXIS2_PLACEMENT_3D('',#11753,#9282,#9283);
#7864=AXIS2_PLACEMENT_3D('',#11755,#9284,#9285);
#7865=AXIS2_PLACEMENT_3D('',#11756,#9286,#9287);
#7866=AXIS2_PLACEMENT_3D('',#11758,#9288,#9289);
#7867=AXIS2_PLACEMENT_3D('',#11759,#9290,#9291);
#7868=AXIS2_PLACEMENT_3D('',#11761,#9292,#9293);
#7869=AXIS2_PLACEMENT_3D('',#11762,#9294,#9295);
#7870=AXIS2_PLACEMENT_3D('',#11764,#9296,#9297);
#7871=AXIS2_PLACEMENT_3D('',#11765,#9298,#9299);
#7872=AXIS2_PLACEMENT_3D('',#11767,#9300,#9301);
#7873=AXIS2_PLACEMENT_3D('',#11768,#9302,#9303);
#7874=AXIS2_PLACEMENT_3D('',#11770,#9304,#9305);
#7875=AXIS2_PLACEMENT_3D('',#11771,#9306,#9307);
#7876=AXIS2_PLACEMENT_3D('',#11773,#9308,#9309);
#7877=AXIS2_PLACEMENT_3D('',#11774,#9310,#9311);
#7878=AXIS2_PLACEMENT_3D('',#11776,#9312,#9313);
#7879=AXIS2_PLACEMENT_3D('',#11777,#9314,#9315);
#7880=AXIS2_PLACEMENT_3D('',#11779,#9316,#9317);
#7881=AXIS2_PLACEMENT_3D('',#11780,#9318,#9319);
#7882=AXIS2_PLACEMENT_3D('',#11782,#9320,#9321);
#7883=AXIS2_PLACEMENT_3D('',#11783,#9322,#9323);
#7884=AXIS2_PLACEMENT_3D('',#11785,#9324,#9325);
#7885=AXIS2_PLACEMENT_3D('',#11786,#9326,#9327);
#7886=AXIS2_PLACEMENT_3D('',#11788,#9328,#9329);
#7887=AXIS2_PLACEMENT_3D('',#11789,#9330,#9331);
#7888=AXIS2_PLACEMENT_3D('',#11791,#9332,#9333);
#7889=AXIS2_PLACEMENT_3D('',#11792,#9334,#9335);
#7890=AXIS2_PLACEMENT_3D('',#11794,#9336,#9337);
#7891=AXIS2_PLACEMENT_3D('',#11795,#9338,#9339);
#7892=AXIS2_PLACEMENT_3D('',#11797,#9340,#9341);
#7893=AXIS2_PLACEMENT_3D('',#11798,#9342,#9343);
#7894=AXIS2_PLACEMENT_3D('',#11800,#9344,#9345);
#7895=AXIS2_PLACEMENT_3D('',#11801,#9346,#9347);
#7896=AXIS2_PLACEMENT_3D('',#11803,#9348,#9349);
#7897=AXIS2_PLACEMENT_3D('',#11804,#9350,#9351);
#7898=AXIS2_PLACEMENT_3D('',#11806,#9352,#9353);
#7899=AXIS2_PLACEMENT_3D('',#11807,#9354,#9355);
#7900=AXIS2_PLACEMENT_3D('',#11809,#9356,#9357);
#7901=AXIS2_PLACEMENT_3D('',#11810,#9358,#9359);
#7902=AXIS2_PLACEMENT_3D('',#11812,#9360,#9361);
#7903=AXIS2_PLACEMENT_3D('',#11813,#9362,#9363);
#7904=AXIS2_PLACEMENT_3D('',#11815,#9364,#9365);
#7905=AXIS2_PLACEMENT_3D('',#11816,#9366,#9367);
#7906=AXIS2_PLACEMENT_3D('',#11818,#9368,#9369);
#7907=AXIS2_PLACEMENT_3D('',#11819,#9370,#9371);
#7908=AXIS2_PLACEMENT_3D('',#11821,#9372,#9373);
#7909=AXIS2_PLACEMENT_3D('',#11822,#9374,#9375);
#7910=AXIS2_PLACEMENT_3D('',#11824,#9376,#9377);
#7911=AXIS2_PLACEMENT_3D('',#11825,#9378,#9379);
#7912=AXIS2_PLACEMENT_3D('',#11827,#9380,#9381);
#7913=AXIS2_PLACEMENT_3D('',#11828,#9382,#9383);
#7914=AXIS2_PLACEMENT_3D('',#11830,#9384,#9385);
#7915=AXIS2_PLACEMENT_3D('',#11831,#9386,#9387);
#7916=AXIS2_PLACEMENT_3D('',#11833,#9388,#9389);
#7917=AXIS2_PLACEMENT_3D('',#11834,#9390,#9391);
#7918=AXIS2_PLACEMENT_3D('',#11836,#9392,#9393);
#7919=AXIS2_PLACEMENT_3D('',#11837,#9394,#9395);
#7920=AXIS2_PLACEMENT_3D('',#11839,#9396,#9397);
#7921=AXIS2_PLACEMENT_3D('',#11840,#9398,#9399);
#7922=AXIS2_PLACEMENT_3D('',#11842,#9400,#9401);
#7923=AXIS2_PLACEMENT_3D('',#11843,#9402,#9403);
#7924=AXIS2_PLACEMENT_3D('',#11845,#9404,#9405);
#7925=AXIS2_PLACEMENT_3D('',#11846,#9406,#9407);
#7926=AXIS2_PLACEMENT_3D('',#11848,#9408,#9409);
#7927=AXIS2_PLACEMENT_3D('',#11849,#9410,#9411);
#7928=AXIS2_PLACEMENT_3D('',#11851,#9412,#9413);
#7929=AXIS2_PLACEMENT_3D('',#11852,#9414,#9415);
#7930=AXIS2_PLACEMENT_3D('',#11854,#9416,#9417);
#7931=AXIS2_PLACEMENT_3D('',#11855,#9418,#9419);
#7932=AXIS2_PLACEMENT_3D('',#11857,#9420,#9421);
#7933=AXIS2_PLACEMENT_3D('',#11858,#9422,#9423);
#7934=AXIS2_PLACEMENT_3D('',#11860,#9424,#9425);
#7935=AXIS2_PLACEMENT_3D('',#11861,#9426,#9427);
#7936=AXIS2_PLACEMENT_3D('',#11863,#9428,#9429);
#7937=AXIS2_PLACEMENT_3D('',#11864,#9430,#9431);
#7938=AXIS2_PLACEMENT_3D('',#11866,#9432,#9433);
#7939=AXIS2_PLACEMENT_3D('',#11867,#9434,#9435);
#7940=AXIS2_PLACEMENT_3D('',#11869,#9436,#9437);
#7941=AXIS2_PLACEMENT_3D('',#11870,#9438,#9439);
#7942=AXIS2_PLACEMENT_3D('',#11872,#9440,#9441);
#7943=AXIS2_PLACEMENT_3D('',#11873,#9442,#9443);
#7944=AXIS2_PLACEMENT_3D('',#11874,#9444,#9445);
#7945=AXIS2_PLACEMENT_3D('',#11875,#9446,#9447);
#7946=AXIS2_PLACEMENT_3D('',#11884,#9452,#9453);
#7947=AXIS2_PLACEMENT_3D('',#11888,#9455,#9456);
#7948=AXIS2_PLACEMENT_3D('',#11892,#9459,#9460);
#7949=AXIS2_PLACEMENT_3D('',#11897,#9463,#9464);
#7950=AXIS2_PLACEMENT_3D('',#11899,#9466,#9467);
#7951=AXIS2_PLACEMENT_3D('',#11908,#9472,#9473);
#7952=AXIS2_PLACEMENT_3D('',#11909,#9474,#9475);
#7953=AXIS2_PLACEMENT_3D('',#11910,#9476,#9477);
#7954=AXIS2_PLACEMENT_3D('',#11911,#9478,#9479);
#7955=AXIS2_PLACEMENT_3D('',#11912,#9480,#9481);
#7956=AXIS2_PLACEMENT_3D('',#11913,#9482,#9483);
#7957=AXIS2_PLACEMENT_3D('',#11916,#9485,#9486);
#7958=AXIS2_PLACEMENT_3D('',#11919,#9488,#9489);
#7959=AXIS2_PLACEMENT_3D('',#11920,#9490,#9491);
#7960=AXIS2_PLACEMENT_3D('',#11925,#9494,#9495);
#7961=AXIS2_PLACEMENT_3D('',#11926,#9496,#9497);
#7962=AXIS2_PLACEMENT_3D('',#11931,#9500,#9501);
#7963=AXIS2_PLACEMENT_3D('',#11932,#9502,#9503);
#7964=AXIS2_PLACEMENT_3D('',#11937,#9506,#9507);
#7965=AXIS2_PLACEMENT_3D('',#11938,#9508,#9509);
#7966=AXIS2_PLACEMENT_3D('',#11943,#9512,#9513);
#7967=AXIS2_PLACEMENT_3D('',#11946,#9515,#9516);
#7968=AXIS2_PLACEMENT_3D('',#11949,#9518,#9519);
#7969=AXIS2_PLACEMENT_3D('',#11950,#9520,#9521);
#7970=AXIS2_PLACEMENT_3D('',#11955,#9524,#9525);
#7971=AXIS2_PLACEMENT_3D('',#11956,#9526,#9527);
#7972=AXIS2_PLACEMENT_3D('',#11961,#9530,#9531);
#7973=AXIS2_PLACEMENT_3D('',#11962,#9532,#9533);
#7974=AXIS2_PLACEMENT_3D('',#11967,#9536,#9537);
#7975=AXIS2_PLACEMENT_3D('',#11968,#9538,#9539);
#7976=AXIS2_PLACEMENT_3D('',#11973,#9542,#9543);
#7977=AXIS2_PLACEMENT_3D('',#11974,#9544,#9545);
#7978=AXIS2_PLACEMENT_3D('',#11979,#9548,#9549);
#7979=AXIS2_PLACEMENT_3D('',#11980,#9550,#9551);
#7980=AXIS2_PLACEMENT_3D('',#11985,#9554,#9555);
#7981=AXIS2_PLACEMENT_3D('',#11986,#9556,#9557);
#7982=AXIS2_PLACEMENT_3D('',#11991,#9560,#9561);
#7983=AXIS2_PLACEMENT_3D('',#11992,#9562,#9563);
#7984=AXIS2_PLACEMENT_3D('',#11997,#9566,#9567);
#7985=AXIS2_PLACEMENT_3D('',#11998,#9568,#9569);
#7986=AXIS2_PLACEMENT_3D('',#12000,#9570,#9571);
#7987=AXIS2_PLACEMENT_3D('',#12001,#9572,#9573);
#7988=AXIS2_PLACEMENT_3D('',#12003,#9574,#9575);
#7989=AXIS2_PLACEMENT_3D('',#12004,#9576,#9577);
#7990=AXIS2_PLACEMENT_3D('',#12006,#9578,#9579);
#7991=AXIS2_PLACEMENT_3D('',#12007,#9580,#9581);
#7992=AXIS2_PLACEMENT_3D('',#12009,#9582,#9583);
#7993=AXIS2_PLACEMENT_3D('',#12010,#9584,#9585);
#7994=AXIS2_PLACEMENT_3D('',#12012,#9586,#9587);
#7995=AXIS2_PLACEMENT_3D('',#12013,#9588,#9589);
#7996=AXIS2_PLACEMENT_3D('',#12015,#9590,#9591);
#7997=AXIS2_PLACEMENT_3D('',#12016,#9592,#9593);
#7998=AXIS2_PLACEMENT_3D('',#12018,#9594,#9595);
#7999=AXIS2_PLACEMENT_3D('',#12019,#9596,#9597);
#8000=AXIS2_PLACEMENT_3D('',#12021,#9598,#9599);
#8001=AXIS2_PLACEMENT_3D('',#12022,#9600,#9601);
#8002=AXIS2_PLACEMENT_3D('',#12024,#9602,#9603);
#8003=AXIS2_PLACEMENT_3D('',#12025,#9604,#9605);
#8004=AXIS2_PLACEMENT_3D('',#12027,#9606,#9607);
#8005=AXIS2_PLACEMENT_3D('',#12028,#9608,#9609);
#8006=AXIS2_PLACEMENT_3D('',#12030,#9610,#9611);
#8007=AXIS2_PLACEMENT_3D('',#12031,#9612,#9613);
#8008=AXIS2_PLACEMENT_3D('',#12033,#9614,#9615);
#8009=AXIS2_PLACEMENT_3D('',#12034,#9616,#9617);
#8010=AXIS2_PLACEMENT_3D('',#12036,#9618,#9619);
#8011=AXIS2_PLACEMENT_3D('',#12037,#9620,#9621);
#8012=AXIS2_PLACEMENT_3D('',#12039,#9622,#9623);
#8013=AXIS2_PLACEMENT_3D('',#12040,#9624,#9625);
#8014=AXIS2_PLACEMENT_3D('',#12042,#9626,#9627);
#8015=AXIS2_PLACEMENT_3D('',#12043,#9628,#9629);
#8016=AXIS2_PLACEMENT_3D('',#12045,#9630,#9631);
#8017=AXIS2_PLACEMENT_3D('',#12046,#9632,#9633);
#8018=AXIS2_PLACEMENT_3D('',#12048,#9634,#9635);
#8019=AXIS2_PLACEMENT_3D('',#12049,#9636,#9637);
#8020=AXIS2_PLACEMENT_3D('',#12051,#9638,#9639);
#8021=AXIS2_PLACEMENT_3D('',#12052,#9640,#9641);
#8022=AXIS2_PLACEMENT_3D('',#12054,#9642,#9643);
#8023=AXIS2_PLACEMENT_3D('',#12055,#9644,#9645);
#8024=AXIS2_PLACEMENT_3D('',#12057,#9646,#9647);
#8025=AXIS2_PLACEMENT_3D('',#12058,#9648,#9649);
#8026=AXIS2_PLACEMENT_3D('',#12060,#9650,#9651);
#8027=AXIS2_PLACEMENT_3D('',#12061,#9652,#9653);
#8028=AXIS2_PLACEMENT_3D('',#12063,#9654,#9655);
#8029=AXIS2_PLACEMENT_3D('',#12064,#9656,#9657);
#8030=AXIS2_PLACEMENT_3D('',#12066,#9658,#9659);
#8031=AXIS2_PLACEMENT_3D('',#12067,#9660,#9661);
#8032=AXIS2_PLACEMENT_3D('',#12069,#9662,#9663);
#8033=AXIS2_PLACEMENT_3D('',#12070,#9664,#9665);
#8034=AXIS2_PLACEMENT_3D('',#12072,#9666,#9667);
#8035=AXIS2_PLACEMENT_3D('',#12073,#9668,#9669);
#8036=AXIS2_PLACEMENT_3D('',#12075,#9670,#9671);
#8037=AXIS2_PLACEMENT_3D('',#12076,#9672,#9673);
#8038=AXIS2_PLACEMENT_3D('',#12078,#9674,#9675);
#8039=AXIS2_PLACEMENT_3D('',#12079,#9676,#9677);
#8040=AXIS2_PLACEMENT_3D('',#12081,#9678,#9679);
#8041=AXIS2_PLACEMENT_3D('',#12082,#9680,#9681);
#8042=AXIS2_PLACEMENT_3D('',#12084,#9682,#9683);
#8043=AXIS2_PLACEMENT_3D('',#12085,#9684,#9685);
#8044=AXIS2_PLACEMENT_3D('',#12087,#9686,#9687);
#8045=AXIS2_PLACEMENT_3D('',#12088,#9688,#9689);
#8046=AXIS2_PLACEMENT_3D('',#12090,#9690,#9691);
#8047=AXIS2_PLACEMENT_3D('',#12091,#9692,#9693);
#8048=AXIS2_PLACEMENT_3D('',#12093,#9694,#9695);
#8049=AXIS2_PLACEMENT_3D('',#12094,#9696,#9697);
#8050=AXIS2_PLACEMENT_3D('',#12096,#9698,#9699);
#8051=AXIS2_PLACEMENT_3D('',#12097,#9700,#9701);
#8052=AXIS2_PLACEMENT_3D('',#12099,#9702,#9703);
#8053=AXIS2_PLACEMENT_3D('',#12100,#9704,#9705);
#8054=AXIS2_PLACEMENT_3D('',#12102,#9706,#9707);
#8055=AXIS2_PLACEMENT_3D('',#12103,#9708,#9709);
#8056=AXIS2_PLACEMENT_3D('',#12105,#9710,#9711);
#8057=AXIS2_PLACEMENT_3D('',#12106,#9712,#9713);
#8058=AXIS2_PLACEMENT_3D('',#12108,#9714,#9715);
#8059=AXIS2_PLACEMENT_3D('',#12109,#9716,#9717);
#8060=AXIS2_PLACEMENT_3D('',#12111,#9718,#9719);
#8061=AXIS2_PLACEMENT_3D('',#12112,#9720,#9721);
#8062=AXIS2_PLACEMENT_3D('',#12114,#9722,#9723);
#8063=AXIS2_PLACEMENT_3D('',#12115,#9724,#9725);
#8064=AXIS2_PLACEMENT_3D('',#12117,#9726,#9727);
#8065=AXIS2_PLACEMENT_3D('',#12118,#9728,#9729);
#8066=AXIS2_PLACEMENT_3D('',#12120,#9730,#9731);
#8067=AXIS2_PLACEMENT_3D('',#12121,#9732,#9733);
#8068=AXIS2_PLACEMENT_3D('',#12123,#9734,#9735);
#8069=AXIS2_PLACEMENT_3D('',#12124,#9736,#9737);
#8070=AXIS2_PLACEMENT_3D('',#12126,#9738,#9739);
#8071=AXIS2_PLACEMENT_3D('',#12127,#9740,#9741);
#8072=AXIS2_PLACEMENT_3D('',#12129,#9742,#9743);
#8073=AXIS2_PLACEMENT_3D('',#12130,#9744,#9745);
#8074=AXIS2_PLACEMENT_3D('',#12132,#9746,#9747);
#8075=AXIS2_PLACEMENT_3D('',#12133,#9748,#9749);
#8076=AXIS2_PLACEMENT_3D('',#12135,#9750,#9751);
#8077=AXIS2_PLACEMENT_3D('',#12136,#9752,#9753);
#8078=AXIS2_PLACEMENT_3D('',#12138,#9754,#9755);
#8079=AXIS2_PLACEMENT_3D('',#12139,#9756,#9757);
#8080=AXIS2_PLACEMENT_3D('',#12141,#9758,#9759);
#8081=AXIS2_PLACEMENT_3D('',#12142,#9760,#9761);
#8082=AXIS2_PLACEMENT_3D('',#12144,#9762,#9763);
#8083=AXIS2_PLACEMENT_3D('',#12145,#9764,#9765);
#8084=AXIS2_PLACEMENT_3D('',#12147,#9766,#9767);
#8085=AXIS2_PLACEMENT_3D('',#12148,#9768,#9769);
#8086=AXIS2_PLACEMENT_3D('',#12150,#9770,#9771);
#8087=AXIS2_PLACEMENT_3D('',#12151,#9772,#9773);
#8088=AXIS2_PLACEMENT_3D('',#12153,#9774,#9775);
#8089=AXIS2_PLACEMENT_3D('',#12154,#9776,#9777);
#8090=AXIS2_PLACEMENT_3D('',#12156,#9778,#9779);
#8091=AXIS2_PLACEMENT_3D('',#12157,#9780,#9781);
#8092=AXIS2_PLACEMENT_3D('',#12159,#9782,#9783);
#8093=AXIS2_PLACEMENT_3D('',#12160,#9784,#9785);
#8094=AXIS2_PLACEMENT_3D('',#12162,#9786,#9787);
#8095=AXIS2_PLACEMENT_3D('',#12163,#9788,#9789);
#8096=AXIS2_PLACEMENT_3D('',#12165,#9790,#9791);
#8097=AXIS2_PLACEMENT_3D('',#12166,#9792,#9793);
#8098=AXIS2_PLACEMENT_3D('',#12168,#9794,#9795);
#8099=AXIS2_PLACEMENT_3D('',#12169,#9796,#9797);
#8100=AXIS2_PLACEMENT_3D('',#12171,#9798,#9799);
#8101=AXIS2_PLACEMENT_3D('',#12172,#9800,#9801);
#8102=AXIS2_PLACEMENT_3D('',#12174,#9802,#9803);
#8103=AXIS2_PLACEMENT_3D('',#12175,#9804,#9805);
#8104=AXIS2_PLACEMENT_3D('',#12177,#9806,#9807);
#8105=AXIS2_PLACEMENT_3D('',#12178,#9808,#9809);
#8106=AXIS2_PLACEMENT_3D('',#12180,#9810,#9811);
#8107=AXIS2_PLACEMENT_3D('',#12181,#9812,#9813);
#8108=AXIS2_PLACEMENT_3D('',#12183,#9814,#9815);
#8109=AXIS2_PLACEMENT_3D('',#12184,#9816,#9817);
#8110=AXIS2_PLACEMENT_3D('',#12186,#9818,#9819);
#8111=AXIS2_PLACEMENT_3D('',#12187,#9820,#9821);
#8112=AXIS2_PLACEMENT_3D('',#12189,#9822,#9823);
#8113=AXIS2_PLACEMENT_3D('',#12190,#9824,#9825);
#8114=AXIS2_PLACEMENT_3D('',#12192,#9826,#9827);
#8115=AXIS2_PLACEMENT_3D('',#12193,#9828,#9829);
#8116=AXIS2_PLACEMENT_3D('',#12195,#9830,#9831);
#8117=AXIS2_PLACEMENT_3D('',#12196,#9832,#9833);
#8118=AXIS2_PLACEMENT_3D('',#12198,#9834,#9835);
#8119=AXIS2_PLACEMENT_3D('',#12199,#9836,#9837);
#8120=AXIS2_PLACEMENT_3D('',#12201,#9838,#9839);
#8121=AXIS2_PLACEMENT_3D('',#12202,#9840,#9841);
#8122=AXIS2_PLACEMENT_3D('',#12204,#9842,#9843);
#8123=AXIS2_PLACEMENT_3D('',#12205,#9844,#9845);
#8124=AXIS2_PLACEMENT_3D('',#12207,#9846,#9847);
#8125=AXIS2_PLACEMENT_3D('',#12208,#9848,#9849);
#8126=AXIS2_PLACEMENT_3D('',#12210,#9850,#9851);
#8127=AXIS2_PLACEMENT_3D('',#12211,#9852,#9853);
#8128=AXIS2_PLACEMENT_3D('',#12213,#9854,#9855);
#8129=AXIS2_PLACEMENT_3D('',#12214,#9856,#9857);
#8130=AXIS2_PLACEMENT_3D('',#12216,#9858,#9859);
#8131=AXIS2_PLACEMENT_3D('',#12217,#9860,#9861);
#8132=AXIS2_PLACEMENT_3D('',#12219,#9862,#9863);
#8133=AXIS2_PLACEMENT_3D('',#12220,#9864,#9865);
#8134=AXIS2_PLACEMENT_3D('',#12222,#9866,#9867);
#8135=AXIS2_PLACEMENT_3D('',#12223,#9868,#9869);
#8136=AXIS2_PLACEMENT_3D('',#12225,#9870,#9871);
#8137=AXIS2_PLACEMENT_3D('',#12226,#9872,#9873);
#8138=AXIS2_PLACEMENT_3D('',#12228,#9874,#9875);
#8139=AXIS2_PLACEMENT_3D('',#12229,#9876,#9877);
#8140=AXIS2_PLACEMENT_3D('',#12231,#9878,#9879);
#8141=AXIS2_PLACEMENT_3D('',#12232,#9880,#9881);
#8142=AXIS2_PLACEMENT_3D('',#12234,#9882,#9883);
#8143=AXIS2_PLACEMENT_3D('',#12235,#9884,#9885);
#8144=AXIS2_PLACEMENT_3D('',#12237,#9886,#9887);
#8145=AXIS2_PLACEMENT_3D('',#12238,#9888,#9889);
#8146=AXIS2_PLACEMENT_3D('',#12240,#9890,#9891);
#8147=AXIS2_PLACEMENT_3D('',#12241,#9892,#9893);
#8148=AXIS2_PLACEMENT_3D('',#12243,#9894,#9895);
#8149=AXIS2_PLACEMENT_3D('',#12244,#9896,#9897);
#8150=AXIS2_PLACEMENT_3D('',#12246,#9898,#9899);
#8151=AXIS2_PLACEMENT_3D('',#12247,#9900,#9901);
#8152=AXIS2_PLACEMENT_3D('',#12249,#9902,#9903);
#8153=AXIS2_PLACEMENT_3D('',#12250,#9904,#9905);
#8154=AXIS2_PLACEMENT_3D('',#12252,#9906,#9907);
#8155=AXIS2_PLACEMENT_3D('',#12253,#9908,#9909);
#8156=AXIS2_PLACEMENT_3D('',#12255,#9910,#9911);
#8157=AXIS2_PLACEMENT_3D('',#12256,#9912,#9913);
#8158=AXIS2_PLACEMENT_3D('',#12258,#9914,#9915);
#8159=AXIS2_PLACEMENT_3D('',#12259,#9916,#9917);
#8160=AXIS2_PLACEMENT_3D('',#12261,#9918,#9919);
#8161=AXIS2_PLACEMENT_3D('',#12262,#9920,#9921);
#8162=AXIS2_PLACEMENT_3D('',#12264,#9922,#9923);
#8163=AXIS2_PLACEMENT_3D('',#12265,#9924,#9925);
#8164=AXIS2_PLACEMENT_3D('',#12267,#9926,#9927);
#8165=AXIS2_PLACEMENT_3D('',#12268,#9928,#9929);
#8166=AXIS2_PLACEMENT_3D('',#12270,#9930,#9931);
#8167=AXIS2_PLACEMENT_3D('',#12271,#9932,#9933);
#8168=AXIS2_PLACEMENT_3D('',#12273,#9934,#9935);
#8169=AXIS2_PLACEMENT_3D('',#12274,#9936,#9937);
#8170=AXIS2_PLACEMENT_3D('',#12276,#9938,#9939);
#8171=AXIS2_PLACEMENT_3D('',#12277,#9940,#9941);
#8172=AXIS2_PLACEMENT_3D('',#12279,#9942,#9943);
#8173=AXIS2_PLACEMENT_3D('',#12280,#9944,#9945);
#8174=AXIS2_PLACEMENT_3D('',#12282,#9946,#9947);
#8175=AXIS2_PLACEMENT_3D('',#12283,#9948,#9949);
#8176=AXIS2_PLACEMENT_3D('',#12285,#9950,#9951);
#8177=AXIS2_PLACEMENT_3D('',#12286,#9952,#9953);
#8178=AXIS2_PLACEMENT_3D('',#12288,#9954,#9955);
#8179=AXIS2_PLACEMENT_3D('',#12289,#9956,#9957);
#8180=AXIS2_PLACEMENT_3D('',#12291,#9958,#9959);
#8181=AXIS2_PLACEMENT_3D('',#12292,#9960,#9961);
#8182=AXIS2_PLACEMENT_3D('',#12294,#9962,#9963);
#8183=AXIS2_PLACEMENT_3D('',#12295,#9964,#9965);
#8184=AXIS2_PLACEMENT_3D('',#12297,#9966,#9967);
#8185=AXIS2_PLACEMENT_3D('',#12298,#9968,#9969);
#8186=AXIS2_PLACEMENT_3D('',#12300,#9970,#9971);
#8187=AXIS2_PLACEMENT_3D('',#12301,#9972,#9973);
#8188=AXIS2_PLACEMENT_3D('',#12303,#9974,#9975);
#8189=AXIS2_PLACEMENT_3D('',#12304,#9976,#9977);
#8190=AXIS2_PLACEMENT_3D('',#12306,#9978,#9979);
#8191=AXIS2_PLACEMENT_3D('',#12307,#9980,#9981);
#8192=AXIS2_PLACEMENT_3D('',#12309,#9982,#9983);
#8193=AXIS2_PLACEMENT_3D('',#12310,#9984,#9985);
#8194=AXIS2_PLACEMENT_3D('',#12312,#9986,#9987);
#8195=AXIS2_PLACEMENT_3D('',#12313,#9988,#9989);
#8196=AXIS2_PLACEMENT_3D('',#12315,#9990,#9991);
#8197=AXIS2_PLACEMENT_3D('',#12316,#9992,#9993);
#8198=AXIS2_PLACEMENT_3D('',#12318,#9994,#9995);
#8199=AXIS2_PLACEMENT_3D('',#12319,#9996,#9997);
#8200=AXIS2_PLACEMENT_3D('',#12321,#9998,#9999);
#8201=AXIS2_PLACEMENT_3D('',#12322,#10000,#10001);
#8202=AXIS2_PLACEMENT_3D('',#12324,#10002,#10003);
#8203=AXIS2_PLACEMENT_3D('',#12325,#10004,#10005);
#8204=AXIS2_PLACEMENT_3D('',#12327,#10006,#10007);
#8205=AXIS2_PLACEMENT_3D('',#12328,#10008,#10009);
#8206=AXIS2_PLACEMENT_3D('',#12330,#10010,#10011);
#8207=AXIS2_PLACEMENT_3D('',#12331,#10012,#10013);
#8208=AXIS2_PLACEMENT_3D('',#12333,#10014,#10015);
#8209=AXIS2_PLACEMENT_3D('',#12334,#10016,#10017);
#8210=AXIS2_PLACEMENT_3D('',#12336,#10018,#10019);
#8211=AXIS2_PLACEMENT_3D('',#12337,#10020,#10021);
#8212=AXIS2_PLACEMENT_3D('',#12339,#10022,#10023);
#8213=AXIS2_PLACEMENT_3D('',#12340,#10024,#10025);
#8214=AXIS2_PLACEMENT_3D('',#12342,#10026,#10027);
#8215=AXIS2_PLACEMENT_3D('',#12343,#10028,#10029);
#8216=AXIS2_PLACEMENT_3D('',#12345,#10030,#10031);
#8217=AXIS2_PLACEMENT_3D('',#12346,#10032,#10033);
#8218=AXIS2_PLACEMENT_3D('',#12348,#10034,#10035);
#8219=AXIS2_PLACEMENT_3D('',#12349,#10036,#10037);
#8220=AXIS2_PLACEMENT_3D('',#12351,#10038,#10039);
#8221=AXIS2_PLACEMENT_3D('',#12352,#10040,#10041);
#8222=AXIS2_PLACEMENT_3D('',#12354,#10042,#10043);
#8223=AXIS2_PLACEMENT_3D('',#12355,#10044,#10045);
#8224=AXIS2_PLACEMENT_3D('',#12357,#10046,#10047);
#8225=AXIS2_PLACEMENT_3D('',#12358,#10048,#10049);
#8226=AXIS2_PLACEMENT_3D('',#12360,#10050,#10051);
#8227=AXIS2_PLACEMENT_3D('',#12361,#10052,#10053);
#8228=AXIS2_PLACEMENT_3D('',#12363,#10054,#10055);
#8229=AXIS2_PLACEMENT_3D('',#12364,#10056,#10057);
#8230=AXIS2_PLACEMENT_3D('',#12366,#10058,#10059);
#8231=AXIS2_PLACEMENT_3D('',#12367,#10060,#10061);
#8232=AXIS2_PLACEMENT_3D('',#12369,#10062,#10063);
#8233=AXIS2_PLACEMENT_3D('',#12370,#10064,#10065);
#8234=AXIS2_PLACEMENT_3D('',#12372,#10066,#10067);
#8235=AXIS2_PLACEMENT_3D('',#12373,#10068,#10069);
#8236=AXIS2_PLACEMENT_3D('',#12375,#10070,#10071);
#8237=AXIS2_PLACEMENT_3D('',#12376,#10072,#10073);
#8238=AXIS2_PLACEMENT_3D('',#12378,#10074,#10075);
#8239=AXIS2_PLACEMENT_3D('',#12379,#10076,#10077);
#8240=AXIS2_PLACEMENT_3D('',#12381,#10078,#10079);
#8241=AXIS2_PLACEMENT_3D('',#12382,#10080,#10081);
#8242=AXIS2_PLACEMENT_3D('',#12384,#10082,#10083);
#8243=AXIS2_PLACEMENT_3D('',#12385,#10084,#10085);
#8244=AXIS2_PLACEMENT_3D('',#12387,#10086,#10087);
#8245=AXIS2_PLACEMENT_3D('',#12388,#10088,#10089);
#8246=AXIS2_PLACEMENT_3D('',#12390,#10090,#10091);
#8247=AXIS2_PLACEMENT_3D('',#12391,#10092,#10093);
#8248=AXIS2_PLACEMENT_3D('',#12393,#10094,#10095);
#8249=AXIS2_PLACEMENT_3D('',#12394,#10096,#10097);
#8250=AXIS2_PLACEMENT_3D('',#12396,#10098,#10099);
#8251=AXIS2_PLACEMENT_3D('',#12397,#10100,#10101);
#8252=AXIS2_PLACEMENT_3D('',#12399,#10102,#10103);
#8253=AXIS2_PLACEMENT_3D('',#12400,#10104,#10105);
#8254=AXIS2_PLACEMENT_3D('',#12402,#10106,#10107);
#8255=AXIS2_PLACEMENT_3D('',#12403,#10108,#10109);
#8256=AXIS2_PLACEMENT_3D('',#12405,#10110,#10111);
#8257=AXIS2_PLACEMENT_3D('',#12406,#10112,#10113);
#8258=AXIS2_PLACEMENT_3D('',#12408,#10114,#10115);
#8259=AXIS2_PLACEMENT_3D('',#12409,#10116,#10117);
#8260=AXIS2_PLACEMENT_3D('',#12411,#10118,#10119);
#8261=AXIS2_PLACEMENT_3D('',#12412,#10120,#10121);
#8262=AXIS2_PLACEMENT_3D('',#12414,#10122,#10123);
#8263=AXIS2_PLACEMENT_3D('',#12415,#10124,#10125);
#8264=AXIS2_PLACEMENT_3D('',#12417,#10126,#10127);
#8265=AXIS2_PLACEMENT_3D('',#12418,#10128,#10129);
#8266=AXIS2_PLACEMENT_3D('',#12420,#10130,#10131);
#8267=AXIS2_PLACEMENT_3D('',#12421,#10132,#10133);
#8268=AXIS2_PLACEMENT_3D('',#12423,#10134,#10135);
#8269=AXIS2_PLACEMENT_3D('',#12426,#10137,#10138);
#8270=AXIS2_PLACEMENT_3D('',#12429,#10140,#10141);
#8271=AXIS2_PLACEMENT_3D('',#12432,#10143,#10144);
#8272=AXIS2_PLACEMENT_3D('',#12435,#10146,#10147);
#8273=AXIS2_PLACEMENT_3D('',#12438,#10149,#10150);
#8274=AXIS2_PLACEMENT_3D('',#12441,#10152,#10153);
#8275=AXIS2_PLACEMENT_3D('',#12444,#10155,#10156);
#8276=AXIS2_PLACEMENT_3D('',#12447,#10158,#10159);
#8277=AXIS2_PLACEMENT_3D('',#12450,#10161,#10162);
#8278=AXIS2_PLACEMENT_3D('',#12453,#10164,#10165);
#8279=AXIS2_PLACEMENT_3D('',#12456,#10167,#10168);
#8280=AXIS2_PLACEMENT_3D('',#12459,#10170,#10171);
#8281=AXIS2_PLACEMENT_3D('',#12460,#10172,#10173);
#8282=AXIS2_PLACEMENT_3D('',#12462,#10174,#10175);
#8283=AXIS2_PLACEMENT_3D('',#12463,#10176,#10177);
#8284=AXIS2_PLACEMENT_3D('',#12465,#10178,#10179);
#8285=AXIS2_PLACEMENT_3D('',#12466,#10180,#10181);
#8286=AXIS2_PLACEMENT_3D('',#12468,#10182,#10183);
#8287=AXIS2_PLACEMENT_3D('',#12469,#10184,#10185);
#8288=AXIS2_PLACEMENT_3D('',#12471,#10186,#10187);
#8289=AXIS2_PLACEMENT_3D('',#12472,#10188,#10189);
#8290=AXIS2_PLACEMENT_3D('',#12474,#10190,#10191);
#8291=AXIS2_PLACEMENT_3D('',#12475,#10192,#10193);
#8292=AXIS2_PLACEMENT_3D('',#12477,#10194,#10195);
#8293=AXIS2_PLACEMENT_3D('',#12478,#10196,#10197);
#8294=AXIS2_PLACEMENT_3D('',#12480,#10198,#10199);
#8295=AXIS2_PLACEMENT_3D('',#12481,#10200,#10201);
#8296=AXIS2_PLACEMENT_3D('',#12483,#10202,#10203);
#8297=AXIS2_PLACEMENT_3D('',#12484,#10204,#10205);
#8298=AXIS2_PLACEMENT_3D('',#12486,#10206,#10207);
#8299=AXIS2_PLACEMENT_3D('',#12487,#10208,#10209);
#8300=AXIS2_PLACEMENT_3D('',#12489,#10210,#10211);
#8301=AXIS2_PLACEMENT_3D('',#12490,#10212,#10213);
#8302=AXIS2_PLACEMENT_3D('',#12492,#10214,#10215);
#8303=AXIS2_PLACEMENT_3D('',#12493,#10216,#10217);
#8304=AXIS2_PLACEMENT_3D('',#12495,#10218,#10219);
#8305=AXIS2_PLACEMENT_3D('',#12496,#10220,#10221);
#8306=AXIS2_PLACEMENT_3D('',#12498,#10222,#10223);
#8307=AXIS2_PLACEMENT_3D('',#12499,#10224,#10225);
#8308=AXIS2_PLACEMENT_3D('',#12501,#10226,#10227);
#8309=AXIS2_PLACEMENT_3D('',#12502,#10228,#10229);
#8310=AXIS2_PLACEMENT_3D('',#12504,#10230,#10231);
#8311=AXIS2_PLACEMENT_3D('',#12505,#10232,#10233);
#8312=AXIS2_PLACEMENT_3D('',#12507,#10234,#10235);
#8313=AXIS2_PLACEMENT_3D('',#12508,#10236,#10237);
#8314=AXIS2_PLACEMENT_3D('',#12510,#10238,#10239);
#8315=AXIS2_PLACEMENT_3D('',#12511,#10240,#10241);
#8316=AXIS2_PLACEMENT_3D('',#12513,#10242,#10243);
#8317=AXIS2_PLACEMENT_3D('',#12514,#10244,#10245);
#8318=AXIS2_PLACEMENT_3D('',#12516,#10246,#10247);
#8319=AXIS2_PLACEMENT_3D('',#12517,#10248,#10249);
#8320=AXIS2_PLACEMENT_3D('',#12519,#10250,#10251);
#8321=AXIS2_PLACEMENT_3D('',#12520,#10252,#10253);
#8322=AXIS2_PLACEMENT_3D('',#12522,#10254,#10255);
#8323=AXIS2_PLACEMENT_3D('',#12523,#10256,#10257);
#8324=AXIS2_PLACEMENT_3D('',#12525,#10258,#10259);
#8325=AXIS2_PLACEMENT_3D('',#12526,#10260,#10261);
#8326=AXIS2_PLACEMENT_3D('',#12528,#10262,#10263);
#8327=AXIS2_PLACEMENT_3D('',#12529,#10264,#10265);
#8328=AXIS2_PLACEMENT_3D('',#12531,#10266,#10267);
#8329=AXIS2_PLACEMENT_3D('',#12532,#10268,#10269);
#8330=AXIS2_PLACEMENT_3D('',#12534,#10270,#10271);
#8331=AXIS2_PLACEMENT_3D('',#12535,#10272,#10273);
#8332=AXIS2_PLACEMENT_3D('',#12537,#10274,#10275);
#8333=AXIS2_PLACEMENT_3D('',#12538,#10276,#10277);
#8334=AXIS2_PLACEMENT_3D('',#12540,#10278,#10279);
#8335=AXIS2_PLACEMENT_3D('',#12541,#10280,#10281);
#8336=AXIS2_PLACEMENT_3D('',#12543,#10282,#10283);
#8337=AXIS2_PLACEMENT_3D('',#12544,#10284,#10285);
#8338=AXIS2_PLACEMENT_3D('',#12546,#10286,#10287);
#8339=AXIS2_PLACEMENT_3D('',#12547,#10288,#10289);
#8340=AXIS2_PLACEMENT_3D('',#12549,#10290,#10291);
#8341=AXIS2_PLACEMENT_3D('',#12550,#10292,#10293);
#8342=AXIS2_PLACEMENT_3D('',#12552,#10294,#10295);
#8343=AXIS2_PLACEMENT_3D('',#12553,#10296,#10297);
#8344=AXIS2_PLACEMENT_3D('',#12555,#10298,#10299);
#8345=AXIS2_PLACEMENT_3D('',#12556,#10300,#10301);
#8346=AXIS2_PLACEMENT_3D('',#12558,#10302,#10303);
#8347=AXIS2_PLACEMENT_3D('',#12559,#10304,#10305);
#8348=AXIS2_PLACEMENT_3D('',#12561,#10306,#10307);
#8349=AXIS2_PLACEMENT_3D('',#12562,#10308,#10309);
#8350=AXIS2_PLACEMENT_3D('',#12564,#10310,#10311);
#8351=AXIS2_PLACEMENT_3D('',#12565,#10312,#10313);
#8352=AXIS2_PLACEMENT_3D('',#12567,#10314,#10315);
#8353=AXIS2_PLACEMENT_3D('',#12568,#10316,#10317);
#8354=AXIS2_PLACEMENT_3D('',#12570,#10318,#10319);
#8355=AXIS2_PLACEMENT_3D('',#12571,#10320,#10321);
#8356=AXIS2_PLACEMENT_3D('',#12573,#10322,#10323);
#8357=AXIS2_PLACEMENT_3D('',#12574,#10324,#10325);
#8358=AXIS2_PLACEMENT_3D('',#12576,#10326,#10327);
#8359=AXIS2_PLACEMENT_3D('',#12577,#10328,#10329);
#8360=AXIS2_PLACEMENT_3D('',#12579,#10330,#10331);
#8361=AXIS2_PLACEMENT_3D('',#12580,#10332,#10333);
#8362=AXIS2_PLACEMENT_3D('',#12582,#10334,#10335);
#8363=AXIS2_PLACEMENT_3D('',#12583,#10336,#10337);
#8364=AXIS2_PLACEMENT_3D('',#12585,#10338,#10339);
#8365=AXIS2_PLACEMENT_3D('',#12586,#10340,#10341);
#8366=AXIS2_PLACEMENT_3D('',#12588,#10342,#10343);
#8367=AXIS2_PLACEMENT_3D('',#12589,#10344,#10345);
#8368=AXIS2_PLACEMENT_3D('',#12591,#10346,#10347);
#8369=AXIS2_PLACEMENT_3D('',#12592,#10348,#10349);
#8370=AXIS2_PLACEMENT_3D('',#12594,#10350,#10351);
#8371=AXIS2_PLACEMENT_3D('',#12595,#10352,#10353);
#8372=AXIS2_PLACEMENT_3D('',#12597,#10354,#10355);
#8373=AXIS2_PLACEMENT_3D('',#12598,#10356,#10357);
#8374=AXIS2_PLACEMENT_3D('',#12600,#10358,#10359);
#8375=AXIS2_PLACEMENT_3D('',#12601,#10360,#10361);
#8376=AXIS2_PLACEMENT_3D('',#12603,#10362,#10363);
#8377=AXIS2_PLACEMENT_3D('',#12604,#10364,#10365);
#8378=AXIS2_PLACEMENT_3D('',#12606,#10366,#10367);
#8379=AXIS2_PLACEMENT_3D('',#12607,#10368,#10369);
#8380=AXIS2_PLACEMENT_3D('',#12609,#10370,#10371);
#8381=AXIS2_PLACEMENT_3D('',#12610,#10372,#10373);
#8382=AXIS2_PLACEMENT_3D('',#12612,#10374,#10375);
#8383=AXIS2_PLACEMENT_3D('',#12613,#10376,#10377);
#8384=AXIS2_PLACEMENT_3D('',#12618,#10380,#10381);
#8385=AXIS2_PLACEMENT_3D('',#12627,#10386,#10387);
#8386=AXIS2_PLACEMENT_3D('',#12628,#10388,#10389);
#8387=AXIS2_PLACEMENT_3D('',#12629,#10390,#10391);
#8388=AXIS2_PLACEMENT_3D('',#12630,#10392,#10393);
#8389=AXIS2_PLACEMENT_3D('',#12631,#10394,#10395);
#8390=AXIS2_PLACEMENT_3D('',#12632,#10396,#10397);
#8391=AXIS2_PLACEMENT_3D('',#12633,#10398,#10399);
#8392=AXIS2_PLACEMENT_3D('',#12634,#10400,#10401);
#8393=AXIS2_PLACEMENT_3D('',#12635,#10402,#10403);
#8394=AXIS2_PLACEMENT_3D('',#12636,#10404,#10405);
#8395=AXIS2_PLACEMENT_3D('',#12637,#10406,#10407);
#8396=AXIS2_PLACEMENT_3D('',#12638,#10408,#10409);
#8397=AXIS2_PLACEMENT_3D('',#12639,#10410,#10411);
#8398=AXIS2_PLACEMENT_3D('',#12640,#10412,#10413);
#8399=AXIS2_PLACEMENT_3D('',#12641,#10414,#10415);
#8400=AXIS2_PLACEMENT_3D('',#12642,#10416,#10417);
#8401=AXIS2_PLACEMENT_3D('',#12643,#10418,#10419);
#8402=AXIS2_PLACEMENT_3D('',#12644,#10420,#10421);
#8403=AXIS2_PLACEMENT_3D('',#12645,#10422,#10423);
#8404=AXIS2_PLACEMENT_3D('',#12646,#10424,#10425);
#8405=AXIS2_PLACEMENT_3D('',#12647,#10426,#10427);
#8406=AXIS2_PLACEMENT_3D('',#12648,#10428,#10429);
#8407=AXIS2_PLACEMENT_3D('',#12649,#10430,#10431);
#8408=AXIS2_PLACEMENT_3D('',#12650,#10432,#10433);
#8409=AXIS2_PLACEMENT_3D('',#12651,#10434,#10435);
#8410=AXIS2_PLACEMENT_3D('',#12652,#10436,#10437);
#8411=AXIS2_PLACEMENT_3D('',#12653,#10438,#10439);
#8412=AXIS2_PLACEMENT_3D('',#12654,#10440,#10441);
#8413=AXIS2_PLACEMENT_3D('',#12655,#10442,#10443);
#8414=AXIS2_PLACEMENT_3D('',#12656,#10444,#10445);
#8415=AXIS2_PLACEMENT_3D('',#12657,#10446,#10447);
#8416=AXIS2_PLACEMENT_3D('',#12658,#10448,#10449);
#8417=AXIS2_PLACEMENT_3D('',#12659,#10450,#10451);
#8418=AXIS2_PLACEMENT_3D('',#12660,#10452,#10453);
#8419=AXIS2_PLACEMENT_3D('',#12661,#10454,#10455);
#8420=AXIS2_PLACEMENT_3D('',#12662,#10456,#10457);
#8421=AXIS2_PLACEMENT_3D('',#12663,#10458,#10459);
#8422=AXIS2_PLACEMENT_3D('',#12664,#10460,#10461);
#8423=AXIS2_PLACEMENT_3D('',#12665,#10462,#10463);
#8424=AXIS2_PLACEMENT_3D('',#12666,#10464,#10465);
#8425=AXIS2_PLACEMENT_3D('',#12667,#10466,#10467);
#8426=AXIS2_PLACEMENT_3D('',#12668,#10468,#10469);
#8427=AXIS2_PLACEMENT_3D('',#12669,#10470,#10471);
#8428=AXIS2_PLACEMENT_3D('',#12670,#10472,#10473);
#8429=AXIS2_PLACEMENT_3D('',#12672,#10474,#10475);
#8430=AXIS2_PLACEMENT_3D('',#12673,#10476,#10477);
#8431=AXIS2_PLACEMENT_3D('',#12675,#10478,#10479);
#8432=AXIS2_PLACEMENT_3D('',#12677,#10480,#10481);
#8433=AXIS2_PLACEMENT_3D('',#12678,#10482,#10483);
#8434=AXIS2_PLACEMENT_3D('',#12679,#10484,#10485);
#8435=AXIS2_PLACEMENT_3D('',#12681,#10486,#10487);
#8436=AXIS2_PLACEMENT_3D('',#12683,#10488,#10489);
#8437=AXIS2_PLACEMENT_3D('',#12684,#10490,#10491);
#8438=AXIS2_PLACEMENT_3D('',#12686,#10492,#10493);
#8439=AXIS2_PLACEMENT_3D('',#12688,#10494,#10495);
#8440=AXIS2_PLACEMENT_3D('',#12689,#10496,#10497);
#8441=AXIS2_PLACEMENT_3D('',#12691,#10498,#10499);
#8442=AXIS2_PLACEMENT_3D('',#12692,#10500,#10501);
#8443=AXIS2_PLACEMENT_3D('',#12693,#10502,#10503);
#8444=AXIS2_PLACEMENT_3D('',#12695,#10504,#10505);
#8445=AXIS2_PLACEMENT_3D('',#12697,#10506,#10507);
#8446=AXIS2_PLACEMENT_3D('',#12698,#10508,#10509);
#8447=AXIS2_PLACEMENT_3D('',#12700,#10510,#10511);
#8448=AXIS2_PLACEMENT_3D('',#12702,#10512,#10513);
#8449=AXIS2_PLACEMENT_3D('',#12703,#10514,#10515);
#8450=AXIS2_PLACEMENT_3D('',#12705,#10516,#10517);
#8451=AXIS2_PLACEMENT_3D('',#12706,#10518,#10519);
#8452=AXIS2_PLACEMENT_3D('',#12707,#10520,#10521);
#8453=AXIS2_PLACEMENT_3D('',#12709,#10522,#10523);
#8454=AXIS2_PLACEMENT_3D('',#12711,#10524,#10525);
#8455=AXIS2_PLACEMENT_3D('',#12712,#10526,#10527);
#8456=AXIS2_PLACEMENT_3D('',#12714,#10528,#10529);
#8457=AXIS2_PLACEMENT_3D('',#12715,#10530,#10531);
#8458=AXIS2_PLACEMENT_3D('',#12717,#10532,#10533);
#8459=AXIS2_PLACEMENT_3D('',#12718,#10534,#10535);
#8460=AXIS2_PLACEMENT_3D('',#12719,#10536,#10537);
#8461=AXIS2_PLACEMENT_3D('',#12721,#10538,#10539);
#8462=AXIS2_PLACEMENT_3D('',#12723,#10540,#10541);
#8463=AXIS2_PLACEMENT_3D('',#12724,#10542,#10543);
#8464=AXIS2_PLACEMENT_3D('',#12726,#10544,#10545);
#8465=AXIS2_PLACEMENT_3D('',#12728,#10546,#10547);
#8466=AXIS2_PLACEMENT_3D('',#12729,#10548,#10549);
#8467=AXIS2_PLACEMENT_3D('',#12731,#10550,#10551);
#8468=AXIS2_PLACEMENT_3D('',#12732,#10552,#10553);
#8469=AXIS2_PLACEMENT_3D('',#12733,#10554,#10555);
#8470=AXIS2_PLACEMENT_3D('',#12734,#10556,#10557);
#8471=AXIS2_PLACEMENT_3D('',#12735,#10558,#10559);
#8472=AXIS2_PLACEMENT_3D('',#12736,#10560,#10561);
#8473=AXIS2_PLACEMENT_3D('',#12737,#10562,#10563);
#8474=AXIS2_PLACEMENT_3D('',#12738,#10564,#10565);
#8475=AXIS2_PLACEMENT_3D('',#12739,#10566,#10567);
#8476=AXIS2_PLACEMENT_3D('',#12740,#10568,#10569);
#8477=AXIS2_PLACEMENT_3D('',#12741,#10570,#10571);
#8478=AXIS2_PLACEMENT_3D('',#12742,#10572,#10573);
#8479=AXIS2_PLACEMENT_3D('',#12743,#10574,#10575);
#8480=AXIS2_PLACEMENT_3D('',#12748,#10577,#10578);
#8481=AXIS2_PLACEMENT_3D('',#12751,#10580,#10581);
#8482=AXIS2_PLACEMENT_3D('',#12754,#10584,#10585);
#8483=AXIS2_PLACEMENT_3D('',#12756,#10587,#10588);
#8484=AXIS2_PLACEMENT_3D('',#12758,#10590,#10591);
#8485=AXIS2_PLACEMENT_3D('',#12759,#10592,#10593);
#8486=AXIS2_PLACEMENT_3D('',#12761,#10595,#10596);
#8487=AXIS2_PLACEMENT_3D('',#12762,#10597,#10598);
#8488=AXIS2_PLACEMENT_3D('',#12768,#10602,#10603);
#8489=AXIS2_PLACEMENT_3D('',#12776,#10607,#10608);
#8490=AXIS2_PLACEMENT_3D('',#12781,#10612,#10613);
#8491=AXIS2_PLACEMENT_3D('',#12782,#10614,#10615);
#8492=AXIS2_PLACEMENT_3D('',#12793,#10621,#10622);
#8493=AXIS2_PLACEMENT_3D('',#12797,#10625,#10626);
#8494=AXIS2_PLACEMENT_3D('',#12807,#10629,#10630);
#8495=AXIS2_PLACEMENT_3D('',#12808,#10631,#10632);
#8496=AXIS2_PLACEMENT_3D('',#12810,#10634,#10635);
#8497=AXIS2_PLACEMENT_3D('',#12812,#10637,#10638);
#8498=AXIS2_PLACEMENT_3D('',#12821,#10643,#10644);
#8499=AXIS2_PLACEMENT_3D('',#12825,#10646,#10647);
#8500=AXIS2_PLACEMENT_3D('',#12826,#10648,#10649);
#8501=AXIS2_PLACEMENT_3D('',#12830,#10652,#10653);
#8502=AXIS2_PLACEMENT_3D('',#12833,#10656,#10657);
#8503=AXIS2_PLACEMENT_3D('',#12836,#10659,#10660);
#8504=AXIS2_PLACEMENT_3D('',#12837,#10661,#10662);
#8505=AXIS2_PLACEMENT_3D('',#12839,#10664,#10665);
#8506=AXIS2_PLACEMENT_3D('',#12840,#10666,#10667);
#8507=AXIS2_PLACEMENT_3D('',#12844,#10669,#10670);
#8508=AXIS2_PLACEMENT_3D('',#12847,#10672,#10673);
#8509=AXIS2_PLACEMENT_3D('',#12849,#10674,#10675);
#8510=AXIS2_PLACEMENT_3D('',#12855,#10679,#10680);
#8511=AXIS2_PLACEMENT_3D('',#12865,#10686,#10687);
#8512=AXIS2_PLACEMENT_3D('',#12866,#10688,#10689);
#8513=AXIS2_PLACEMENT_3D('',#12871,#10691,#10692);
#8514=AXIS2_PLACEMENT_3D('',#12875,#10694,#10695);
#8515=AXIS2_PLACEMENT_3D('',#12878,#10697,#10698);
#8516=AXIS2_PLACEMENT_3D('',#12885,#10702,#10703);
#8517=AXIS2_PLACEMENT_3D('',#12886,#10704,#10705);
#8518=AXIS2_PLACEMENT_3D('',#12895,#10710,#10711);
#8519=AXIS2_PLACEMENT_3D('',#12898,#10713,#10714);
#8520=AXIS2_PLACEMENT_3D('',#12900,#10716,#10717);
#8521=AXIS2_PLACEMENT_3D('',#12902,#10718,#10719);
#8522=AXIS2_PLACEMENT_3D('',#12903,#10720,#10721);
#8523=AXIS2_PLACEMENT_3D('',#12905,#10722,#10723);
#8524=AXIS2_PLACEMENT_3D('',#12906,#10724,#10725);
#8525=AXIS2_PLACEMENT_3D('',#12907,#10726,#10727);
#8526=AXIS2_PLACEMENT_3D('',#12908,#10728,#10729);
#8527=AXIS2_PLACEMENT_3D('',#12909,#10730,#10731);
#8528=AXIS2_PLACEMENT_3D('',#12910,#10732,#10733);
#8529=AXIS2_PLACEMENT_3D('',#12911,#10734,#10735);
#8530=AXIS2_PLACEMENT_3D('',#12913,#10736,#10737);
#8531=AXIS2_PLACEMENT_3D('',#12914,#10738,#10739);
#8532=AXIS2_PLACEMENT_3D('',#12915,#10740,#10741);
#8533=AXIS2_PLACEMENT_3D('',#12916,#10742,#10743);
#8534=AXIS2_PLACEMENT_3D('',#12917,#10744,#10745);
#8535=AXIS2_PLACEMENT_3D('',#12918,#10746,#10747);
#8536=AXIS2_PLACEMENT_3D('',#12919,#10748,#10749);
#8537=AXIS2_PLACEMENT_3D('',#12920,#10750,#10751);
#8538=AXIS2_PLACEMENT_3D('',#12921,#10752,#10753);
#8539=AXIS2_PLACEMENT_3D('',#12922,#10754,#10755);
#8540=AXIS2_PLACEMENT_3D('',#12923,#10756,#10757);
#8541=AXIS2_PLACEMENT_3D('',#12924,#10758,#10759);
#8542=AXIS2_PLACEMENT_3D('',#12925,#10760,#10761);
#8543=AXIS2_PLACEMENT_3D('',#12933,#10762,#10763);
#8544=AXIS2_PLACEMENT_3D('',#12934,#10764,#10765);
#8545=AXIS2_PLACEMENT_3D('',#12935,#10766,#10767);
#8546=AXIS2_PLACEMENT_3D('',#12936,#10768,#10769);
#8547=AXIS2_PLACEMENT_3D('',#12937,#10770,#10771);
#8548=AXIS2_PLACEMENT_3D('',#12938,#10772,#10773);
#8549=AXIS2_PLACEMENT_3D('',#12939,#10774,#10775);
#8550=AXIS2_PLACEMENT_3D('',#12940,#10776,#10777);
#8551=AXIS2_PLACEMENT_3D('',#12941,#10778,#10779);
#8552=AXIS2_PLACEMENT_3D('',#12942,#10780,#10781);
#8553=AXIS2_PLACEMENT_3D('',#12943,#10782,#10783);
#8554=AXIS2_PLACEMENT_3D('',#12944,#10784,#10785);
#8555=AXIS2_PLACEMENT_3D('',#12945,#10786,#10787);
#8556=AXIS2_PLACEMENT_3D('',#12973,#10788,#10789);
#8557=AXIS2_PLACEMENT_3D('',#12974,#10790,#10791);
#8558=AXIS2_PLACEMENT_3D('',#12975,#10792,#10793);
#8559=AXIS2_PLACEMENT_3D('',#12976,#10794,#10795);
#8560=AXIS2_PLACEMENT_3D('',#12977,#10796,#10797);
#8561=AXIS2_PLACEMENT_3D('',#12978,#10798,#10799);
#8562=AXIS2_PLACEMENT_3D('',#12979,#10800,#10801);
#8563=AXIS2_PLACEMENT_3D('',#12980,#10802,#10803);
#8564=AXIS2_PLACEMENT_3D('',#12981,#10804,#10805);
#8565=AXIS2_PLACEMENT_3D('',#12985,#10807,#10808);
#8566=AXIS2_PLACEMENT_3D('',#12986,#10809,#10810);
#8567=AXIS2_PLACEMENT_3D('',#12987,#10811,#10812);
#8568=AXIS2_PLACEMENT_3D('',#12988,#10813,#10814);
#8569=AXIS2_PLACEMENT_3D('',#12989,#10815,#10816);
#8570=AXIS2_PLACEMENT_3D('',#12990,#10817,#10818);
#8571=AXIS2_PLACEMENT_3D('',#12991,#10819,#10820);
#8572=AXIS2_PLACEMENT_3D('',#12992,#10821,#10822);
#8573=AXIS2_PLACEMENT_3D('',#12993,#10823,#10824);
#8574=AXIS2_PLACEMENT_3D('',#12994,#10825,#10826);
#8575=AXIS2_PLACEMENT_3D('',#12995,#10827,#10828);
#8576=AXIS2_PLACEMENT_3D('',#12996,#10829,#10830);
#8577=AXIS2_PLACEMENT_3D('',#12997,#10831,#10832);
#8578=AXIS2_PLACEMENT_3D('',#12998,#10833,#10834);
#8579=AXIS2_PLACEMENT_3D('',#12999,#10835,#10836);
#8580=AXIS2_PLACEMENT_3D('',#13000,#10837,#10838);
#8581=AXIS2_PLACEMENT_3D('',#13001,#10839,#10840);
#8582=AXIS2_PLACEMENT_3D('',#13023,#10841,#10842);
#8583=AXIS2_PLACEMENT_3D('',#13024,#10843,#10844);
#8584=AXIS2_PLACEMENT_3D('',#13040,#10845,#10846);
#8585=AXIS2_PLACEMENT_3D('',#13046,#10850,#10851);
#8586=AXIS2_PLACEMENT_3D('',#13047,#10852,#10853);
#8587=AXIS2_PLACEMENT_3D('',#13048,#10854,#10855);
#8588=AXIS2_PLACEMENT_3D('',#13049,#10856,#10857);
#8589=AXIS2_PLACEMENT_3D('',#13050,#10858,#10859);
#8590=AXIS2_PLACEMENT_3D('',#13051,#10860,#10861);
#8591=AXIS2_PLACEMENT_3D('',#13052,#10862,#10863);
#8592=AXIS2_PLACEMENT_3D('',#13053,#10864,#10865);
#8593=AXIS2_PLACEMENT_3D('',#13054,#10866,#10867);
#8594=AXIS2_PLACEMENT_3D('',#13055,#10868,#10869);
#8595=AXIS2_PLACEMENT_3D('',#13056,#10870,#10871);
#8596=AXIS2_PLACEMENT_3D('',#13057,#10872,#10873);
#8597=AXIS2_PLACEMENT_3D('',#13097,#10874,#10875);
#8598=AXIS2_PLACEMENT_3D('',#13098,#10876,#10877);
#8599=AXIS2_PLACEMENT_3D('',#13099,#10878,#10879);
#8600=AXIS2_PLACEMENT_3D('',#13100,#10880,#10881);
#8601=AXIS2_PLACEMENT_3D('',#13101,#10882,#10883);
#8602=AXIS2_PLACEMENT_3D('',#13102,#10884,#10885);
#8603=AXIS2_PLACEMENT_3D('',#13103,#10886,#10887);
#8604=AXIS2_PLACEMENT_3D('',#13104,#10888,#10889);
#8605=AXIS2_PLACEMENT_3D('',#13117,#10890,#10891);
#8606=AXIS2_PLACEMENT_3D('',#13119,#10892,#10893);
#8607=AXIS2_PLACEMENT_3D('',#13135,#10894,#10895);
#8608=AXIS2_PLACEMENT_3D('',#13136,#10896,#10897);
#8609=AXIS2_PLACEMENT_3D('',#13137,#10898,#10899);
#8610=AXIS2_PLACEMENT_3D('',#13138,#10900,#10901);
#8611=AXIS2_PLACEMENT_3D('',#13139,#10902,#10903);
#8612=AXIS2_PLACEMENT_3D('',#13140,#10904,#10905);
#8613=AXIS2_PLACEMENT_3D('',#13141,#10906,#10907);
#8614=AXIS2_PLACEMENT_3D('',#13142,#10908,#10909);
#8615=AXIS2_PLACEMENT_3D('',#13143,#10910,#10911);
#8616=AXIS2_PLACEMENT_3D('',#13144,#10912,#10913);
#8617=AXIS2_PLACEMENT_3D('',#13145,#10914,#10915);
#8618=AXIS2_PLACEMENT_3D('',#13146,#10916,#10917);
#8619=AXIS2_PLACEMENT_3D('',#13155,#10922,#10923);
#8620=AXIS2_PLACEMENT_3D('',#13160,#10927,#10928);
#8621=AXIS2_PLACEMENT_3D('',#13166,#10932,#10933);
#8622=AXIS2_PLACEMENT_3D('',#13170,#10936,#10937);
#8623=AXIS2_PLACEMENT_3D('',#13176,#10941,#10942);
#8624=AXIS2_PLACEMENT_3D('',#13182,#10946,#10947);
#8625=AXIS2_PLACEMENT_3D('',#13188,#10951,#10952);
#8626=AXIS2_PLACEMENT_3D('',#13191,#10955,#10956);
#8627=AXIS2_PLACEMENT_3D('',#13197,#10960,#10961);
#8628=AXIS2_PLACEMENT_3D('',#13201,#10964,#10965);
#8629=AXIS2_PLACEMENT_3D('',#13205,#10968,#10969);
#8630=AXIS2_PLACEMENT_3D('',#13207,#10971,#10972);
#8631=AXIS2_PLACEMENT_3D('',#13208,#10973,#10974);
#8632=AXIS2_PLACEMENT_3D('',#13210,#10976,#10977);
#8633=AXIS2_PLACEMENT_3D('',#13212,#10979,#10980);
#8634=AXIS2_PLACEMENT_3D('',#13214,#10982,#10983);
#8635=AXIS2_PLACEMENT_3D('',#13216,#10985,#10986);
#8636=AXIS2_PLACEMENT_3D('',#13217,#10987,#10988);
#8637=AXIS2_PLACEMENT_3D('',#13218,#10989,#10990);
#8638=AXIS2_PLACEMENT_3D('',#13220,#10991,#10992);
#8639=AXIS2_PLACEMENT_3D('',#13224,#10995,#10996);
#8640=AXIS2_PLACEMENT_3D('',#13227,#10998,#10999);
#8641=AXIS2_PLACEMENT_3D('',#13228,#11000,#11001);
#8642=AXIS2_PLACEMENT_3D('',#13232,#11004,#11005);
#8643=AXIS2_PLACEMENT_3D('',#13235,#11007,#11008);
#8644=AXIS2_PLACEMENT_3D('',#13236,#11009,#11010);
#8645=AXIS2_PLACEMENT_3D('',#13237,#11011,#11012);
#8646=AXIS2_PLACEMENT_3D('',#13239,#11013,#11014);
#8647=AXIS2_PLACEMENT_3D('',#13241,#11016,#11017);
#8648=AXIS2_PLACEMENT_3D('',#13242,#11018,#11019);
#8649=AXIS2_PLACEMENT_3D('',#13244,#11020,#11021);
#8650=AXIS2_PLACEMENT_3D('',#13246,#11022,#11023);
#8651=AXIS2_PLACEMENT_3D('',#13247,#11024,#11025);
#8652=AXIS2_PLACEMENT_3D('',#13249,#11026,#11027);
#8653=AXIS2_PLACEMENT_3D('',#13251,#11028,#11029);
#8654=AXIS2_PLACEMENT_3D('',#13252,#11030,#11031);
#8655=AXIS2_PLACEMENT_3D('',#13253,#11032,#11033);
#8656=AXIS2_PLACEMENT_3D('',#13254,#11034,#11035);
#8657=DIRECTION('',(0.,0.,1.));
#8658=DIRECTION('',(1.,0.,0.));
#8659=DIRECTION('',(0.,0.,1.));
#8660=DIRECTION('',(1.,0.,0.));
#8661=DIRECTION('',(0.,0.,1.));
#8662=DIRECTION('',(1.,0.,0.));
#8663=DIRECTION('',(0.,0.,1.));
#8664=DIRECTION('',(1.,0.,0.));
#8665=DIRECTION('',(0.,0.,1.));
#8666=DIRECTION('',(1.,0.,0.));
#8667=DIRECTION('',(0.,0.,1.));
#8668=DIRECTION('',(1.,0.,0.));
#8669=DIRECTION('',(1.77920356510442E-16,-1.,0.));
#8670=DIRECTION('',(-1.,-1.77920356510442E-16,0.));
#8671=DIRECTION('',(1.77920356510442E-16,-1.,0.));
#8672=DIRECTION('',(-1.,-1.77920356510442E-16,0.));
#8673=DIRECTION('',(0.,1.,0.));
#8674=DIRECTION('',(-1.,-1.77920356510442E-16,0.));
#8675=DIRECTION('',(0.,1.,0.));
#8676=DIRECTION('',(1.,0.,0.));
#8677=DIRECTION('',(0.,1.,0.));
#8678=DIRECTION('',(1.,0.,0.));
#8679=DIRECTION('',(0.,1.,0.));
#8680=DIRECTION('',(1.,0.,0.));
#8681=DIRECTION('',(0.,-1.,0.));
#8682=DIRECTION('',(0.,0.,1.));
#8683=DIRECTION('',(1.,0.,0.));
#8684=DIRECTION('',(0.,-1.,0.));
#8685=DIRECTION('',(-1.,-1.77920356510442E-16,0.));
#8686=DIRECTION('',(1.77920356510442E-16,-1.,0.));
#8687=DIRECTION('',(1.,1.77920356510442E-16,0.));
#8688=DIRECTION('',(0.,-1.,0.));
#8689=DIRECTION('',(0.,0.,-1.));
#8690=DIRECTION('',(0.,-1.,0.));
#8691=DIRECTION('',(0.,0.,-1.));
#8692=DIRECTION('',(-1.,-1.77920356510442E-16,0.));
#8693=DIRECTION('',(0.,0.,1.));
#8694=DIRECTION('',(-1.,0.,0.));
#8695=DIRECTION('',(0.,0.,1.));
#8696=DIRECTION('',(1.40805476946169E-16,0.,-1.));
#8697=DIRECTION('',(-1.,-1.77920356510442E-16,0.));
#8698=DIRECTION('',(0.,0.,1.));
#8699=DIRECTION('',(-1.,0.,-2.0900282843094E-16));
#8700=DIRECTION('',(1.35393051783556E-16,2.26380246181279E-32,-1.));
#8701=DIRECTION('',(1.,1.67202262744752E-16,0.));
#8702=DIRECTION('',(1.35393051783556E-16,2.26380246181279E-32,-1.));
#8703=DIRECTION('',(1.,1.67202262744752E-16,3.01691039300314E-16));
#8704=DIRECTION('',(0.,0.,-1.));
#8705=DIRECTION('',(-1.77920356510442E-16,1.,0.));
#8706=DIRECTION('',(-1.,-1.77920356510442E-16,0.));
#8707=DIRECTION('',(1.,1.77920356510442E-16,0.));
#8708=DIRECTION('',(1.77920356510442E-16,-1.,0.));
#8709=DIRECTION('',(-1.,-1.77920356510442E-16,0.));
#8710=DIRECTION('',(0.,0.,1.));
#8711=DIRECTION('',(-1.,-1.77920356510442E-16,0.));
#8712=DIRECTION('',(0.,0.,-1.));
#8713=DIRECTION('',(1.,1.77920356510442E-16,1.55660142051547E-17));
#8714=DIRECTION('',(0.,0.,1.));
#8715=DIRECTION('',(1.,0.,0.));
#8716=DIRECTION('',(0.,0.,-1.));
#8717=DIRECTION('',(-1.,-1.77920356510442E-16,0.));
#8718=DIRECTION('',(0.,0.,-1.));
#8719=DIRECTION('',(1.77920356510442E-16,-1.,0.));
#8720=DIRECTION('',(1.,1.77920356510442E-16,0.));
#8721=DIRECTION('',(-1.77920356510442E-16,1.,0.));
#8722=DIRECTION('',(-1.,-1.77920356510442E-16,0.));
#8723=DIRECTION('',(-1.77920356510442E-16,1.,0.));
#8724=DIRECTION('',(-1.,-1.77920356510442E-16,0.));
#8725=DIRECTION('',(-1.,0.,0.));
#8726=DIRECTION('',(0.,0.,1.));
#8727=DIRECTION('',(0.,1.,0.));
#8728=DIRECTION('',(0.,-0.815005622677985,-0.579453048143911));
#8729=DIRECTION('',(0.,0.0871557427476599,-0.996194698091745));
#8730=DIRECTION('',(0.,0.431393775813427,-0.902163738015131));
#8731=DIRECTION('',(0.,-0.0871557427476708,0.996194698091744));
#8732=DIRECTION('',(0.,0.,-1.));
#8733=DIRECTION('',(0.,1.,0.));
#8734=DIRECTION('',(0.,0.,-1.));
#8735=DIRECTION('',(1.67202262744752E-16,-1.,0.));
#8736=DIRECTION('',(1.,1.67202262744752E-16,0.));
#8737=DIRECTION('',(1.67202262744752E-16,-1.,0.));
#8738=DIRECTION('',(1.,1.67202262744752E-16,0.));
#8739=DIRECTION('',(-1.,-1.67202262744752E-16,-3.1540426835942E-16));
#8740=DIRECTION('',(-2.9012796810762E-16,-4.85100527531313E-32,1.));
#8741=DIRECTION('',(-1.,-1.67202262744752E-16,0.));
#8742=DIRECTION('',(0.,0.,-1.));
#8743=DIRECTION('',(-1.,-1.67202262744752E-16,0.));
#8744=DIRECTION('',(-9.9127055770103E-16,-1.65742680239865E-31,1.));
#8745=DIRECTION('',(1.,1.67202262744752E-16,0.));
#8746=DIRECTION('',(3.02513085728926E-16,5.05808724437736E-32,-1.));
#8747=DIRECTION('',(-1.,0.,0.));
#8748=DIRECTION('',(1.67202262744752E-16,-1.,0.));
#8749=DIRECTION('',(4.01009396479273E-15,6.7049678473242E-31,1.));
#8750=DIRECTION('',(-0.0317061473054025,-5.30133957238174E-18,0.99949723372456));
#8751=DIRECTION('',(1.67202262744752E-16,-1.,0.));
#8752=DIRECTION('',(-0.476306677371543,-7.96395542169568E-17,0.879279221346257));
#8753=DIRECTION('',(-1.,-1.67202262744752E-16,0.));
#8754=DIRECTION('',(0.,0.,-1.));
#8755=DIRECTION('',(-1.,-1.67202262744752E-16,0.));
#8756=DIRECTION('',(0.,0.,-1.));
#8757=DIRECTION('',(1.,0.,0.));
#8758=DIRECTION('',(1.,0.,0.));
#8759=DIRECTION('',(0.,-1.,0.));
#8760=DIRECTION('',(0.,0.,-1.));
#8761=DIRECTION('',(-1.,0.,0.));
#8762=DIRECTION('',(0.,-1.,0.));
#8763=DIRECTION('',(0.,0.,-1.));
#8764=DIRECTION('',(1.,0.,1.92747052886312E-16));
#8765=DIRECTION('',(0.,-0.0871557427476587,0.996194698091745));
#8766=DIRECTION('',(0.,-0.996194698091746,-0.0871557427476587));
#8767=DIRECTION('',(1.,0.,0.));
#8768=DIRECTION('',(0.,-0.0871557427476587,0.996194698091745));
#8769=DIRECTION('',(0.,-0.996194698091746,-0.0871557427476587));
#8770=DIRECTION('',(0.,-0.996194698091746,-0.0871557427476587));
#8771=DIRECTION('',(1.,0.,0.));
#8772=DIRECTION('',(0.,-0.996194698091746,-0.0871557427476587));
#8773=DIRECTION('',(0.,-0.0871557427476585,0.996194698091745));
#8774=DIRECTION('',(0.,-0.996194698091746,-0.0871557427476585));
#8775=DIRECTION('',(1.,0.,0.));
#8776=DIRECTION('',(0.,-0.996194698091746,-0.0871557427476585));
#8777=DIRECTION('',(1.,0.,0.));
#8778=DIRECTION('',(0.,-0.996194698091746,-0.0871557427476585));
#8779=DIRECTION('',(0.,-0.996194698091745,-0.0871557427476585));
#8780=DIRECTION('',(0.,0.0871557427476585,-0.996194698091746));
#8781=DIRECTION('',(0.,0.0871557427476585,-0.996194698091746));
#8782=DIRECTION('',(0.,-0.996194698091745,-0.0871557427476585));
#8783=DIRECTION('',(0.,-0.0871557427476585,0.996194698091746));
#8784=DIRECTION('',(1.,0.,0.));
#8785=DIRECTION('',(0.,0.0871557427476585,-0.996194698091746));
#8786=DIRECTION('',(-1.,0.,0.));
#8787=DIRECTION('',(0.,0.,1.));
#8788=DIRECTION('',(0.,0.,-1.));
#8789=DIRECTION('',(-1.,0.,0.));
#8790=DIRECTION('',(0.,0.,1.));
#8791=DIRECTION('',(0.,-0.996194698091745,-0.0871557427476596));
#8792=DIRECTION('',(0.,-0.0871557427476586,0.996194698091746));
#8793=DIRECTION('',(0.,-1.,0.));
#8794=DIRECTION('',(0.,0.,-1.));
#8795=DIRECTION('',(0.,0.,-1.));
#8796=DIRECTION('',(0.,-0.819152044288992,-0.573576436351046));
#8797=DIRECTION('',(-1.,0.,0.));
#8798=DIRECTION('',(0.,0.,1.));
#8799=DIRECTION('',(0.,0.996194698091746,-0.0871557427476579));
#8800=DIRECTION('',(0.,0.,-1.));
#8801=DIRECTION('',(0.,1.,0.));
#8802=DIRECTION('',(0.,0.996194698091746,0.0871557427476584));
#8803=DIRECTION('',(0.,-0.0871557427476708,0.996194698091744));
#8804=DIRECTION('',(0.,-0.431393775813427,0.902163738015131));
#8805=DIRECTION('',(0.,-0.996194698091745,-0.0871557427476649));
#8806=DIRECTION('',(0.,-0.0871557427476708,0.996194698091744));
#8807=DIRECTION('',(0.,-0.996194698091745,-0.0871557427476594));
#8808=DIRECTION('',(-1.,0.,0.));
#8809=DIRECTION('',(0.,0.,1.));
#8810=DIRECTION('',(0.,-0.707106781186547,0.707106781186548));
#8811=DIRECTION('',(-1.,0.,0.));
#8812=DIRECTION('',(0.,0.,1.));
#8813=DIRECTION('',(0.,0.,1.));
#8814=DIRECTION('',(1.,0.,0.));
#8815=DIRECTION('',(0.,0.,1.));
#8816=DIRECTION('',(1.,0.,0.));
#8817=DIRECTION('',(0.,0.996194698091744,0.0871557427476708));
#8818=DIRECTION('',(0.,-0.0871557427476708,0.996194698091744));
#8819=DIRECTION('',(1.,0.,0.));
#8820=DIRECTION('',(0.,-0.0871557427476708,0.996194698091744));
#8821=DIRECTION('',(1.,0.,0.));
#8822=DIRECTION('',(0.,-0.0871557427476594,0.996194698091746));
#8823=DIRECTION('',(0.,-0.996194698091746,-0.0871557427476594));
#8824=DIRECTION('',(0.,-0.996194698091745,-0.0871557427476594));
#8825=DIRECTION('',(1.,1.77920356510442E-16,1.55660142051547E-17));
#8826=DIRECTION('',(-1.,0.,0.));
#8827=DIRECTION('',(0.,0.,1.));
#8828=DIRECTION('',(0.,1.,0.));
#8829=DIRECTION('',(0.,0.,1.));
#8830=DIRECTION('',(0.,1.,0.));
#8831=DIRECTION('',(0.,0.707106781186548,0.707106781186547));
#8832=DIRECTION('',(0.,0.,-1.));
#8833=DIRECTION('',(-1.,0.,0.));
#8834=DIRECTION('',(-1.,0.,0.));
#8835=DIRECTION('',(0.,1.,0.));
#8836=DIRECTION('',(1.,1.77920356510442E-16,0.));
#8837=DIRECTION('',(0.,0.,-1.));
#8838=DIRECTION('',(-1.,0.,0.));
#8839=DIRECTION('',(-1.,0.,0.));
#8840=DIRECTION('',(0.,1.,0.));
#8841=DIRECTION('',(-1.,0.,0.));
#8842=DIRECTION('',(0.,0.,1.));
#8843=DIRECTION('',(0.,0.,1.));
#8844=DIRECTION('',(0.,-0.707106781186548,-0.707106781186547));
#8845=DIRECTION('',(2.0900282843094E-16,0.,-1.));
#8846=DIRECTION('',(-1.,0.,-2.0900282843094E-16));
#8847=DIRECTION('',(-1.,0.,-2.0900282843094E-16));
#8848=DIRECTION('',(0.,1.,0.));
#8849=DIRECTION('',(0.,1.,0.));
#8850=DIRECTION('',(1.,0.,1.40805476946169E-16));
#8851=DIRECTION('',(1.40805476946169E-16,0.,-1.));
#8852=DIRECTION('',(1.40805476946169E-16,0.,-1.));
#8853=DIRECTION('',(0.,1.,0.));
#8854=DIRECTION('',(9.95645075768421E-17,-0.70710678118655,-0.707106781186545));
#8855=DIRECTION('',(-1.,0.,0.));
#8856=DIRECTION('',(0.,0.,1.));
#8857=DIRECTION('',(0.,0.,1.));
#8858=DIRECTION('',(0.,0.70710678118655,0.707106781186545));
#8859=DIRECTION('',(0.,1.,0.));
#8860=DIRECTION('',(0.,0.,1.));
#8861=DIRECTION('',(1.,0.,0.));
#8862=DIRECTION('',(1.,0.,0.));
#8863=DIRECTION('',(1.,1.77920356510442E-16,0.));
#8864=DIRECTION('',(0.,1.,0.));
#8865=DIRECTION('',(0.,0.,1.));
#8866=DIRECTION('',(0.,-1.,0.));
#8867=DIRECTION('',(0.,0.,-1.));
#8868=DIRECTION('',(0.,1.,0.));
#8869=DIRECTION('',(0.,0.,1.));
#8870=DIRECTION('',(0.,-1.,0.));
#8871=DIRECTION('',(0.,0.,-1.));
#8872=DIRECTION('',(0.,0.,1.));
#8873=DIRECTION('',(1.,0.,0.));
#8874=DIRECTION('',(0.,0.,-1.));
#8875=DIRECTION('',(1.,0.,0.));
#8876=DIRECTION('',(0.,0.,1.));
#8877=DIRECTION('',(1.,0.,0.));
#8878=DIRECTION('',(0.,0.,-1.));
#8879=DIRECTION('',(1.,0.,0.));
#8880=DIRECTION('',(0.,0.,1.));
#8881=DIRECTION('',(1.,0.,0.));
#8882=DIRECTION('',(0.,0.,1.));
#8883=DIRECTION('',(1.,0.,0.));
#8884=DIRECTION('',(0.,0.,1.));
#8885=DIRECTION('',(1.,0.,0.));
#8886=DIRECTION('',(0.,0.,1.));
#8887=DIRECTION('',(1.,0.,0.));
#8888=DIRECTION('',(0.,0.,1.));
#8889=DIRECTION('',(1.,0.,0.));
#8890=DIRECTION('',(0.,0.,1.));
#8891=DIRECTION('',(1.,0.,0.));
#8892=DIRECTION('',(0.,0.,1.));
#8893=DIRECTION('',(1.,0.,0.));
#8894=DIRECTION('',(0.,0.,1.));
#8895=DIRECTION('',(1.,0.,0.));
#8896=DIRECTION('',(0.,0.,1.));
#8897=DIRECTION('',(1.,0.,0.));
#8898=DIRECTION('',(0.,0.,1.));
#8899=DIRECTION('',(1.,0.,0.));
#8900=DIRECTION('',(0.,0.,1.));
#8901=DIRECTION('',(1.,0.,0.));
#8902=DIRECTION('',(0.,0.,1.));
#8903=DIRECTION('',(1.,0.,0.));
#8904=DIRECTION('',(0.,0.,1.));
#8905=DIRECTION('',(1.,0.,0.));
#8906=DIRECTION('',(0.,0.,1.));
#8907=DIRECTION('',(1.,0.,0.));
#8908=DIRECTION('',(0.,0.,1.));
#8909=DIRECTION('',(1.,0.,0.));
#8910=DIRECTION('',(0.,0.,1.));
#8911=DIRECTION('',(1.,0.,0.));
#8912=DIRECTION('',(0.,0.,1.));
#8913=DIRECTION('',(1.,0.,0.));
#8914=DIRECTION('',(0.,0.,1.));
#8915=DIRECTION('',(1.,0.,0.));
#8916=DIRECTION('',(0.,0.,1.));
#8917=DIRECTION('',(1.,0.,0.));
#8918=DIRECTION('',(0.,0.,1.));
#8919=DIRECTION('',(1.,0.,0.));
#8920=DIRECTION('',(0.,0.,1.));
#8921=DIRECTION('',(1.,0.,0.));
#8922=DIRECTION('',(0.,0.,1.));
#8923=DIRECTION('',(1.,0.,0.));
#8924=DIRECTION('',(0.,0.,1.));
#8925=DIRECTION('',(1.,0.,0.));
#8926=DIRECTION('',(0.,0.,1.));
#8927=DIRECTION('',(1.,0.,0.));
#8928=DIRECTION('',(0.,0.,1.));
#8929=DIRECTION('',(1.,0.,0.));
#8930=DIRECTION('',(0.,0.,1.));
#8931=DIRECTION('',(1.,0.,0.));
#8932=DIRECTION('',(0.,0.,1.));
#8933=DIRECTION('',(1.,0.,0.));
#8934=DIRECTION('',(0.,0.,1.));
#8935=DIRECTION('',(1.,0.,0.));
#8936=DIRECTION('',(0.,0.,1.));
#8937=DIRECTION('',(1.,0.,0.));
#8938=DIRECTION('',(0.,0.,1.));
#8939=DIRECTION('',(1.,0.,0.));
#8940=DIRECTION('',(0.,0.,1.));
#8941=DIRECTION('',(1.,0.,0.));
#8942=DIRECTION('',(0.,0.,1.));
#8943=DIRECTION('',(1.,0.,0.));
#8944=DIRECTION('',(0.,0.,1.));
#8945=DIRECTION('',(1.,0.,0.));
#8946=DIRECTION('',(0.,0.,1.));
#8947=DIRECTION('',(1.,0.,0.));
#8948=DIRECTION('',(0.,0.,1.));
#8949=DIRECTION('',(1.,0.,0.));
#8950=DIRECTION('',(0.,0.,1.));
#8951=DIRECTION('',(1.,0.,0.));
#8952=DIRECTION('',(0.,0.,1.));
#8953=DIRECTION('',(1.,0.,0.));
#8954=DIRECTION('',(0.,0.,1.));
#8955=DIRECTION('',(1.,0.,0.));
#8956=DIRECTION('',(0.,0.,1.));
#8957=DIRECTION('',(1.,0.,0.));
#8958=DIRECTION('',(0.,0.,1.));
#8959=DIRECTION('',(1.,0.,0.));
#8960=DIRECTION('',(0.,0.,1.));
#8961=DIRECTION('',(1.,0.,0.));
#8962=DIRECTION('',(0.,0.,1.));
#8963=DIRECTION('',(1.,0.,0.));
#8964=DIRECTION('',(0.,0.,1.));
#8965=DIRECTION('',(1.,0.,0.));
#8966=DIRECTION('',(0.,0.,1.));
#8967=DIRECTION('',(1.,0.,0.));
#8968=DIRECTION('',(0.,0.,1.));
#8969=DIRECTION('',(1.,0.,0.));
#8970=DIRECTION('',(0.,0.,1.));
#8971=DIRECTION('',(1.,0.,0.));
#8972=DIRECTION('',(0.,0.,1.));
#8973=DIRECTION('',(1.,0.,0.));
#8974=DIRECTION('',(0.,0.,1.));
#8975=DIRECTION('',(1.,0.,0.));
#8976=DIRECTION('',(0.,0.,1.));
#8977=DIRECTION('',(1.,0.,0.));
#8978=DIRECTION('',(0.,0.,1.));
#8979=DIRECTION('',(1.,0.,0.));
#8980=DIRECTION('',(0.,0.,1.));
#8981=DIRECTION('',(1.,0.,0.));
#8982=DIRECTION('',(0.,0.,1.));
#8983=DIRECTION('',(1.,0.,0.));
#8984=DIRECTION('',(0.,0.,1.));
#8985=DIRECTION('',(1.,0.,0.));
#8986=DIRECTION('',(0.,0.,1.));
#8987=DIRECTION('',(1.,0.,0.));
#8988=DIRECTION('',(0.,0.,1.));
#8989=DIRECTION('',(1.,0.,0.));
#8990=DIRECTION('',(0.,0.,1.));
#8991=DIRECTION('',(1.,0.,0.));
#8992=DIRECTION('',(0.,0.,1.));
#8993=DIRECTION('',(1.,0.,0.));
#8994=DIRECTION('',(0.,0.,1.));
#8995=DIRECTION('',(1.,0.,0.));
#8996=DIRECTION('',(0.,0.,1.));
#8997=DIRECTION('',(1.,0.,0.));
#8998=DIRECTION('',(0.,0.,1.));
#8999=DIRECTION('',(1.,0.,0.));
#9000=DIRECTION('',(0.,0.,1.));
#9001=DIRECTION('',(1.,0.,0.));
#9002=DIRECTION('',(0.,0.,1.));
#9003=DIRECTION('',(1.,0.,0.));
#9004=DIRECTION('',(0.,0.,1.));
#9005=DIRECTION('',(1.,0.,0.));
#9006=DIRECTION('',(0.,0.,1.));
#9007=DIRECTION('',(1.,0.,0.));
#9008=DIRECTION('',(0.,0.,1.));
#9009=DIRECTION('',(1.,0.,0.));
#9010=DIRECTION('',(0.,0.,1.));
#9011=DIRECTION('',(1.,0.,0.));
#9012=DIRECTION('',(0.,0.,1.));
#9013=DIRECTION('',(1.,0.,0.));
#9014=DIRECTION('',(0.,0.,1.));
#9015=DIRECTION('',(1.,0.,0.));
#9016=DIRECTION('',(0.,0.,1.));
#9017=DIRECTION('',(1.,0.,0.));
#9018=DIRECTION('',(0.,0.,1.));
#9019=DIRECTION('',(1.,0.,0.));
#9020=DIRECTION('',(0.,0.,1.));
#9021=DIRECTION('',(1.,0.,0.));
#9022=DIRECTION('',(0.,0.,1.));
#9023=DIRECTION('',(1.,0.,0.));
#9024=DIRECTION('',(0.,0.,1.));
#9025=DIRECTION('',(1.,0.,0.));
#9026=DIRECTION('',(0.,0.,1.));
#9027=DIRECTION('',(1.,0.,0.));
#9028=DIRECTION('',(0.,0.,1.));
#9029=DIRECTION('',(1.,0.,0.));
#9030=DIRECTION('',(0.,0.,1.));
#9031=DIRECTION('',(1.,0.,0.));
#9032=DIRECTION('',(0.,0.,1.));
#9033=DIRECTION('',(1.,0.,0.));
#9034=DIRECTION('',(0.,0.,1.));
#9035=DIRECTION('',(1.,0.,0.));
#9036=DIRECTION('',(0.,0.,1.));
#9037=DIRECTION('',(1.,0.,0.));
#9038=DIRECTION('',(0.,0.,1.));
#9039=DIRECTION('',(1.,0.,0.));
#9040=DIRECTION('',(0.,0.,1.));
#9041=DIRECTION('',(1.,0.,0.));
#9042=DIRECTION('',(0.,0.,1.));
#9043=DIRECTION('',(1.,0.,0.));
#9044=DIRECTION('',(0.,0.,1.));
#9045=DIRECTION('',(1.,0.,0.));
#9046=DIRECTION('',(0.,0.,1.));
#9047=DIRECTION('',(1.,0.,0.));
#9048=DIRECTION('',(0.,0.,1.));
#9049=DIRECTION('',(1.,0.,0.));
#9050=DIRECTION('',(0.,0.,1.));
#9051=DIRECTION('',(1.,0.,0.));
#9052=DIRECTION('',(0.,0.,1.));
#9053=DIRECTION('',(1.,0.,0.));
#9054=DIRECTION('',(0.,0.,1.));
#9055=DIRECTION('',(1.,0.,0.));
#9056=DIRECTION('',(0.,0.,1.));
#9057=DIRECTION('',(1.,0.,0.));
#9058=DIRECTION('',(0.,0.,1.));
#9059=DIRECTION('',(1.,0.,0.));
#9060=DIRECTION('',(0.,0.,1.));
#9061=DIRECTION('',(1.,0.,0.));
#9062=DIRECTION('',(0.,0.,1.));
#9063=DIRECTION('',(1.,0.,0.));
#9064=DIRECTION('',(0.,0.,1.));
#9065=DIRECTION('',(1.,0.,0.));
#9066=DIRECTION('',(0.,0.,1.));
#9067=DIRECTION('',(1.,0.,0.));
#9068=DIRECTION('',(0.,0.,1.));
#9069=DIRECTION('',(1.,0.,0.));
#9070=DIRECTION('',(0.,0.,1.));
#9071=DIRECTION('',(1.,0.,0.));
#9072=DIRECTION('',(0.,0.,1.));
#9073=DIRECTION('',(1.,0.,0.));
#9074=DIRECTION('',(0.,0.,1.));
#9075=DIRECTION('',(1.,0.,0.));
#9076=DIRECTION('',(0.,0.,1.));
#9077=DIRECTION('',(1.,0.,0.));
#9078=DIRECTION('',(0.,0.,1.));
#9079=DIRECTION('',(1.,0.,0.));
#9080=DIRECTION('',(0.,0.,1.));
#9081=DIRECTION('',(1.,0.,0.));
#9082=DIRECTION('',(0.,0.,1.));
#9083=DIRECTION('',(1.,0.,0.));
#9084=DIRECTION('',(0.,0.,1.));
#9085=DIRECTION('',(1.,0.,0.));
#9086=DIRECTION('',(0.,0.,1.));
#9087=DIRECTION('',(1.,0.,0.));
#9088=DIRECTION('',(0.,0.,1.));
#9089=DIRECTION('',(1.,0.,0.));
#9090=DIRECTION('',(0.,0.,1.));
#9091=DIRECTION('',(1.,0.,0.));
#9092=DIRECTION('',(0.,0.,1.));
#9093=DIRECTION('',(1.,0.,0.));
#9094=DIRECTION('',(0.,0.,1.));
#9095=DIRECTION('',(1.,0.,0.));
#9096=DIRECTION('',(0.,0.,1.));
#9097=DIRECTION('',(1.,0.,0.));
#9098=DIRECTION('',(0.,0.,1.));
#9099=DIRECTION('',(1.,0.,0.));
#9100=DIRECTION('',(0.,0.,1.));
#9101=DIRECTION('',(1.,0.,0.));
#9102=DIRECTION('',(0.,0.,1.));
#9103=DIRECTION('',(1.,0.,0.));
#9104=DIRECTION('',(0.,0.,1.));
#9105=DIRECTION('',(1.,0.,0.));
#9106=DIRECTION('',(0.,0.,1.));
#9107=DIRECTION('',(1.,0.,0.));
#9108=DIRECTION('',(0.,0.,1.));
#9109=DIRECTION('',(1.,0.,0.));
#9110=DIRECTION('',(0.,0.,1.));
#9111=DIRECTION('',(1.,0.,0.));
#9112=DIRECTION('',(0.,0.,1.));
#9113=DIRECTION('',(1.,0.,0.));
#9114=DIRECTION('',(0.,0.,1.));
#9115=DIRECTION('',(1.,0.,0.));
#9116=DIRECTION('',(0.,0.,1.));
#9117=DIRECTION('',(1.,0.,0.));
#9118=DIRECTION('',(0.,0.,1.));
#9119=DIRECTION('',(1.,0.,0.));
#9120=DIRECTION('',(0.,0.,1.));
#9121=DIRECTION('',(1.,0.,0.));
#9122=DIRECTION('',(0.,0.,1.));
#9123=DIRECTION('',(1.,0.,0.));
#9124=DIRECTION('',(0.,0.,1.));
#9125=DIRECTION('',(1.,0.,0.));
#9126=DIRECTION('',(0.,0.,1.));
#9127=DIRECTION('',(1.,0.,0.));
#9128=DIRECTION('',(0.,0.,1.));
#9129=DIRECTION('',(1.,0.,0.));
#9130=DIRECTION('',(0.,0.,1.));
#9131=DIRECTION('',(1.,0.,0.));
#9132=DIRECTION('',(0.,0.,1.));
#9133=DIRECTION('',(1.,0.,0.));
#9134=DIRECTION('',(0.,0.,1.));
#9135=DIRECTION('',(1.,0.,0.));
#9136=DIRECTION('',(0.,0.,1.));
#9137=DIRECTION('',(1.,0.,0.));
#9138=DIRECTION('',(0.,0.,1.));
#9139=DIRECTION('',(1.,0.,0.));
#9140=DIRECTION('',(0.,0.,1.));
#9141=DIRECTION('',(1.,0.,0.));
#9142=DIRECTION('',(0.,0.,1.));
#9143=DIRECTION('',(1.,0.,0.));
#9144=DIRECTION('',(0.,0.,1.));
#9145=DIRECTION('',(1.,0.,0.));
#9146=DIRECTION('',(0.,0.,1.));
#9147=DIRECTION('',(1.,0.,0.));
#9148=DIRECTION('',(0.,0.,1.));
#9149=DIRECTION('',(1.,0.,0.));
#9150=DIRECTION('',(0.,0.,1.));
#9151=DIRECTION('',(1.,0.,0.));
#9152=DIRECTION('',(0.,0.,1.));
#9153=DIRECTION('',(1.,0.,0.));
#9154=DIRECTION('',(0.,0.,1.));
#9155=DIRECTION('',(1.,0.,0.));
#9156=DIRECTION('',(0.,0.,1.));
#9157=DIRECTION('',(1.,0.,0.));
#9158=DIRECTION('',(0.,0.,1.));
#9159=DIRECTION('',(1.,0.,0.));
#9160=DIRECTION('',(0.,0.,1.));
#9161=DIRECTION('',(1.,0.,0.));
#9162=DIRECTION('',(0.,0.,1.));
#9163=DIRECTION('',(1.,0.,0.));
#9164=DIRECTION('',(0.,0.,1.));
#9165=DIRECTION('',(1.,0.,0.));
#9166=DIRECTION('',(0.,0.,1.));
#9167=DIRECTION('',(1.,0.,0.));
#9168=DIRECTION('',(0.,0.,1.));
#9169=DIRECTION('',(1.,0.,0.));
#9170=DIRECTION('',(0.,0.,-1.));
#9171=DIRECTION('',(1.,0.,0.));
#9172=DIRECTION('',(0.,0.,1.));
#9173=DIRECTION('',(1.,0.,0.));
#9174=DIRECTION('',(0.,0.,1.));
#9175=DIRECTION('',(1.,0.,0.));
#9176=DIRECTION('',(0.,0.,1.));
#9177=DIRECTION('',(1.,0.,0.));
#9178=DIRECTION('',(0.,0.,-1.));
#9179=DIRECTION('',(1.,0.,0.));
#9180=DIRECTION('',(0.,0.,1.));
#9181=DIRECTION('',(1.,0.,0.));
#9182=DIRECTION('',(0.,0.,-1.));
#9183=DIRECTION('',(1.,0.,0.));
#9184=DIRECTION('',(0.,0.,1.));
#9185=DIRECTION('',(1.,0.,0.));
#9186=DIRECTION('',(0.,0.,1.));
#9187=DIRECTION('',(1.,0.,0.));
#9188=DIRECTION('',(0.,0.,1.));
#9189=DIRECTION('',(1.,0.,0.));
#9190=DIRECTION('',(0.,0.,-1.));
#9191=DIRECTION('',(1.,0.,0.));
#9192=DIRECTION('',(0.,0.,1.));
#9193=DIRECTION('',(1.,0.,0.));
#9194=DIRECTION('',(0.,0.,-1.));
#9195=DIRECTION('',(1.,0.,0.));
#9196=DIRECTION('',(0.,0.,1.));
#9197=DIRECTION('',(1.,0.,0.));
#9198=DIRECTION('',(0.,0.,1.));
#9199=DIRECTION('',(1.,0.,0.));
#9200=DIRECTION('',(0.,0.,1.));
#9201=DIRECTION('',(1.,0.,0.));
#9202=DIRECTION('',(0.,0.,-1.));
#9203=DIRECTION('',(1.,0.,0.));
#9204=DIRECTION('',(0.,0.,1.));
#9205=DIRECTION('',(1.,0.,0.));
#9206=DIRECTION('',(0.,0.,-1.));
#9207=DIRECTION('',(1.,0.,0.));
#9208=DIRECTION('',(0.,0.,1.));
#9209=DIRECTION('',(1.,0.,0.));
#9210=DIRECTION('',(0.,0.,1.));
#9211=DIRECTION('',(1.,0.,0.));
#9212=DIRECTION('',(0.,0.,1.));
#9213=DIRECTION('',(1.,0.,0.));
#9214=DIRECTION('',(0.,0.,-1.));
#9215=DIRECTION('',(1.,0.,0.));
#9216=DIRECTION('',(0.,0.,1.));
#9217=DIRECTION('',(1.,0.,0.));
#9218=DIRECTION('',(0.,0.,-1.));
#9219=DIRECTION('',(1.,0.,0.));
#9220=DIRECTION('',(0.,0.,1.));
#9221=DIRECTION('',(1.,0.,0.));
#9222=DIRECTION('',(0.,0.,1.));
#9223=DIRECTION('',(1.,0.,0.));
#9224=DIRECTION('',(0.,0.,1.));
#9225=DIRECTION('',(1.,0.,0.));
#9226=DIRECTION('',(0.,0.,-1.));
#9227=DIRECTION('',(1.,0.,0.));
#9228=DIRECTION('',(0.,0.,1.));
#9229=DIRECTION('',(1.,0.,0.));
#9230=DIRECTION('',(0.,0.,-1.));
#9231=DIRECTION('',(1.,0.,0.));
#9232=DIRECTION('',(0.,0.,1.));
#9233=DIRECTION('',(1.,0.,0.));
#9234=DIRECTION('',(0.,0.,1.));
#9235=DIRECTION('',(1.,0.,0.));
#9236=DIRECTION('',(0.,0.,1.));
#9237=DIRECTION('',(1.,0.,0.));
#9238=DIRECTION('',(0.,0.,-1.));
#9239=DIRECTION('',(1.,0.,0.));
#9240=DIRECTION('',(0.,0.,1.));
#9241=DIRECTION('',(1.,0.,0.));
#9242=DIRECTION('',(0.,0.,1.));
#9243=DIRECTION('',(1.,0.,0.));
#9244=DIRECTION('',(0.,0.,1.));
#9245=DIRECTION('',(1.,0.,0.));
#9246=DIRECTION('',(0.,0.,1.));
#9247=DIRECTION('',(1.,0.,0.));
#9248=DIRECTION('',(0.,0.,1.));
#9249=DIRECTION('',(1.,0.,0.));
#9250=DIRECTION('',(0.,0.,1.));
#9251=DIRECTION('',(1.,0.,0.));
#9252=DIRECTION('',(0.,0.,1.));
#9253=DIRECTION('',(1.,0.,0.));
#9254=DIRECTION('',(0.,0.,1.));
#9255=DIRECTION('',(1.,0.,0.));
#9256=DIRECTION('',(0.,0.,1.));
#9257=DIRECTION('',(1.,0.,0.));
#9258=DIRECTION('',(0.,0.,1.));
#9259=DIRECTION('',(1.,0.,0.));
#9260=DIRECTION('',(0.,0.,1.));
#9261=DIRECTION('',(1.,0.,0.));
#9262=DIRECTION('',(0.,0.,1.));
#9263=DIRECTION('',(1.,0.,0.));
#9264=DIRECTION('',(0.,0.,1.));
#9265=DIRECTION('',(1.,0.,0.));
#9266=DIRECTION('',(0.,0.,1.));
#9267=DIRECTION('',(1.,0.,0.));
#9268=DIRECTION('',(0.,0.,1.));
#9269=DIRECTION('',(1.,0.,0.));
#9270=DIRECTION('',(0.,0.,1.));
#9271=DIRECTION('',(1.,0.,0.));
#9272=DIRECTION('',(0.,0.,1.));
#9273=DIRECTION('',(1.,0.,0.));
#9274=DIRECTION('',(0.,0.,1.));
#9275=DIRECTION('',(1.,0.,0.));
#9276=DIRECTION('',(0.,0.,1.));
#9277=DIRECTION('',(1.,0.,0.));
#9278=DIRECTION('',(0.,0.,1.));
#9279=DIRECTION('',(1.,0.,0.));
#9280=DIRECTION('',(0.,0.,1.));
#9281=DIRECTION('',(1.,0.,0.));
#9282=DIRECTION('',(0.,0.,1.));
#9283=DIRECTION('',(1.,0.,0.));
#9284=DIRECTION('',(0.,0.,1.));
#9285=DIRECTION('',(1.,0.,0.));
#9286=DIRECTION('',(0.,0.,1.));
#9287=DIRECTION('',(1.,0.,0.));
#9288=DIRECTION('',(0.,0.,1.));
#9289=DIRECTION('',(1.,0.,0.));
#9290=DIRECTION('',(0.,0.,1.));
#9291=DIRECTION('',(1.,0.,0.));
#9292=DIRECTION('',(0.,0.,1.));
#9293=DIRECTION('',(1.,0.,0.));
#9294=DIRECTION('',(0.,0.,1.));
#9295=DIRECTION('',(1.,0.,0.));
#9296=DIRECTION('',(0.,0.,1.));
#9297=DIRECTION('',(1.,0.,0.));
#9298=DIRECTION('',(0.,0.,1.));
#9299=DIRECTION('',(1.,0.,0.));
#9300=DIRECTION('',(0.,0.,1.));
#9301=DIRECTION('',(1.,0.,0.));
#9302=DIRECTION('',(0.,0.,1.));
#9303=DIRECTION('',(1.,0.,0.));
#9304=DIRECTION('',(0.,0.,1.));
#9305=DIRECTION('',(1.,0.,0.));
#9306=DIRECTION('',(0.,0.,1.));
#9307=DIRECTION('',(1.,0.,0.));
#9308=DIRECTION('',(0.,0.,1.));
#9309=DIRECTION('',(1.,0.,0.));
#9310=DIRECTION('',(0.,0.,1.));
#9311=DIRECTION('',(1.,0.,0.));
#9312=DIRECTION('',(0.,0.,1.));
#9313=DIRECTION('',(1.,0.,0.));
#9314=DIRECTION('',(0.,0.,1.));
#9315=DIRECTION('',(1.,0.,0.));
#9316=DIRECTION('',(0.,0.,1.));
#9317=DIRECTION('',(1.,0.,0.));
#9318=DIRECTION('',(0.,0.,1.));
#9319=DIRECTION('',(1.,0.,0.));
#9320=DIRECTION('',(0.,0.,1.));
#9321=DIRECTION('',(1.,0.,0.));
#9322=DIRECTION('',(0.,0.,1.));
#9323=DIRECTION('',(1.,0.,0.));
#9324=DIRECTION('',(0.,0.,1.));
#9325=DIRECTION('',(1.,0.,0.));
#9326=DIRECTION('',(0.,0.,1.));
#9327=DIRECTION('',(1.,0.,0.));
#9328=DIRECTION('',(0.,0.,1.));
#9329=DIRECTION('',(1.,0.,0.));
#9330=DIRECTION('',(0.,0.,1.));
#9331=DIRECTION('',(1.,0.,0.));
#9332=DIRECTION('',(0.,0.,1.));
#9333=DIRECTION('',(1.,0.,0.));
#9334=DIRECTION('',(0.,0.,1.));
#9335=DIRECTION('',(1.,0.,0.));
#9336=DIRECTION('',(0.,0.,1.));
#9337=DIRECTION('',(1.,0.,0.));
#9338=DIRECTION('',(0.,0.,1.));
#9339=DIRECTION('',(1.,0.,0.));
#9340=DIRECTION('',(0.,0.,1.));
#9341=DIRECTION('',(1.,0.,0.));
#9342=DIRECTION('',(0.,0.,1.));
#9343=DIRECTION('',(1.,0.,0.));
#9344=DIRECTION('',(0.,0.,1.));
#9345=DIRECTION('',(1.,0.,0.));
#9346=DIRECTION('',(0.,0.,1.));
#9347=DIRECTION('',(1.,0.,0.));
#9348=DIRECTION('',(0.,0.,1.));
#9349=DIRECTION('',(1.,0.,0.));
#9350=DIRECTION('',(0.,0.,1.));
#9351=DIRECTION('',(1.,0.,0.));
#9352=DIRECTION('',(0.,0.,1.));
#9353=DIRECTION('',(1.,0.,0.));
#9354=DIRECTION('',(0.,0.,1.));
#9355=DIRECTION('',(1.,0.,0.));
#9356=DIRECTION('',(0.,0.,1.));
#9357=DIRECTION('',(1.,0.,0.));
#9358=DIRECTION('',(0.,0.,1.));
#9359=DIRECTION('',(1.,0.,0.));
#9360=DIRECTION('',(0.,0.,1.));
#9361=DIRECTION('',(1.,0.,0.));
#9362=DIRECTION('',(0.,0.,1.));
#9363=DIRECTION('',(1.,0.,0.));
#9364=DIRECTION('',(0.,0.,1.));
#9365=DIRECTION('',(1.,0.,0.));
#9366=DIRECTION('',(0.,0.,1.));
#9367=DIRECTION('',(1.,0.,0.));
#9368=DIRECTION('',(0.,0.,1.));
#9369=DIRECTION('',(1.,0.,0.));
#9370=DIRECTION('',(0.,0.,1.));
#9371=DIRECTION('',(1.,0.,0.));
#9372=DIRECTION('',(0.,0.,1.));
#9373=DIRECTION('',(1.,0.,0.));
#9374=DIRECTION('',(0.,0.,1.));
#9375=DIRECTION('',(1.,0.,0.));
#9376=DIRECTION('',(0.,0.,1.));
#9377=DIRECTION('',(1.,0.,0.));
#9378=DIRECTION('',(0.,0.,1.));
#9379=DIRECTION('',(1.,0.,0.));
#9380=DIRECTION('',(0.,0.,1.));
#9381=DIRECTION('',(1.,0.,0.));
#9382=DIRECTION('',(0.,0.,1.));
#9383=DIRECTION('',(1.,0.,0.));
#9384=DIRECTION('',(0.,0.,1.));
#9385=DIRECTION('',(1.,0.,0.));
#9386=DIRECTION('',(0.,0.,1.));
#9387=DIRECTION('',(1.,0.,0.));
#9388=DIRECTION('',(0.,0.,1.));
#9389=DIRECTION('',(1.,0.,0.));
#9390=DIRECTION('',(0.,0.,1.));
#9391=DIRECTION('',(1.,0.,0.));
#9392=DIRECTION('',(0.,0.,1.));
#9393=DIRECTION('',(1.,0.,0.));
#9394=DIRECTION('',(0.,0.,1.));
#9395=DIRECTION('',(1.,0.,0.));
#9396=DIRECTION('',(0.,0.,1.));
#9397=DIRECTION('',(1.,0.,0.));
#9398=DIRECTION('',(0.,0.,1.));
#9399=DIRECTION('',(1.,0.,0.));
#9400=DIRECTION('',(0.,0.,1.));
#9401=DIRECTION('',(1.,0.,0.));
#9402=DIRECTION('',(0.,0.,1.));
#9403=DIRECTION('',(1.,0.,0.));
#9404=DIRECTION('',(0.,0.,1.));
#9405=DIRECTION('',(1.,0.,0.));
#9406=DIRECTION('',(0.,0.,1.));
#9407=DIRECTION('',(1.,0.,0.));
#9408=DIRECTION('',(0.,0.,1.));
#9409=DIRECTION('',(1.,0.,0.));
#9410=DIRECTION('',(0.,0.,1.));
#9411=DIRECTION('',(1.,0.,0.));
#9412=DIRECTION('',(0.,0.,1.));
#9413=DIRECTION('',(1.,0.,0.));
#9414=DIRECTION('',(0.,0.,1.));
#9415=DIRECTION('',(1.,0.,0.));
#9416=DIRECTION('',(0.,0.,1.));
#9417=DIRECTION('',(1.,0.,0.));
#9418=DIRECTION('',(0.,0.,1.));
#9419=DIRECTION('',(1.,0.,0.));
#9420=DIRECTION('',(0.,0.,1.));
#9421=DIRECTION('',(1.,0.,0.));
#9422=DIRECTION('',(0.,0.,1.));
#9423=DIRECTION('',(1.,0.,0.));
#9424=DIRECTION('',(0.,0.,1.));
#9425=DIRECTION('',(1.,0.,0.));
#9426=DIRECTION('',(0.,0.,1.));
#9427=DIRECTION('',(1.,0.,0.));
#9428=DIRECTION('',(0.,0.,1.));
#9429=DIRECTION('',(1.,0.,0.));
#9430=DIRECTION('',(0.,0.,1.));
#9431=DIRECTION('',(1.,0.,0.));
#9432=DIRECTION('',(0.,0.,1.));
#9433=DIRECTION('',(1.,0.,0.));
#9434=DIRECTION('',(0.,0.,1.));
#9435=DIRECTION('',(1.,0.,0.));
#9436=DIRECTION('',(0.,0.,1.));
#9437=DIRECTION('',(1.,0.,0.));
#9438=DIRECTION('',(0.,0.,1.));
#9439=DIRECTION('',(1.,0.,0.));
#9440=DIRECTION('',(0.,0.,1.));
#9441=DIRECTION('',(1.,0.,0.));
#9442=DIRECTION('',(0.,0.,1.));
#9443=DIRECTION('',(1.,0.,0.));
#9444=DIRECTION('',(0.,0.,1.));
#9445=DIRECTION('',(1.,0.,0.));
#9446=DIRECTION('',(1.67202262744752E-16,-1.,0.));
#9447=DIRECTION('',(1.,1.67202262744752E-16,0.));
#9448=DIRECTION('',(-1.,-1.67202262744752E-16,0.));
#9449=DIRECTION('',(0.,0.,-1.));
#9450=DIRECTION('',(-1.,-1.67202262744752E-16,0.));
#9451=DIRECTION('',(0.,0.,-1.));
#9452=DIRECTION('',(1.77920356510442E-16,-1.,0.));
#9453=DIRECTION('',(1.,1.77920356510442E-16,0.));
#9454=DIRECTION('',(-1.,-1.77920356510442E-16,-1.2458117482957E-16));
#9455=DIRECTION('',(1.77920356510442E-16,-1.,0.));
#9456=DIRECTION('',(2.54096602509233E-16,4.52089581065349E-32,1.));
#9457=DIRECTION('',(0.,0.,-1.));
#9458=DIRECTION('',(-1.,-1.77920356510442E-16,0.));
#9459=DIRECTION('',(1.77920356510442E-16,-1.,0.));
#9460=DIRECTION('',(-2.0336389806403E-15,-3.61825772449054E-31,1.));
#9461=DIRECTION('',(1.,1.77920356510442E-16,-1.55660142051544E-17));
#9462=DIRECTION('',(0.,0.,1.));
#9463=DIRECTION('',(-1.,0.,0.));
#9464=DIRECTION('',(0.,0.,1.));
#9465=DIRECTION('',(0.,1.,0.));
#9466=DIRECTION('',(-1.,0.,0.));
#9467=DIRECTION('',(0.,0.,1.));
#9468=DIRECTION('',(0.,1.,0.));
#9469=DIRECTION('',(0.,0.,-1.));
#9470=DIRECTION('',(0.,1.,0.));
#9471=DIRECTION('',(0.,0.,-1.));
#9472=DIRECTION('',(0.,0.,1.));
#9473=DIRECTION('',(1.,0.,0.));
#9474=DIRECTION('',(0.,0.,1.));
#9475=DIRECTION('',(1.,0.,0.));
#9476=DIRECTION('',(0.,0.,1.));
#9477=DIRECTION('',(1.,0.,0.));
#9478=DIRECTION('',(0.,0.,1.));
#9479=DIRECTION('',(1.,0.,0.));
#9480=DIRECTION('',(0.,0.,1.));
#9481=DIRECTION('',(1.,0.,0.));
#9482=DIRECTION('',(0.,0.,-1.));
#9483=DIRECTION('',(-1.,0.,0.));
#9484=DIRECTION('',(0.,0.,-1.));
#9485=DIRECTION('',(0.,0.,-1.));
#9486=DIRECTION('',(1.,0.,0.));
#9487=DIRECTION('',(0.,0.,-1.));
#9488=DIRECTION('',(0.,0.,-1.));
#9489=DIRECTION('',(-1.,0.,0.));
#9490=DIRECTION('',(0.,0.,1.));
#9491=DIRECTION('',(1.,0.,0.));
#9492=DIRECTION('',(0.,0.,-1.));
#9493=DIRECTION('',(0.,0.,-1.));
#9494=DIRECTION('',(0.,0.,-1.));
#9495=DIRECTION('',(-1.,0.,0.));
#9496=DIRECTION('',(0.,0.,1.));
#9497=DIRECTION('',(1.,0.,0.));
#9498=DIRECTION('',(0.,0.,-1.));
#9499=DIRECTION('',(0.,0.,-1.));
#9500=DIRECTION('',(0.,0.,-1.));
#9501=DIRECTION('',(-1.,0.,0.));
#9502=DIRECTION('',(0.,0.,-1.));
#9503=DIRECTION('',(1.,0.,0.));
#9504=DIRECTION('',(0.,0.,-1.));
#9505=DIRECTION('',(0.,0.,-1.));
#9506=DIRECTION('',(0.,0.,-1.));
#9507=DIRECTION('',(-1.,0.,0.));
#9508=DIRECTION('',(0.,0.,1.));
#9509=DIRECTION('',(1.,0.,0.));
#9510=DIRECTION('',(0.,0.,-1.));
#9511=DIRECTION('',(0.,0.,-1.));
#9512=DIRECTION('',(0.,0.,-1.));
#9513=DIRECTION('',(-1.,0.,0.));
#9514=DIRECTION('',(0.,0.,-1.));
#9515=DIRECTION('',(0.,0.,-1.));
#9516=DIRECTION('',(1.,0.,0.));
#9517=DIRECTION('',(0.,0.,-1.));
#9518=DIRECTION('',(0.,0.,-1.));
#9519=DIRECTION('',(-1.,0.,0.));
#9520=DIRECTION('',(0.,0.,1.));
#9521=DIRECTION('',(1.,0.,0.));
#9522=DIRECTION('',(0.,0.,-1.));
#9523=DIRECTION('',(0.,0.,-1.));
#9524=DIRECTION('',(0.,0.,-1.));
#9525=DIRECTION('',(-1.,0.,0.));
#9526=DIRECTION('',(0.,0.,-1.));
#9527=DIRECTION('',(1.,0.,0.));
#9528=DIRECTION('',(0.,0.,-1.));
#9529=DIRECTION('',(0.,0.,-1.));
#9530=DIRECTION('',(0.,0.,-1.));
#9531=DIRECTION('',(-1.,0.,0.));
#9532=DIRECTION('',(0.,0.,1.));
#9533=DIRECTION('',(1.,0.,0.));
#9534=DIRECTION('',(0.,0.,-1.));
#9535=DIRECTION('',(0.,0.,-1.));
#9536=DIRECTION('',(0.,0.,-1.));
#9537=DIRECTION('',(-1.,0.,0.));
#9538=DIRECTION('',(0.,0.,-1.));
#9539=DIRECTION('',(1.,0.,0.));
#9540=DIRECTION('',(0.,0.,-1.));
#9541=DIRECTION('',(0.,0.,-1.));
#9542=DIRECTION('',(0.,0.,-1.));
#9543=DIRECTION('',(-1.,0.,0.));
#9544=DIRECTION('',(0.,0.,1.));
#9545=DIRECTION('',(1.,0.,0.));
#9546=DIRECTION('',(0.,0.,-1.));
#9547=DIRECTION('',(0.,0.,-1.));
#9548=DIRECTION('',(0.,0.,-1.));
#9549=DIRECTION('',(-1.,0.,0.));
#9550=DIRECTION('',(0.,0.,-1.));
#9551=DIRECTION('',(1.,0.,0.));
#9552=DIRECTION('',(0.,0.,-1.));
#9553=DIRECTION('',(0.,0.,-1.));
#9554=DIRECTION('',(0.,0.,-1.));
#9555=DIRECTION('',(-1.,0.,0.));
#9556=DIRECTION('',(0.,0.,1.));
#9557=DIRECTION('',(1.,0.,0.));
#9558=DIRECTION('',(0.,0.,-1.));
#9559=DIRECTION('',(0.,0.,-1.));
#9560=DIRECTION('',(0.,0.,-1.));
#9561=DIRECTION('',(-1.,0.,0.));
#9562=DIRECTION('',(0.,0.,-1.));
#9563=DIRECTION('',(1.,0.,0.));
#9564=DIRECTION('',(0.,0.,-1.));
#9565=DIRECTION('',(0.,0.,-1.));
#9566=DIRECTION('',(0.,0.,-1.));
#9567=DIRECTION('',(-1.,0.,0.));
#9568=DIRECTION('',(0.,0.,1.));
#9569=DIRECTION('',(1.,0.,0.));
#9570=DIRECTION('',(0.,0.,-1.));
#9571=DIRECTION('',(-1.,0.,0.));
#9572=DIRECTION('',(0.,0.,1.));
#9573=DIRECTION('',(1.,0.,0.));
#9574=DIRECTION('',(0.,0.,-1.));
#9575=DIRECTION('',(-1.,0.,0.));
#9576=DIRECTION('',(0.,0.,1.));
#9577=DIRECTION('',(1.,0.,0.));
#9578=DIRECTION('',(0.,0.,-1.));
#9579=DIRECTION('',(-1.,0.,0.));
#9580=DIRECTION('',(0.,0.,1.));
#9581=DIRECTION('',(1.,0.,0.));
#9582=DIRECTION('',(0.,0.,-1.));
#9583=DIRECTION('',(-1.,0.,0.));
#9584=DIRECTION('',(0.,0.,1.));
#9585=DIRECTION('',(1.,0.,0.));
#9586=DIRECTION('',(0.,0.,-1.));
#9587=DIRECTION('',(-1.,0.,0.));
#9588=DIRECTION('',(0.,0.,1.));
#9589=DIRECTION('',(1.,0.,0.));
#9590=DIRECTION('',(0.,0.,-1.));
#9591=DIRECTION('',(-1.,0.,0.));
#9592=DIRECTION('',(0.,0.,1.));
#9593=DIRECTION('',(1.,0.,0.));
#9594=DIRECTION('',(0.,0.,-1.));
#9595=DIRECTION('',(-1.,0.,0.));
#9596=DIRECTION('',(0.,0.,1.));
#9597=DIRECTION('',(1.,0.,0.));
#9598=DIRECTION('',(0.,0.,-1.));
#9599=DIRECTION('',(-1.,0.,0.));
#9600=DIRECTION('',(0.,0.,1.));
#9601=DIRECTION('',(1.,0.,0.));
#9602=DIRECTION('',(0.,0.,-1.));
#9603=DIRECTION('',(-1.,0.,0.));
#9604=DIRECTION('',(0.,0.,1.));
#9605=DIRECTION('',(1.,0.,0.));
#9606=DIRECTION('',(0.,0.,-1.));
#9607=DIRECTION('',(-1.,0.,0.));
#9608=DIRECTION('',(0.,0.,1.));
#9609=DIRECTION('',(1.,0.,0.));
#9610=DIRECTION('',(0.,0.,-1.));
#9611=DIRECTION('',(-1.,0.,0.));
#9612=DIRECTION('',(0.,0.,1.));
#9613=DIRECTION('',(1.,0.,0.));
#9614=DIRECTION('',(0.,0.,-1.));
#9615=DIRECTION('',(-1.,0.,0.));
#9616=DIRECTION('',(0.,0.,1.));
#9617=DIRECTION('',(1.,0.,0.));
#9618=DIRECTION('',(0.,0.,-1.));
#9619=DIRECTION('',(-1.,0.,0.));
#9620=DIRECTION('',(0.,0.,1.));
#9621=DIRECTION('',(1.,0.,0.));
#9622=DIRECTION('',(0.,0.,-1.));
#9623=DIRECTION('',(-1.,0.,0.));
#9624=DIRECTION('',(0.,0.,1.));
#9625=DIRECTION('',(1.,0.,0.));
#9626=DIRECTION('',(0.,0.,-1.));
#9627=DIRECTION('',(-1.,0.,0.));
#9628=DIRECTION('',(0.,0.,1.));
#9629=DIRECTION('',(1.,0.,0.));
#9630=DIRECTION('',(0.,0.,-1.));
#9631=DIRECTION('',(-1.,0.,0.));
#9632=DIRECTION('',(0.,0.,1.));
#9633=DIRECTION('',(1.,0.,0.));
#9634=DIRECTION('',(0.,0.,-1.));
#9635=DIRECTION('',(-1.,0.,0.));
#9636=DIRECTION('',(0.,0.,1.));
#9637=DIRECTION('',(1.,0.,0.));
#9638=DIRECTION('',(0.,0.,-1.));
#9639=DIRECTION('',(-1.,0.,0.));
#9640=DIRECTION('',(0.,0.,1.));
#9641=DIRECTION('',(1.,0.,0.));
#9642=DIRECTION('',(0.,0.,-1.));
#9643=DIRECTION('',(-1.,0.,0.));
#9644=DIRECTION('',(0.,0.,1.));
#9645=DIRECTION('',(1.,0.,0.));
#9646=DIRECTION('',(0.,0.,-1.));
#9647=DIRECTION('',(-1.,0.,0.));
#9648=DIRECTION('',(0.,0.,1.));
#9649=DIRECTION('',(1.,0.,0.));
#9650=DIRECTION('',(0.,0.,-1.));
#9651=DIRECTION('',(-1.,0.,0.));
#9652=DIRECTION('',(0.,0.,1.));
#9653=DIRECTION('',(1.,0.,0.));
#9654=DIRECTION('',(0.,0.,-1.));
#9655=DIRECTION('',(-1.,0.,0.));
#9656=DIRECTION('',(0.,0.,1.));
#9657=DIRECTION('',(1.,0.,0.));
#9658=DIRECTION('',(0.,0.,-1.));
#9659=DIRECTION('',(-1.,0.,0.));
#9660=DIRECTION('',(0.,0.,1.));
#9661=DIRECTION('',(1.,0.,0.));
#9662=DIRECTION('',(0.,0.,-1.));
#9663=DIRECTION('',(-1.,0.,0.));
#9664=DIRECTION('',(0.,0.,1.));
#9665=DIRECTION('',(1.,0.,0.));
#9666=DIRECTION('',(0.,0.,-1.));
#9667=DIRECTION('',(-1.,0.,0.));
#9668=DIRECTION('',(0.,0.,1.));
#9669=DIRECTION('',(1.,0.,0.));
#9670=DIRECTION('',(0.,0.,-1.));
#9671=DIRECTION('',(-1.,0.,0.));
#9672=DIRECTION('',(0.,0.,1.));
#9673=DIRECTION('',(1.,0.,0.));
#9674=DIRECTION('',(0.,0.,-1.));
#9675=DIRECTION('',(-1.,0.,0.));
#9676=DIRECTION('',(0.,0.,1.));
#9677=DIRECTION('',(1.,0.,0.));
#9678=DIRECTION('',(0.,0.,-1.));
#9679=DIRECTION('',(-1.,0.,0.));
#9680=DIRECTION('',(0.,0.,1.));
#9681=DIRECTION('',(1.,0.,0.));
#9682=DIRECTION('',(0.,0.,-1.));
#9683=DIRECTION('',(-1.,0.,0.));
#9684=DIRECTION('',(0.,0.,1.));
#9685=DIRECTION('',(1.,0.,0.));
#9686=DIRECTION('',(0.,0.,-1.));
#9687=DIRECTION('',(-1.,0.,0.));
#9688=DIRECTION('',(0.,0.,1.));
#9689=DIRECTION('',(1.,0.,0.));
#9690=DIRECTION('',(0.,0.,-1.));
#9691=DIRECTION('',(-1.,0.,0.));
#9692=DIRECTION('',(0.,0.,1.));
#9693=DIRECTION('',(1.,0.,0.));
#9694=DIRECTION('',(0.,0.,-1.));
#9695=DIRECTION('',(-1.,0.,0.));
#9696=DIRECTION('',(0.,0.,1.));
#9697=DIRECTION('',(1.,0.,0.));
#9698=DIRECTION('',(0.,0.,-1.));
#9699=DIRECTION('',(-1.,0.,0.));
#9700=DIRECTION('',(0.,0.,1.));
#9701=DIRECTION('',(1.,0.,0.));
#9702=DIRECTION('',(0.,0.,-1.));
#9703=DIRECTION('',(-1.,0.,0.));
#9704=DIRECTION('',(0.,0.,1.));
#9705=DIRECTION('',(1.,0.,0.));
#9706=DIRECTION('',(0.,0.,-1.));
#9707=DIRECTION('',(-1.,0.,0.));
#9708=DIRECTION('',(0.,0.,1.));
#9709=DIRECTION('',(1.,0.,0.));
#9710=DIRECTION('',(0.,0.,-1.));
#9711=DIRECTION('',(-1.,0.,0.));
#9712=DIRECTION('',(0.,0.,1.));
#9713=DIRECTION('',(1.,0.,0.));
#9714=DIRECTION('',(0.,0.,-1.));
#9715=DIRECTION('',(-1.,0.,0.));
#9716=DIRECTION('',(0.,0.,1.));
#9717=DIRECTION('',(1.,0.,0.));
#9718=DIRECTION('',(0.,0.,-1.));
#9719=DIRECTION('',(-1.,0.,0.));
#9720=DIRECTION('',(0.,0.,1.));
#9721=DIRECTION('',(1.,0.,0.));
#9722=DIRECTION('',(0.,0.,-1.));
#9723=DIRECTION('',(-1.,0.,0.));
#9724=DIRECTION('',(0.,0.,1.));
#9725=DIRECTION('',(1.,0.,0.));
#9726=DIRECTION('',(0.,0.,-1.));
#9727=DIRECTION('',(-1.,0.,0.));
#9728=DIRECTION('',(0.,0.,1.));
#9729=DIRECTION('',(1.,0.,0.));
#9730=DIRECTION('',(0.,0.,-1.));
#9731=DIRECTION('',(-1.,0.,0.));
#9732=DIRECTION('',(0.,0.,1.));
#9733=DIRECTION('',(1.,0.,0.));
#9734=DIRECTION('',(0.,0.,-1.));
#9735=DIRECTION('',(-1.,0.,0.));
#9736=DIRECTION('',(0.,0.,1.));
#9737=DIRECTION('',(1.,0.,0.));
#9738=DIRECTION('',(0.,0.,-1.));
#9739=DIRECTION('',(-1.,0.,0.));
#9740=DIRECTION('',(0.,0.,1.));
#9741=DIRECTION('',(1.,0.,0.));
#9742=DIRECTION('',(0.,0.,-1.));
#9743=DIRECTION('',(-1.,0.,0.));
#9744=DIRECTION('',(0.,0.,1.));
#9745=DIRECTION('',(1.,0.,0.));
#9746=DIRECTION('',(0.,0.,-1.));
#9747=DIRECTION('',(-1.,0.,0.));
#9748=DIRECTION('',(0.,0.,1.));
#9749=DIRECTION('',(1.,0.,0.));
#9750=DIRECTION('',(0.,0.,-1.));
#9751=DIRECTION('',(-1.,0.,0.));
#9752=DIRECTION('',(0.,0.,1.));
#9753=DIRECTION('',(1.,0.,0.));
#9754=DIRECTION('',(0.,0.,-1.));
#9755=DIRECTION('',(-1.,0.,0.));
#9756=DIRECTION('',(0.,0.,1.));
#9757=DIRECTION('',(1.,0.,0.));
#9758=DIRECTION('',(0.,0.,-1.));
#9759=DIRECTION('',(-1.,0.,0.));
#9760=DIRECTION('',(0.,0.,1.));
#9761=DIRECTION('',(1.,0.,0.));
#9762=DIRECTION('',(0.,0.,-1.));
#9763=DIRECTION('',(-1.,0.,0.));
#9764=DIRECTION('',(0.,0.,1.));
#9765=DIRECTION('',(1.,0.,0.));
#9766=DIRECTION('',(0.,0.,-1.));
#9767=DIRECTION('',(-1.,0.,0.));
#9768=DIRECTION('',(0.,0.,1.));
#9769=DIRECTION('',(1.,0.,0.));
#9770=DIRECTION('',(0.,0.,-1.));
#9771=DIRECTION('',(-1.,0.,0.));
#9772=DIRECTION('',(0.,0.,1.));
#9773=DIRECTION('',(1.,0.,0.));
#9774=DIRECTION('',(0.,0.,-1.));
#9775=DIRECTION('',(-1.,0.,0.));
#9776=DIRECTION('',(0.,0.,1.));
#9777=DIRECTION('',(1.,0.,0.));
#9778=DIRECTION('',(0.,0.,-1.));
#9779=DIRECTION('',(-1.,0.,0.));
#9780=DIRECTION('',(0.,0.,1.));
#9781=DIRECTION('',(1.,0.,0.));
#9782=DIRECTION('',(0.,0.,-1.));
#9783=DIRECTION('',(-1.,0.,0.));
#9784=DIRECTION('',(0.,0.,1.));
#9785=DIRECTION('',(1.,0.,0.));
#9786=DIRECTION('',(0.,0.,-1.));
#9787=DIRECTION('',(-1.,0.,0.));
#9788=DIRECTION('',(0.,0.,1.));
#9789=DIRECTION('',(1.,0.,0.));
#9790=DIRECTION('',(0.,0.,-1.));
#9791=DIRECTION('',(-1.,0.,0.));
#9792=DIRECTION('',(0.,0.,1.));
#9793=DIRECTION('',(1.,0.,0.));
#9794=DIRECTION('',(0.,0.,-1.));
#9795=DIRECTION('',(-1.,0.,0.));
#9796=DIRECTION('',(0.,0.,1.));
#9797=DIRECTION('',(1.,0.,0.));
#9798=DIRECTION('',(0.,0.,-1.));
#9799=DIRECTION('',(-1.,0.,0.));
#9800=DIRECTION('',(0.,0.,1.));
#9801=DIRECTION('',(1.,0.,0.));
#9802=DIRECTION('',(0.,0.,-1.));
#9803=DIRECTION('',(-1.,0.,0.));
#9804=DIRECTION('',(0.,0.,1.));
#9805=DIRECTION('',(1.,0.,0.));
#9806=DIRECTION('',(0.,0.,-1.));
#9807=DIRECTION('',(-1.,0.,0.));
#9808=DIRECTION('',(0.,0.,1.));
#9809=DIRECTION('',(1.,0.,0.));
#9810=DIRECTION('',(0.,0.,-1.));
#9811=DIRECTION('',(-1.,0.,0.));
#9812=DIRECTION('',(0.,0.,1.));
#9813=DIRECTION('',(1.,0.,0.));
#9814=DIRECTION('',(0.,0.,-1.));
#9815=DIRECTION('',(-1.,0.,0.));
#9816=DIRECTION('',(0.,0.,1.));
#9817=DIRECTION('',(1.,0.,0.));
#9818=DIRECTION('',(0.,0.,-1.));
#9819=DIRECTION('',(-1.,0.,0.));
#9820=DIRECTION('',(0.,0.,1.));
#9821=DIRECTION('',(1.,0.,0.));
#9822=DIRECTION('',(0.,0.,-1.));
#9823=DIRECTION('',(-1.,0.,0.));
#9824=DIRECTION('',(0.,0.,1.));
#9825=DIRECTION('',(1.,0.,0.));
#9826=DIRECTION('',(0.,0.,-1.));
#9827=DIRECTION('',(-1.,0.,0.));
#9828=DIRECTION('',(0.,0.,1.));
#9829=DIRECTION('',(1.,0.,0.));
#9830=DIRECTION('',(0.,0.,-1.));
#9831=DIRECTION('',(-1.,0.,0.));
#9832=DIRECTION('',(0.,0.,1.));
#9833=DIRECTION('',(1.,0.,0.));
#9834=DIRECTION('',(0.,0.,-1.));
#9835=DIRECTION('',(-1.,0.,0.));
#9836=DIRECTION('',(0.,0.,1.));
#9837=DIRECTION('',(1.,0.,0.));
#9838=DIRECTION('',(0.,0.,-1.));
#9839=DIRECTION('',(-1.,0.,0.));
#9840=DIRECTION('',(0.,0.,1.));
#9841=DIRECTION('',(1.,0.,0.));
#9842=DIRECTION('',(0.,0.,-1.));
#9843=DIRECTION('',(-1.,0.,0.));
#9844=DIRECTION('',(0.,0.,1.));
#9845=DIRECTION('',(1.,0.,0.));
#9846=DIRECTION('',(0.,0.,-1.));
#9847=DIRECTION('',(-1.,0.,0.));
#9848=DIRECTION('',(0.,0.,1.));
#9849=DIRECTION('',(1.,0.,0.));
#9850=DIRECTION('',(0.,0.,-1.));
#9851=DIRECTION('',(-1.,0.,0.));
#9852=DIRECTION('',(0.,0.,1.));
#9853=DIRECTION('',(1.,0.,0.));
#9854=DIRECTION('',(0.,0.,-1.));
#9855=DIRECTION('',(-1.,0.,0.));
#9856=DIRECTION('',(0.,0.,1.));
#9857=DIRECTION('',(1.,0.,0.));
#9858=DIRECTION('',(0.,0.,-1.));
#9859=DIRECTION('',(-1.,0.,0.));
#9860=DIRECTION('',(0.,0.,1.));
#9861=DIRECTION('',(1.,0.,0.));
#9862=DIRECTION('',(0.,0.,-1.));
#9863=DIRECTION('',(-1.,0.,0.));
#9864=DIRECTION('',(0.,0.,1.));
#9865=DIRECTION('',(1.,0.,0.));
#9866=DIRECTION('',(0.,0.,-1.));
#9867=DIRECTION('',(-1.,0.,0.));
#9868=DIRECTION('',(0.,0.,1.));
#9869=DIRECTION('',(1.,0.,0.));
#9870=DIRECTION('',(0.,0.,-1.));
#9871=DIRECTION('',(-1.,0.,0.));
#9872=DIRECTION('',(0.,0.,1.));
#9873=DIRECTION('',(1.,0.,0.));
#9874=DIRECTION('',(0.,0.,-1.));
#9875=DIRECTION('',(-1.,0.,0.));
#9876=DIRECTION('',(0.,0.,1.));
#9877=DIRECTION('',(1.,0.,0.));
#9878=DIRECTION('',(0.,0.,-1.));
#9879=DIRECTION('',(-1.,0.,0.));
#9880=DIRECTION('',(0.,0.,1.));
#9881=DIRECTION('',(1.,0.,0.));
#9882=DIRECTION('',(0.,0.,-1.));
#9883=DIRECTION('',(-1.,0.,0.));
#9884=DIRECTION('',(0.,0.,1.));
#9885=DIRECTION('',(1.,0.,0.));
#9886=DIRECTION('',(0.,0.,-1.));
#9887=DIRECTION('',(-1.,0.,0.));
#9888=DIRECTION('',(0.,0.,1.));
#9889=DIRECTION('',(1.,0.,0.));
#9890=DIRECTION('',(0.,0.,-1.));
#9891=DIRECTION('',(-1.,0.,0.));
#9892=DIRECTION('',(0.,0.,1.));
#9893=DIRECTION('',(1.,0.,0.));
#9894=DIRECTION('',(0.,0.,-1.));
#9895=DIRECTION('',(-1.,0.,0.));
#9896=DIRECTION('',(0.,0.,1.));
#9897=DIRECTION('',(1.,0.,0.));
#9898=DIRECTION('',(0.,0.,-1.));
#9899=DIRECTION('',(-1.,0.,0.));
#9900=DIRECTION('',(0.,0.,1.));
#9901=DIRECTION('',(1.,0.,0.));
#9902=DIRECTION('',(0.,0.,-1.));
#9903=DIRECTION('',(-1.,0.,0.));
#9904=DIRECTION('',(0.,0.,1.));
#9905=DIRECTION('',(1.,0.,0.));
#9906=DIRECTION('',(0.,0.,-1.));
#9907=DIRECTION('',(-1.,0.,0.));
#9908=DIRECTION('',(0.,0.,1.));
#9909=DIRECTION('',(1.,0.,0.));
#9910=DIRECTION('',(0.,0.,-1.));
#9911=DIRECTION('',(-1.,0.,0.));
#9912=DIRECTION('',(0.,0.,1.));
#9913=DIRECTION('',(1.,0.,0.));
#9914=DIRECTION('',(0.,0.,-1.));
#9915=DIRECTION('',(-1.,0.,0.));
#9916=DIRECTION('',(0.,0.,1.));
#9917=DIRECTION('',(1.,0.,0.));
#9918=DIRECTION('',(0.,0.,-1.));
#9919=DIRECTION('',(-1.,0.,0.));
#9920=DIRECTION('',(0.,0.,1.));
#9921=DIRECTION('',(1.,0.,0.));
#9922=DIRECTION('',(0.,0.,-1.));
#9923=DIRECTION('',(-1.,0.,0.));
#9924=DIRECTION('',(0.,0.,1.));
#9925=DIRECTION('',(1.,0.,0.));
#9926=DIRECTION('',(0.,0.,-1.));
#9927=DIRECTION('',(-1.,0.,0.));
#9928=DIRECTION('',(0.,0.,1.));
#9929=DIRECTION('',(1.,0.,0.));
#9930=DIRECTION('',(0.,0.,-1.));
#9931=DIRECTION('',(-1.,0.,0.));
#9932=DIRECTION('',(0.,0.,1.));
#9933=DIRECTION('',(1.,0.,0.));
#9934=DIRECTION('',(0.,0.,-1.));
#9935=DIRECTION('',(-1.,0.,0.));
#9936=DIRECTION('',(0.,0.,1.));
#9937=DIRECTION('',(1.,0.,0.));
#9938=DIRECTION('',(0.,0.,-1.));
#9939=DIRECTION('',(-1.,0.,0.));
#9940=DIRECTION('',(0.,0.,1.));
#9941=DIRECTION('',(1.,0.,0.));
#9942=DIRECTION('',(0.,0.,-1.));
#9943=DIRECTION('',(-1.,0.,0.));
#9944=DIRECTION('',(0.,0.,1.));
#9945=DIRECTION('',(1.,0.,0.));
#9946=DIRECTION('',(0.,0.,-1.));
#9947=DIRECTION('',(-1.,0.,0.));
#9948=DIRECTION('',(0.,0.,1.));
#9949=DIRECTION('',(1.,0.,0.));
#9950=DIRECTION('',(0.,0.,-1.));
#9951=DIRECTION('',(-1.,0.,0.));
#9952=DIRECTION('',(0.,0.,1.));
#9953=DIRECTION('',(1.,0.,0.));
#9954=DIRECTION('',(0.,0.,-1.));
#9955=DIRECTION('',(-1.,0.,0.));
#9956=DIRECTION('',(0.,0.,1.));
#9957=DIRECTION('',(1.,0.,0.));
#9958=DIRECTION('',(0.,0.,-1.));
#9959=DIRECTION('',(-1.,0.,0.));
#9960=DIRECTION('',(0.,0.,1.));
#9961=DIRECTION('',(1.,0.,0.));
#9962=DIRECTION('',(0.,0.,-1.));
#9963=DIRECTION('',(-1.,0.,0.));
#9964=DIRECTION('',(0.,0.,1.));
#9965=DIRECTION('',(1.,0.,0.));
#9966=DIRECTION('',(0.,0.,-1.));
#9967=DIRECTION('',(-1.,0.,0.));
#9968=DIRECTION('',(0.,0.,1.));
#9969=DIRECTION('',(1.,0.,0.));
#9970=DIRECTION('',(0.,0.,-1.));
#9971=DIRECTION('',(-1.,0.,0.));
#9972=DIRECTION('',(0.,0.,1.));
#9973=DIRECTION('',(1.,0.,0.));
#9974=DIRECTION('',(0.,0.,-1.));
#9975=DIRECTION('',(-1.,0.,0.));
#9976=DIRECTION('',(0.,0.,1.));
#9977=DIRECTION('',(1.,0.,0.));
#9978=DIRECTION('',(0.,0.,-1.));
#9979=DIRECTION('',(-1.,0.,0.));
#9980=DIRECTION('',(0.,0.,1.));
#9981=DIRECTION('',(1.,0.,0.));
#9982=DIRECTION('',(0.,0.,-1.));
#9983=DIRECTION('',(-1.,0.,0.));
#9984=DIRECTION('',(0.,0.,1.));
#9985=DIRECTION('',(1.,0.,0.));
#9986=DIRECTION('',(0.,0.,-1.));
#9987=DIRECTION('',(-1.,0.,0.));
#9988=DIRECTION('',(0.,0.,1.));
#9989=DIRECTION('',(1.,0.,0.));
#9990=DIRECTION('',(0.,0.,-1.));
#9991=DIRECTION('',(-1.,0.,0.));
#9992=DIRECTION('',(0.,0.,1.));
#9993=DIRECTION('',(1.,0.,0.));
#9994=DIRECTION('',(0.,0.,-1.));
#9995=DIRECTION('',(-1.,0.,0.));
#9996=DIRECTION('',(0.,0.,1.));
#9997=DIRECTION('',(1.,0.,0.));
#9998=DIRECTION('',(0.,0.,-1.));
#9999=DIRECTION('',(-1.,0.,0.));
#10000=DIRECTION('',(0.,0.,1.));
#10001=DIRECTION('',(1.,0.,0.));
#10002=DIRECTION('',(0.,0.,-1.));
#10003=DIRECTION('',(-1.,0.,0.));
#10004=DIRECTION('',(0.,0.,1.));
#10005=DIRECTION('',(1.,0.,0.));
#10006=DIRECTION('',(0.,0.,-1.));
#10007=DIRECTION('',(-1.,0.,0.));
#10008=DIRECTION('',(0.,0.,1.));
#10009=DIRECTION('',(1.,0.,0.));
#10010=DIRECTION('',(0.,0.,-1.));
#10011=DIRECTION('',(-1.,0.,0.));
#10012=DIRECTION('',(0.,0.,1.));
#10013=DIRECTION('',(1.,0.,0.));
#10014=DIRECTION('',(0.,0.,-1.));
#10015=DIRECTION('',(-1.,0.,0.));
#10016=DIRECTION('',(0.,0.,1.));
#10017=DIRECTION('',(1.,0.,0.));
#10018=DIRECTION('',(0.,0.,-1.));
#10019=DIRECTION('',(-1.,0.,0.));
#10020=DIRECTION('',(0.,0.,1.));
#10021=DIRECTION('',(1.,0.,0.));
#10022=DIRECTION('',(0.,0.,-1.));
#10023=DIRECTION('',(-1.,0.,0.));
#10024=DIRECTION('',(0.,0.,1.));
#10025=DIRECTION('',(1.,0.,0.));
#10026=DIRECTION('',(0.,0.,-1.));
#10027=DIRECTION('',(-1.,0.,0.));
#10028=DIRECTION('',(0.,0.,1.));
#10029=DIRECTION('',(1.,0.,0.));
#10030=DIRECTION('',(0.,0.,-1.));
#10031=DIRECTION('',(-1.,0.,0.));
#10032=DIRECTION('',(0.,0.,1.));
#10033=DIRECTION('',(1.,0.,0.));
#10034=DIRECTION('',(0.,0.,-1.));
#10035=DIRECTION('',(-1.,0.,0.));
#10036=DIRECTION('',(0.,0.,1.));
#10037=DIRECTION('',(1.,0.,0.));
#10038=DIRECTION('',(0.,0.,-1.));
#10039=DIRECTION('',(-1.,0.,0.));
#10040=DIRECTION('',(0.,0.,1.));
#10041=DIRECTION('',(1.,0.,0.));
#10042=DIRECTION('',(0.,0.,-1.));
#10043=DIRECTION('',(-1.,0.,0.));
#10044=DIRECTION('',(0.,0.,1.));
#10045=DIRECTION('',(1.,0.,0.));
#10046=DIRECTION('',(0.,0.,-1.));
#10047=DIRECTION('',(-1.,0.,0.));
#10048=DIRECTION('',(0.,0.,1.));
#10049=DIRECTION('',(1.,0.,0.));
#10050=DIRECTION('',(0.,0.,-1.));
#10051=DIRECTION('',(-1.,0.,0.));
#10052=DIRECTION('',(0.,0.,1.));
#10053=DIRECTION('',(1.,0.,0.));
#10054=DIRECTION('',(0.,0.,-1.));
#10055=DIRECTION('',(-1.,0.,0.));
#10056=DIRECTION('',(0.,0.,1.));
#10057=DIRECTION('',(1.,0.,0.));
#10058=DIRECTION('',(0.,0.,-1.));
#10059=DIRECTION('',(-1.,0.,0.));
#10060=DIRECTION('',(0.,0.,1.));
#10061=DIRECTION('',(1.,0.,0.));
#10062=DIRECTION('',(0.,0.,-1.));
#10063=DIRECTION('',(-1.,0.,0.));
#10064=DIRECTION('',(0.,0.,1.));
#10065=DIRECTION('',(1.,0.,0.));
#10066=DIRECTION('',(0.,0.,-1.));
#10067=DIRECTION('',(-1.,0.,0.));
#10068=DIRECTION('',(0.,0.,1.));
#10069=DIRECTION('',(1.,0.,0.));
#10070=DIRECTION('',(0.,0.,-1.));
#10071=DIRECTION('',(-1.,0.,0.));
#10072=DIRECTION('',(0.,0.,1.));
#10073=DIRECTION('',(1.,0.,0.));
#10074=DIRECTION('',(0.,0.,-1.));
#10075=DIRECTION('',(-1.,0.,0.));
#10076=DIRECTION('',(0.,0.,1.));
#10077=DIRECTION('',(1.,0.,0.));
#10078=DIRECTION('',(0.,0.,-1.));
#10079=DIRECTION('',(-1.,0.,0.));
#10080=DIRECTION('',(0.,0.,1.));
#10081=DIRECTION('',(1.,0.,0.));
#10082=DIRECTION('',(0.,0.,-1.));
#10083=DIRECTION('',(-1.,0.,0.));
#10084=DIRECTION('',(0.,0.,1.));
#10085=DIRECTION('',(1.,0.,0.));
#10086=DIRECTION('',(0.,0.,-1.));
#10087=DIRECTION('',(-1.,0.,0.));
#10088=DIRECTION('',(0.,0.,1.));
#10089=DIRECTION('',(1.,0.,0.));
#10090=DIRECTION('',(0.,0.,-1.));
#10091=DIRECTION('',(-1.,0.,0.));
#10092=DIRECTION('',(0.,0.,1.));
#10093=DIRECTION('',(1.,0.,0.));
#10094=DIRECTION('',(0.,0.,-1.));
#10095=DIRECTION('',(-1.,0.,0.));
#10096=DIRECTION('',(0.,0.,1.));
#10097=DIRECTION('',(1.,0.,0.));
#10098=DIRECTION('',(0.,0.,-1.));
#10099=DIRECTION('',(-1.,0.,0.));
#10100=DIRECTION('',(0.,0.,1.));
#10101=DIRECTION('',(1.,0.,0.));
#10102=DIRECTION('',(0.,0.,-1.));
#10103=DIRECTION('',(-1.,0.,0.));
#10104=DIRECTION('',(0.,0.,1.));
#10105=DIRECTION('',(1.,0.,0.));
#10106=DIRECTION('',(0.,0.,-1.));
#10107=DIRECTION('',(-1.,0.,0.));
#10108=DIRECTION('',(0.,0.,1.));
#10109=DIRECTION('',(1.,0.,0.));
#10110=DIRECTION('',(0.,0.,-1.));
#10111=DIRECTION('',(-1.,0.,0.));
#10112=DIRECTION('',(0.,0.,1.));
#10113=DIRECTION('',(1.,0.,0.));
#10114=DIRECTION('',(0.,0.,-1.));
#10115=DIRECTION('',(-1.,0.,0.));
#10116=DIRECTION('',(0.,0.,1.));
#10117=DIRECTION('',(1.,0.,0.));
#10118=DIRECTION('',(0.,0.,-1.));
#10119=DIRECTION('',(-1.,0.,0.));
#10120=DIRECTION('',(0.,0.,1.));
#10121=DIRECTION('',(1.,0.,0.));
#10122=DIRECTION('',(0.,0.,-1.));
#10123=DIRECTION('',(-1.,0.,0.));
#10124=DIRECTION('',(0.,0.,1.));
#10125=DIRECTION('',(1.,0.,0.));
#10126=DIRECTION('',(0.,0.,-1.));
#10127=DIRECTION('',(-1.,0.,0.));
#10128=DIRECTION('',(0.,0.,1.));
#10129=DIRECTION('',(1.,0.,0.));
#10130=DIRECTION('',(0.,0.,-1.));
#10131=DIRECTION('',(-1.,0.,0.));
#10132=DIRECTION('',(0.,0.,1.));
#10133=DIRECTION('',(1.,0.,0.));
#10134=DIRECTION('',(0.,0.,-1.));
#10135=DIRECTION('',(-1.,0.,0.));
#10136=DIRECTION('',(0.,0.,-1.));
#10137=DIRECTION('',(0.,0.,-1.));
#10138=DIRECTION('',(1.,0.,0.));
#10139=DIRECTION('',(0.,0.,-1.));
#10140=DIRECTION('',(0.,0.,-1.));
#10141=DIRECTION('',(-1.,0.,0.));
#10142=DIRECTION('',(0.,0.,-1.));
#10143=DIRECTION('',(0.,0.,-1.));
#10144=DIRECTION('',(1.,0.,0.));
#10145=DIRECTION('',(0.,0.,-1.));
#10146=DIRECTION('',(0.,0.,-1.));
#10147=DIRECTION('',(-1.,0.,0.));
#10148=DIRECTION('',(0.,0.,-1.));
#10149=DIRECTION('',(0.,0.,-1.));
#10150=DIRECTION('',(1.,0.,0.));
#10151=DIRECTION('',(0.,0.,-1.));
#10152=DIRECTION('',(0.,0.,-1.));
#10153=DIRECTION('',(-1.,0.,0.));
#10154=DIRECTION('',(0.,0.,-1.));
#10155=DIRECTION('',(0.,0.,-1.));
#10156=DIRECTION('',(1.,0.,0.));
#10157=DIRECTION('',(0.,0.,-1.));
#10158=DIRECTION('',(0.,0.,-1.));
#10159=DIRECTION('',(-1.,0.,0.));
#10160=DIRECTION('',(0.,0.,-1.));
#10161=DIRECTION('',(0.,0.,-1.));
#10162=DIRECTION('',(1.,0.,0.));
#10163=DIRECTION('',(0.,0.,-1.));
#10164=DIRECTION('',(0.,0.,-1.));
#10165=DIRECTION('',(-1.,0.,0.));
#10166=DIRECTION('',(0.,0.,-1.));
#10167=DIRECTION('',(0.,0.,-1.));
#10168=DIRECTION('',(1.,0.,0.));
#10169=DIRECTION('',(0.,0.,-1.));
#10170=DIRECTION('',(0.,0.,-1.));
#10171=DIRECTION('',(-1.,0.,0.));
#10172=DIRECTION('',(0.,0.,1.));
#10173=DIRECTION('',(1.,0.,0.));
#10174=DIRECTION('',(0.,0.,-1.));
#10175=DIRECTION('',(-1.,0.,0.));
#10176=DIRECTION('',(0.,0.,1.));
#10177=DIRECTION('',(1.,0.,0.));
#10178=DIRECTION('',(0.,0.,-1.));
#10179=DIRECTION('',(-1.,0.,0.));
#10180=DIRECTION('',(0.,0.,1.));
#10181=DIRECTION('',(1.,0.,0.));
#10182=DIRECTION('',(0.,0.,-1.));
#10183=DIRECTION('',(-1.,0.,0.));
#10184=DIRECTION('',(0.,0.,1.));
#10185=DIRECTION('',(1.,0.,0.));
#10186=DIRECTION('',(0.,0.,-1.));
#10187=DIRECTION('',(-1.,0.,0.));
#10188=DIRECTION('',(0.,0.,1.));
#10189=DIRECTION('',(1.,0.,0.));
#10190=DIRECTION('',(0.,0.,-1.));
#10191=DIRECTION('',(-1.,0.,0.));
#10192=DIRECTION('',(0.,0.,1.));
#10193=DIRECTION('',(1.,0.,0.));
#10194=DIRECTION('',(0.,0.,-1.));
#10195=DIRECTION('',(-1.,0.,0.));
#10196=DIRECTION('',(0.,0.,1.));
#10197=DIRECTION('',(1.,0.,0.));
#10198=DIRECTION('',(0.,0.,-1.));
#10199=DIRECTION('',(-1.,0.,0.));
#10200=DIRECTION('',(0.,0.,1.));
#10201=DIRECTION('',(1.,0.,0.));
#10202=DIRECTION('',(0.,0.,-1.));
#10203=DIRECTION('',(-1.,0.,0.));
#10204=DIRECTION('',(0.,0.,1.));
#10205=DIRECTION('',(1.,0.,0.));
#10206=DIRECTION('',(0.,0.,-1.));
#10207=DIRECTION('',(-1.,0.,0.));
#10208=DIRECTION('',(0.,0.,1.));
#10209=DIRECTION('',(1.,0.,0.));
#10210=DIRECTION('',(0.,0.,-1.));
#10211=DIRECTION('',(-1.,0.,0.));
#10212=DIRECTION('',(0.,0.,1.));
#10213=DIRECTION('',(1.,0.,0.));
#10214=DIRECTION('',(0.,0.,-1.));
#10215=DIRECTION('',(-1.,0.,0.));
#10216=DIRECTION('',(0.,0.,1.));
#10217=DIRECTION('',(1.,0.,0.));
#10218=DIRECTION('',(0.,0.,-1.));
#10219=DIRECTION('',(-1.,0.,0.));
#10220=DIRECTION('',(0.,0.,1.));
#10221=DIRECTION('',(1.,0.,0.));
#10222=DIRECTION('',(0.,0.,-1.));
#10223=DIRECTION('',(-1.,0.,0.));
#10224=DIRECTION('',(0.,0.,1.));
#10225=DIRECTION('',(1.,0.,0.));
#10226=DIRECTION('',(0.,0.,-1.));
#10227=DIRECTION('',(-1.,0.,0.));
#10228=DIRECTION('',(0.,0.,1.));
#10229=DIRECTION('',(1.,0.,0.));
#10230=DIRECTION('',(0.,0.,-1.));
#10231=DIRECTION('',(-1.,0.,0.));
#10232=DIRECTION('',(0.,0.,1.));
#10233=DIRECTION('',(1.,0.,0.));
#10234=DIRECTION('',(0.,0.,-1.));
#10235=DIRECTION('',(-1.,0.,0.));
#10236=DIRECTION('',(0.,0.,1.));
#10237=DIRECTION('',(1.,0.,0.));
#10238=DIRECTION('',(0.,0.,-1.));
#10239=DIRECTION('',(-1.,0.,0.));
#10240=DIRECTION('',(0.,0.,1.));
#10241=DIRECTION('',(1.,0.,0.));
#10242=DIRECTION('',(0.,0.,-1.));
#10243=DIRECTION('',(-1.,0.,0.));
#10244=DIRECTION('',(0.,0.,1.));
#10245=DIRECTION('',(1.,0.,0.));
#10246=DIRECTION('',(0.,0.,-1.));
#10247=DIRECTION('',(-1.,0.,0.));
#10248=DIRECTION('',(0.,0.,1.));
#10249=DIRECTION('',(1.,0.,0.));
#10250=DIRECTION('',(0.,0.,-1.));
#10251=DIRECTION('',(-1.,0.,0.));
#10252=DIRECTION('',(0.,0.,1.));
#10253=DIRECTION('',(1.,0.,0.));
#10254=DIRECTION('',(0.,0.,-1.));
#10255=DIRECTION('',(-1.,0.,0.));
#10256=DIRECTION('',(0.,0.,1.));
#10257=DIRECTION('',(1.,0.,0.));
#10258=DIRECTION('',(0.,0.,-1.));
#10259=DIRECTION('',(-1.,0.,0.));
#10260=DIRECTION('',(0.,0.,1.));
#10261=DIRECTION('',(1.,0.,0.));
#10262=DIRECTION('',(0.,0.,-1.));
#10263=DIRECTION('',(-1.,0.,0.));
#10264=DIRECTION('',(0.,0.,1.));
#10265=DIRECTION('',(1.,0.,0.));
#10266=DIRECTION('',(0.,0.,-1.));
#10267=DIRECTION('',(-1.,0.,0.));
#10268=DIRECTION('',(0.,0.,1.));
#10269=DIRECTION('',(1.,0.,0.));
#10270=DIRECTION('',(0.,0.,-1.));
#10271=DIRECTION('',(-1.,0.,0.));
#10272=DIRECTION('',(0.,0.,1.));
#10273=DIRECTION('',(1.,0.,0.));
#10274=DIRECTION('',(0.,0.,-1.));
#10275=DIRECTION('',(-1.,0.,0.));
#10276=DIRECTION('',(0.,0.,1.));
#10277=DIRECTION('',(1.,0.,0.));
#10278=DIRECTION('',(0.,0.,-1.));
#10279=DIRECTION('',(-1.,0.,0.));
#10280=DIRECTION('',(0.,0.,1.));
#10281=DIRECTION('',(1.,0.,0.));
#10282=DIRECTION('',(0.,0.,-1.));
#10283=DIRECTION('',(-1.,0.,0.));
#10284=DIRECTION('',(0.,0.,1.));
#10285=DIRECTION('',(1.,0.,0.));
#10286=DIRECTION('',(0.,0.,-1.));
#10287=DIRECTION('',(-1.,0.,0.));
#10288=DIRECTION('',(0.,0.,1.));
#10289=DIRECTION('',(1.,0.,0.));
#10290=DIRECTION('',(0.,0.,-1.));
#10291=DIRECTION('',(-1.,0.,0.));
#10292=DIRECTION('',(0.,0.,1.));
#10293=DIRECTION('',(1.,0.,0.));
#10294=DIRECTION('',(0.,0.,-1.));
#10295=DIRECTION('',(-1.,0.,0.));
#10296=DIRECTION('',(0.,0.,1.));
#10297=DIRECTION('',(1.,0.,0.));
#10298=DIRECTION('',(0.,0.,-1.));
#10299=DIRECTION('',(-1.,0.,0.));
#10300=DIRECTION('',(0.,0.,1.));
#10301=DIRECTION('',(1.,0.,0.));
#10302=DIRECTION('',(0.,0.,-1.));
#10303=DIRECTION('',(-1.,0.,0.));
#10304=DIRECTION('',(0.,0.,1.));
#10305=DIRECTION('',(1.,0.,0.));
#10306=DIRECTION('',(0.,0.,-1.));
#10307=DIRECTION('',(-1.,0.,0.));
#10308=DIRECTION('',(0.,0.,1.));
#10309=DIRECTION('',(1.,0.,0.));
#10310=DIRECTION('',(0.,0.,-1.));
#10311=DIRECTION('',(-1.,0.,0.));
#10312=DIRECTION('',(0.,0.,1.));
#10313=DIRECTION('',(1.,0.,0.));
#10314=DIRECTION('',(0.,0.,-1.));
#10315=DIRECTION('',(-1.,0.,0.));
#10316=DIRECTION('',(0.,0.,1.));
#10317=DIRECTION('',(1.,0.,0.));
#10318=DIRECTION('',(0.,0.,-1.));
#10319=DIRECTION('',(-1.,0.,0.));
#10320=DIRECTION('',(0.,0.,1.));
#10321=DIRECTION('',(1.,0.,0.));
#10322=DIRECTION('',(0.,0.,-1.));
#10323=DIRECTION('',(-1.,0.,0.));
#10324=DIRECTION('',(0.,0.,1.));
#10325=DIRECTION('',(1.,0.,0.));
#10326=DIRECTION('',(0.,0.,-1.));
#10327=DIRECTION('',(-1.,0.,0.));
#10328=DIRECTION('',(0.,0.,1.));
#10329=DIRECTION('',(1.,0.,0.));
#10330=DIRECTION('',(0.,0.,-1.));
#10331=DIRECTION('',(-1.,0.,0.));
#10332=DIRECTION('',(0.,0.,1.));
#10333=DIRECTION('',(1.,0.,0.));
#10334=DIRECTION('',(0.,0.,-1.));
#10335=DIRECTION('',(-1.,0.,0.));
#10336=DIRECTION('',(0.,0.,1.));
#10337=DIRECTION('',(1.,0.,0.));
#10338=DIRECTION('',(0.,0.,-1.));
#10339=DIRECTION('',(-1.,0.,0.));
#10340=DIRECTION('',(0.,0.,1.));
#10341=DIRECTION('',(1.,0.,0.));
#10342=DIRECTION('',(0.,0.,-1.));
#10343=DIRECTION('',(-1.,0.,0.));
#10344=DIRECTION('',(0.,0.,1.));
#10345=DIRECTION('',(1.,0.,0.));
#10346=DIRECTION('',(0.,0.,-1.));
#10347=DIRECTION('',(-1.,0.,0.));
#10348=DIRECTION('',(0.,0.,1.));
#10349=DIRECTION('',(1.,0.,0.));
#10350=DIRECTION('',(0.,0.,-1.));
#10351=DIRECTION('',(-1.,0.,0.));
#10352=DIRECTION('',(0.,0.,1.));
#10353=DIRECTION('',(1.,0.,0.));
#10354=DIRECTION('',(0.,0.,-1.));
#10355=DIRECTION('',(-1.,0.,0.));
#10356=DIRECTION('',(0.,0.,1.));
#10357=DIRECTION('',(1.,0.,0.));
#10358=DIRECTION('',(0.,0.,-1.));
#10359=DIRECTION('',(-1.,0.,0.));
#10360=DIRECTION('',(0.,0.,1.));
#10361=DIRECTION('',(1.,0.,0.));
#10362=DIRECTION('',(0.,0.,-1.));
#10363=DIRECTION('',(-1.,0.,0.));
#10364=DIRECTION('',(0.,0.,1.));
#10365=DIRECTION('',(1.,0.,0.));
#10366=DIRECTION('',(0.,0.,-1.));
#10367=DIRECTION('',(-1.,0.,0.));
#10368=DIRECTION('',(0.,0.,1.));
#10369=DIRECTION('',(1.,0.,0.));
#10370=DIRECTION('',(0.,0.,-1.));
#10371=DIRECTION('',(-1.,0.,0.));
#10372=DIRECTION('',(0.,0.,1.));
#10373=DIRECTION('',(1.,0.,0.));
#10374=DIRECTION('',(0.,0.,-1.));
#10375=DIRECTION('',(-1.,0.,0.));
#10376=DIRECTION('',(0.,0.,-1.));
#10377=DIRECTION('',(1.,0.,0.));
#10378=DIRECTION('',(0.,0.,-1.));
#10379=DIRECTION('',(0.,0.,-1.));
#10380=DIRECTION('',(0.,0.,1.));
#10381=DIRECTION('',(1.,0.,0.));
#10382=DIRECTION('',(0.,1.,0.));
#10383=DIRECTION('',(-1.,-1.67202262744752E-16,0.));
#10384=DIRECTION('',(0.,1.,0.));
#10385=DIRECTION('',(-1.,-1.67202262744752E-16,0.));
#10386=DIRECTION('',(0.,0.,1.));
#10387=DIRECTION('',(1.,0.,0.));
#10388=DIRECTION('',(0.,0.,1.));
#10389=DIRECTION('',(1.,0.,0.));
#10390=DIRECTION('',(0.,0.,1.));
#10391=DIRECTION('',(1.,0.,0.));
#10392=DIRECTION('',(0.,0.,1.));
#10393=DIRECTION('',(1.,0.,0.));
#10394=DIRECTION('',(0.,0.,1.));
#10395=DIRECTION('',(1.,0.,0.));
#10396=DIRECTION('',(0.,0.,1.));
#10397=DIRECTION('',(1.,0.,0.));
#10398=DIRECTION('',(0.,0.,1.));
#10399=DIRECTION('',(1.,0.,0.));
#10400=DIRECTION('',(0.,0.,1.));
#10401=DIRECTION('',(1.,0.,0.));
#10402=DIRECTION('',(0.,0.,1.));
#10403=DIRECTION('',(1.,0.,0.));
#10404=DIRECTION('',(0.,0.,1.));
#10405=DIRECTION('',(1.,0.,0.));
#10406=DIRECTION('',(0.,0.,1.));
#10407=DIRECTION('',(1.,0.,0.));
#10408=DIRECTION('',(0.,0.,1.));
#10409=DIRECTION('',(1.,0.,0.));
#10410=DIRECTION('',(0.,0.,1.));
#10411=DIRECTION('',(1.,0.,0.));
#10412=DIRECTION('',(0.,0.,1.));
#10413=DIRECTION('',(1.,0.,0.));
#10414=DIRECTION('',(0.,0.,1.));
#10415=DIRECTION('',(1.,0.,0.));
#10416=DIRECTION('',(0.,0.,1.));
#10417=DIRECTION('',(1.,0.,0.));
#10418=DIRECTION('',(0.,0.,1.));
#10419=DIRECTION('',(1.,0.,0.));
#10420=DIRECTION('',(0.,0.,1.));
#10421=DIRECTION('',(1.,0.,0.));
#10422=DIRECTION('',(0.,0.,1.));
#10423=DIRECTION('',(1.,0.,0.));
#10424=DIRECTION('',(0.,0.,1.));
#10425=DIRECTION('',(1.,0.,0.));
#10426=DIRECTION('',(0.,0.,1.));
#10427=DIRECTION('',(1.,0.,0.));
#10428=DIRECTION('',(0.,0.,-1.));
#10429=DIRECTION('',(-1.,0.,0.));
#10430=DIRECTION('',(0.,0.,-1.));
#10431=DIRECTION('',(-1.,0.,0.));
#10432=DIRECTION('',(0.,0.,-1.));
#10433=DIRECTION('',(-1.,0.,0.));
#10434=DIRECTION('',(0.,0.,-1.));
#10435=DIRECTION('',(-1.,0.,0.));
#10436=DIRECTION('',(0.,0.,-1.));
#10437=DIRECTION('',(-1.,0.,0.));
#10438=DIRECTION('',(0.,0.,-1.));
#10439=DIRECTION('',(-1.,0.,0.));
#10440=DIRECTION('',(0.,0.,-1.));
#10441=DIRECTION('',(-1.,0.,0.));
#10442=DIRECTION('',(0.,0.,-1.));
#10443=DIRECTION('',(-1.,0.,0.));
#10444=DIRECTION('',(0.,0.,-1.));
#10445=DIRECTION('',(-1.,0.,0.));
#10446=DIRECTION('',(0.,0.,-1.));
#10447=DIRECTION('',(-1.,0.,0.));
#10448=DIRECTION('',(0.,0.,-1.));
#10449=DIRECTION('',(-1.,0.,0.));
#10450=DIRECTION('',(0.,0.,-1.));
#10451=DIRECTION('',(-1.,0.,0.));
#10452=DIRECTION('',(0.,0.,-1.));
#10453=DIRECTION('',(-1.,0.,0.));
#10454=DIRECTION('',(0.,0.,-1.));
#10455=DIRECTION('',(-1.,0.,0.));
#10456=DIRECTION('',(0.,0.,1.));
#10457=DIRECTION('',(1.,0.,0.));
#10458=DIRECTION('',(0.,0.,1.));
#10459=DIRECTION('',(1.,0.,0.));
#10460=DIRECTION('',(0.,0.,1.));
#10461=DIRECTION('',(1.,0.,0.));
#10462=DIRECTION('',(0.,0.,1.));
#10463=DIRECTION('',(1.,0.,0.));
#10464=DIRECTION('',(0.,0.,1.));
#10465=DIRECTION('',(1.,0.,0.));
#10466=DIRECTION('',(0.,0.,1.));
#10467=DIRECTION('',(1.,0.,0.));
#10468=DIRECTION('',(0.,0.,1.));
#10469=DIRECTION('',(1.,0.,0.));
#10470=DIRECTION('',(0.,0.,1.));
#10471=DIRECTION('',(1.,0.,0.));
#10472=DIRECTION('',(0.,0.,1.));
#10473=DIRECTION('',(1.,0.,0.));
#10474=DIRECTION('',(0.,0.,1.));
#10475=DIRECTION('',(1.,0.,0.));
#10476=DIRECTION('',(0.,0.,1.));
#10477=DIRECTION('',(1.,0.,0.));
#10478=DIRECTION('',(0.,0.,1.));
#10479=DIRECTION('',(1.,0.,0.));
#10480=DIRECTION('',(0.,0.,1.));
#10481=DIRECTION('',(1.,0.,0.));
#10482=DIRECTION('',(0.,0.,1.));
#10483=DIRECTION('',(1.,0.,0.));
#10484=DIRECTION('',(0.,0.,1.));
#10485=DIRECTION('',(1.,0.,0.));
#10486=DIRECTION('',(0.,0.,1.));
#10487=DIRECTION('',(1.,0.,0.));
#10488=DIRECTION('',(0.,0.,1.));
#10489=DIRECTION('',(1.,0.,0.));
#10490=DIRECTION('',(0.,0.,1.));
#10491=DIRECTION('',(1.,0.,0.));
#10492=DIRECTION('',(0.,0.,1.));
#10493=DIRECTION('',(1.,0.,0.));
#10494=DIRECTION('',(0.,0.,1.));
#10495=DIRECTION('',(1.,0.,0.));
#10496=DIRECTION('',(0.,0.,1.));
#10497=DIRECTION('',(1.,0.,0.));
#10498=DIRECTION('',(0.,0.,1.));
#10499=DIRECTION('',(1.,0.,0.));
#10500=DIRECTION('',(0.,0.,1.));
#10501=DIRECTION('',(1.,0.,0.));
#10502=DIRECTION('',(0.,0.,1.));
#10503=DIRECTION('',(1.,0.,0.));
#10504=DIRECTION('',(0.,0.,1.));
#10505=DIRECTION('',(1.,0.,0.));
#10506=DIRECTION('',(0.,0.,1.));
#10507=DIRECTION('',(1.,0.,0.));
#10508=DIRECTION('',(0.,0.,1.));
#10509=DIRECTION('',(1.,0.,0.));
#10510=DIRECTION('',(0.,0.,1.));
#10511=DIRECTION('',(1.,0.,0.));
#10512=DIRECTION('',(0.,0.,1.));
#10513=DIRECTION('',(1.,0.,0.));
#10514=DIRECTION('',(0.,0.,1.));
#10515=DIRECTION('',(1.,0.,0.));
#10516=DIRECTION('',(0.,0.,1.));
#10517=DIRECTION('',(1.,0.,0.));
#10518=DIRECTION('',(0.,0.,1.));
#10519=DIRECTION('',(1.,0.,0.));
#10520=DIRECTION('',(0.,0.,1.));
#10521=DIRECTION('',(1.,0.,0.));
#10522=DIRECTION('',(0.,0.,1.));
#10523=DIRECTION('',(1.,0.,0.));
#10524=DIRECTION('',(0.,0.,1.));
#10525=DIRECTION('',(1.,0.,0.));
#10526=DIRECTION('',(0.,0.,1.));
#10527=DIRECTION('',(1.,0.,0.));
#10528=DIRECTION('',(0.,0.,1.));
#10529=DIRECTION('',(1.,0.,0.));
#10530=DIRECTION('',(0.,0.,1.));
#10531=DIRECTION('',(1.,0.,0.));
#10532=DIRECTION('',(0.,0.,1.));
#10533=DIRECTION('',(1.,0.,0.));
#10534=DIRECTION('',(0.,0.,1.));
#10535=DIRECTION('',(1.,0.,0.));
#10536=DIRECTION('',(0.,0.,1.));
#10537=DIRECTION('',(1.,0.,0.));
#10538=DIRECTION('',(0.,0.,1.));
#10539=DIRECTION('',(1.,0.,0.));
#10540=DIRECTION('',(0.,0.,1.));
#10541=DIRECTION('',(1.,0.,0.));
#10542=DIRECTION('',(0.,0.,1.));
#10543=DIRECTION('',(1.,0.,0.));
#10544=DIRECTION('',(0.,0.,1.));
#10545=DIRECTION('',(1.,0.,0.));
#10546=DIRECTION('',(0.,0.,1.));
#10547=DIRECTION('',(1.,0.,0.));
#10548=DIRECTION('',(0.,0.,1.));
#10549=DIRECTION('',(1.,0.,0.));
#10550=DIRECTION('',(0.,0.,1.));
#10551=DIRECTION('',(1.,0.,0.));
#10552=DIRECTION('',(0.,0.,-1.));
#10553=DIRECTION('',(-1.,0.,0.));
#10554=DIRECTION('',(0.,0.,-1.));
#10555=DIRECTION('',(-1.,0.,0.));
#10556=DIRECTION('',(0.,0.,-1.));
#10557=DIRECTION('',(-1.,0.,0.));
#10558=DIRECTION('',(0.,0.,-1.));
#10559=DIRECTION('',(-1.,0.,0.));
#10560=DIRECTION('',(0.,0.,1.));
#10561=DIRECTION('',(1.,0.,0.));
#10562=DIRECTION('',(0.,0.,1.));
#10563=DIRECTION('',(1.,0.,0.));
#10564=DIRECTION('',(0.,0.,1.));
#10565=DIRECTION('',(1.,0.,0.));
#10566=DIRECTION('',(0.,0.,1.));
#10567=DIRECTION('',(1.,0.,0.));
#10568=DIRECTION('',(-1.25808690599661E-16,0.707106781186547,-0.707106781186548));
#10569=DIRECTION('',(1.,1.77920356510442E-16,0.));
#10570=DIRECTION('',(1.25808690599661E-16,-0.707106781186545,0.70710678118655));
#10571=DIRECTION('',(1.,1.77920356510442E-16,0.));
#10572=DIRECTION('',(0.,-1.,0.));
#10573=DIRECTION('',(1.,0.,0.));
#10574=DIRECTION('',(0.,-1.,0.));
#10575=DIRECTION('',(0.,0.,-1.));
#10576=DIRECTION('',(-1.,0.,0.));
#10577=DIRECTION('',(0.,-1.,0.));
#10578=DIRECTION('',(0.,0.,-1.));
#10579=DIRECTION('',(1.,0.,1.92747052886312E-16));
#10580=DIRECTION('',(0.,0.,-1.));
#10581=DIRECTION('',(-1.,0.,0.));
#10582=DIRECTION('',(0.,-1.,0.));
#10583=DIRECTION('',(0.,1.,0.));
#10584=DIRECTION('',(0.,-1.,0.));
#10585=DIRECTION('',(0.,0.,-1.));
#10586=DIRECTION('',(0.,-1.,0.));
#10587=DIRECTION('',(-1.92747052886312E-16,0.,1.));
#10588=DIRECTION('',(1.,0.,1.92747052886312E-16));
#10589=DIRECTION('',(0.,1.,0.));
#10590=DIRECTION('',(0.,-1.,0.));
#10591=DIRECTION('',(0.,0.,-1.));
#10592=DIRECTION('',(0.,0.0871557427476584,-0.996194698091746));
#10593=DIRECTION('',(0.,0.996194698091746,0.0871557427476584));
#10594=DIRECTION('',(0.,0.996194698091746,0.0871557427476584));
#10595=DIRECTION('',(1.,0.,0.));
#10596=DIRECTION('',(0.,1.,0.));
#10597=DIRECTION('',(1.,0.,0.));
#10598=DIRECTION('',(0.,0.,-1.));
#10599=DIRECTION('',(0.,0.996194698091745,0.0871557427476649));
#10600=DIRECTION('',(0.,-0.431393775813427,0.902163738015131));
#10601=DIRECTION('',(0.,-0.0871557427476708,0.996194698091744));
#10602=DIRECTION('',(0.,-0.996194698091745,-0.0871557427476599));
#10603=DIRECTION('',(0.,0.0871557427476599,-0.996194698091745));
#10604=DIRECTION('',(0.,0.0871557427476599,-0.996194698091745));
#10605=DIRECTION('',(1.,0.,0.));
#10606=DIRECTION('',(2.22661377099726E-19,-0.0871557427476599,0.996194698091745));
#10607=DIRECTION('',(0.,-0.996194698091745,-0.0871557427476599));
#10608=DIRECTION('',(0.135234990413362,-0.086355091160767,0.987043208577271));
#10609=DIRECTION('',(1.,0.,0.));
#10610=DIRECTION('',(1.,0.,0.));
#10611=DIRECTION('',(1.,0.,0.));
#10612=DIRECTION('',(0.,0.0871557427476649,-0.996194698091745));
#10613=DIRECTION('',(0.,0.996194698091745,0.0871557427476649));
#10614=DIRECTION('',(-0.939692620785908,-0.34071865342161,-0.0298090196262097));
#10615=DIRECTION('',(0.342020143325668,-0.936116806662859,-0.0818996083190909));
#10616=DIRECTION('',(-0.299483362378483,0.77759810562322,0.552857035579415));
#10617=DIRECTION('',(0.0317061473054025,5.65299195882762E-18,-0.99949723372456));
#10618=DIRECTION('',(4.00543728508358E-15,-0.0871557427476709,0.996194698091745));
#10619=DIRECTION('',(-0.126767462273407,0.427913490425338,-0.894885498385555));
#10620=DIRECTION('',(3.46944695195361E-18,0.0871557427476599,-0.996194698091746));
#10621=DIRECTION('',(0.,0.996194698091744,0.0871557427476708));
#10622=DIRECTION('',(0.,-0.0871557427476708,0.996194698091744));
#10623=DIRECTION('',(0.,-0.0871557427476708,0.996194698091744));
#10624=DIRECTION('',(-1.,0.,0.));
#10625=DIRECTION('',(0.,-0.996194698091744,-0.0871557427476708));
#10626=DIRECTION('',(0.,0.0871557427476708,-0.996194698091744));
#10627=DIRECTION('',(-4.00940698397483E-15,0.0871557427476708,-0.996194698091744));
#10628=DIRECTION('',(-1.,0.,0.));
#10629=DIRECTION('',(0.,-0.996194698091744,-0.0871557427476708));
#10630=DIRECTION('',(0.135234990413361,-0.0863550911607778,0.98704320857727));
#10631=DIRECTION('',(0.,-0.902163738015131,-0.431393775813427));
#10632=DIRECTION('',(-1.,0.,0.));
#10633=DIRECTION('',(-0.126767462273407,0.427913490425338,-0.894885498385555));
#10634=DIRECTION('',(0.,0.902163738015131,0.431393775813427));
#10635=DIRECTION('',(1.,0.,0.));
#10636=DIRECTION('',(0.,0.431393775813427,-0.902163738015131));
#10637=DIRECTION('',(0.,-1.,0.));
#10638=DIRECTION('',(0.,0.,-1.));
#10639=DIRECTION('',(1.,0.,0.));
#10640=DIRECTION('',(0.,0.,-1.));
#10641=DIRECTION('',(1.,0.,0.));
#10642=DIRECTION('',(0.,0.,-1.));
#10643=DIRECTION('',(1.,0.,0.));
#10644=DIRECTION('',(0.,1.,0.));
#10645=DIRECTION('',(0.,-0.996194698091745,-0.0871557427476596));
#10646=DIRECTION('',(1.,0.,0.));
#10647=DIRECTION('',(0.,0.,-1.));
#10648=DIRECTION('',(1.,0.,0.));
#10649=DIRECTION('',(0.,0.,-1.));
#10650=DIRECTION('',(0.,-1.,0.));
#10651=DIRECTION('',(0.,-0.0871557427476586,0.996194698091746));
#10652=DIRECTION('',(0.,-0.0871557427476596,0.996194698091745));
#10653=DIRECTION('',(0.,-0.996194698091746,-0.0871557427476596));
#10654=DIRECTION('',(1.,0.,0.));
#10655=DIRECTION('',(1.,0.,0.));
#10656=DIRECTION('',(0.,0.996194698091746,0.0871557427476586));
#10657=DIRECTION('',(0.,-0.0871557427476586,0.996194698091746));
#10658=DIRECTION('',(1.,0.,0.));
#10659=DIRECTION('',(0.,0.996194698091746,0.0871557427476586));
#10660=DIRECTION('',(0.,-0.0871557427476586,0.996194698091746));
#10661=DIRECTION('',(0.,0.,1.));
#10662=DIRECTION('',(1.,0.,0.));
#10663=DIRECTION('',(0.,-1.,0.));
#10664=DIRECTION('',(1.,0.,0.));
#10665=DIRECTION('',(0.,1.,0.));
#10666=DIRECTION('',(1.,0.,0.));
#10667=DIRECTION('',(0.,0.,-1.));
#10668=DIRECTION('',(0.,0.,-1.));
#10669=DIRECTION('',(-1.,0.,0.));
#10670=DIRECTION('',(0.,0.,-1.));
#10671=DIRECTION('',(0.,-0.707106781186547,0.707106781186548));
#10672=DIRECTION('',(1.,0.,0.));
#10673=DIRECTION('',(0.,0.,-1.));
#10674=DIRECTION('',(0.,0.707106781186548,0.707106781186547));
#10675=DIRECTION('',(0.,-0.707106781186547,0.707106781186548));
#10676=DIRECTION('',(0.,-0.707106781186548,0.707106781186547));
#10677=DIRECTION('',(1.,0.,0.));
#10678=DIRECTION('',(-1.,0.,0.));
#10679=DIRECTION('',(0.,-1.,0.));
#10680=DIRECTION('',(0.,0.,-1.));
#10681=DIRECTION('',(0.,0.,-1.));
#10682=DIRECTION('',(1.,0.,0.));
#10683=DIRECTION('',(0.,0.,-1.));
#10684=DIRECTION('',(-1.,0.,0.));
#10685=DIRECTION('',(1.,0.,0.));
#10686=DIRECTION('',(1.,0.,0.));
#10687=DIRECTION('',(0.,0.,-1.));
#10688=DIRECTION('',(-1.,0.,0.));
#10689=DIRECTION('',(0.,0.,1.));
#10690=DIRECTION('',(1.,0.,0.));
#10691=DIRECTION('',(1.,0.,0.));
#10692=DIRECTION('',(0.,0.,-1.));
#10693=DIRECTION('',(-1.,0.,0.));
#10694=DIRECTION('',(1.,0.,0.));
#10695=DIRECTION('',(0.,0.,-1.));
#10696=DIRECTION('',(1.,0.,0.));
#10697=DIRECTION('',(0.,-0.0871557427476579,-0.996194698091746));
#10698=DIRECTION('',(0.,0.996194698091746,-0.0871557427476579));
#10699=DIRECTION('',(1.,1.77920356510442E-16,-1.55660142051544E-17));
#10700=DIRECTION('',(0.,0.996194698091746,-0.0871557427476579));
#10701=DIRECTION('',(0.,0.996194698091746,-0.0871557427476579));
#10702=DIRECTION('',(0.,-0.0871557427476579,-0.996194698091746));
#10703=DIRECTION('',(0.,-0.996194698091746,0.0871557427476579));
#10704=DIRECTION('',(0.,-0.573576436351046,0.819152044288992));
#10705=DIRECTION('',(0.,-0.819152044288992,-0.573576436351046));
#10706=DIRECTION('',(0.,-0.819152044288992,-0.573576436351046));
#10707=DIRECTION('',(1.,0.,0.));
#10708=DIRECTION('',(0.,-0.819152044288992,-0.573576436351046));
#10709=DIRECTION('',(-1.,-1.77920356510442E-16,-1.2458117482957E-16));
#10710=DIRECTION('',(0.,-0.573576436351046,0.819152044288992));
#10711=DIRECTION('',(0.,0.819152044288992,0.573576436351046));
#10712=DIRECTION('',(0.,-0.819152044288992,-0.573576436351046));
#10713=DIRECTION('',(1.,0.,0.));
#10714=DIRECTION('',(0.,1.,0.));
#10715=DIRECTION('',(0.,0.,1.));
#10716=DIRECTION('',(1.,0.,0.));
#10717=DIRECTION('',(0.,0.,-1.));
#10718=DIRECTION('',(-1.,0.,0.));
#10719=DIRECTION('',(0.,0.,1.));
#10720=DIRECTION('',(1.,0.,0.));
#10721=DIRECTION('',(0.,0.,-1.));
#10722=DIRECTION('',(1.,0.,0.));
#10723=DIRECTION('',(0.,1.,0.));
#10724=DIRECTION('',(1.,0.,0.));
#10725=DIRECTION('',(0.,0.,-1.));
#10726=DIRECTION('',(1.,0.,0.));
#10727=DIRECTION('',(0.,0.,-1.));
#10728=DIRECTION('',(-1.,0.,0.));
#10729=DIRECTION('',(0.,0.,1.));
#10730=DIRECTION('',(-1.,0.,0.));
#10731=DIRECTION('',(0.,0.,-1.));
#10732=DIRECTION('',(-1.,0.,0.));
#10733=DIRECTION('',(0.,0.,1.));
#10734=DIRECTION('',(1.,0.,0.));
#10735=DIRECTION('',(0.,0.,-1.));
#10736=DIRECTION('',(1.,0.,0.));
#10737=DIRECTION('',(0.,1.,0.));
#10738=DIRECTION('',(1.,0.,0.));
#10739=DIRECTION('',(0.,0.,-1.));
#10740=DIRECTION('',(1.,0.,0.));
#10741=DIRECTION('',(0.,0.,-1.));
#10742=DIRECTION('',(-1.,0.,0.));
#10743=DIRECTION('',(0.,0.,1.));
#10744=DIRECTION('',(0.707106781186548,0.,-0.707106781186548));
#10745=DIRECTION('',(-0.707106781186548,0.,-0.707106781186548));
#10746=DIRECTION('',(0.,0.,-1.));
#10747=DIRECTION('',(-1.,0.,0.));
#10748=DIRECTION('',(0.,0.151341622277474,-0.988481518980715));
#10749=DIRECTION('',(0.,-0.988481518980715,-0.151341622277474));
#10750=DIRECTION('',(-1.,0.,0.));
#10751=DIRECTION('',(0.,0.,1.));
#10752=DIRECTION('',(0.707106781186548,0.,-0.707106781186548));
#10753=DIRECTION('',(-0.707106781186548,0.,-0.707106781186548));
#10754=DIRECTION('',(0.,0.,-1.));
#10755=DIRECTION('',(-1.,0.,0.));
#10756=DIRECTION('',(0.,-0.707106781186548,-0.707106781186548));
#10757=DIRECTION('',(0.,0.707106781186548,-0.707106781186548));
#10758=DIRECTION('',(0.,-1.,0.));
#10759=DIRECTION('',(0.,0.,-1.));
#10760=DIRECTION('',(-1.,0.,0.));
#10761=DIRECTION('',(0.,0.,1.));
#10762=DIRECTION('',(0.,-0.996194698091746,0.087155742747657));
#10763=DIRECTION('',(0.,-0.087155742747657,-0.996194698091746));
#10764=DIRECTION('',(0.,-0.996194698091746,0.0871557427476579));
#10765=DIRECTION('',(0.,-0.0871557427476579,-0.996194698091746));
#10766=DIRECTION('',(0.707106781186548,-0.704416026402759,0.0616284167162191));
#10767=DIRECTION('',(-0.707106781186548,-0.704416026402759,0.0616284167162192));
#10768=DIRECTION('',(0.,0.819152044288992,0.573576436351046));
#10769=DIRECTION('',(0.,-0.573576436351046,0.819152044288992));
#10770=DIRECTION('',(0.,0.983899563665131,-0.178722266714492));
#10771=DIRECTION('',(0.,0.178722266714492,0.983899563665131));
#10772=DIRECTION('',(0.707106781186548,-0.579227965339569,-0.405579787672639));
#10773=DIRECTION('',(0.707106781186547,0.579227965339569,0.405579787672639));
#10774=DIRECTION('',(-1.,-1.77920356510442E-16,1.55660142051544E-17));
#10775=DIRECTION('',(1.77920356510442E-16,-1.,0.));
#10776=DIRECTION('',(-0.707106781186548,-1.25808690599661E-16,0.707106781186548));
#10777=DIRECTION('',(-0.707106781186548,-1.25808690599661E-16,-0.707106781186548));
#10778=DIRECTION('',(1.,1.77920356510441E-16,1.2458117482957E-16));
#10779=DIRECTION('',(-1.77920356510442E-16,1.,0.));
#10780=DIRECTION('',(0.707106781186547,1.25808690599661E-16,0.707106781186548));
#10781=DIRECTION('',(0.707106781186548,1.25808690599661E-16,-0.707106781186548));
#10782=DIRECTION('',(0.,0.,1.));
#10783=DIRECTION('',(1.,0.,0.));
#10784=DIRECTION('',(1.,0.,0.));
#10785=DIRECTION('',(0.,0.,-1.));
#10786=DIRECTION('',(1.,0.,0.));
#10787=DIRECTION('',(0.,0.,-1.));
#10788=DIRECTION('',(1.,0.,0.));
#10789=DIRECTION('',(0.,0.,-1.));
#10790=DIRECTION('',(1.,0.,0.));
#10791=DIRECTION('',(0.,0.,-1.));
#10792=DIRECTION('',(0.,0.,-1.));
#10793=DIRECTION('',(-1.,0.,0.));
#10794=DIRECTION('',(0.,0.,1.));
#10795=DIRECTION('',(1.,0.,0.));
#10796=DIRECTION('',(0.,-1.,0.));
#10797=DIRECTION('',(0.,0.,-1.));
#10798=DIRECTION('',(0.,-1.,0.));
#10799=DIRECTION('',(0.,0.,-1.));
#10800=DIRECTION('',(0.,1.,0.));
#10801=DIRECTION('',(0.,0.,1.));
#10802=DIRECTION('',(-1.,-1.67202262744752E-16,0.));
#10803=DIRECTION('',(1.67202262744752E-16,-1.,0.));
#10804=DIRECTION('',(0.562874224032257,-0.673636835966113,-0.478942607365067));
#10805=DIRECTION('',(-0.82654256267907,-0.458745657446798,-0.32615918483713));
#10806=DIRECTION('',(-1.,0.,0.));
#10807=DIRECTION('',(-1.,-1.67202262744752E-16,0.));
#10808=DIRECTION('',(1.67202262744752E-16,-1.,0.));
#10809=DIRECTION('',(-1.,0.,0.));
#10810=DIRECTION('',(0.,0.,1.));
#10811=DIRECTION('',(0.,0.,-1.));
#10812=DIRECTION('',(-1.,0.,0.));
#10813=DIRECTION('',(0.,0.,1.));
#10814=DIRECTION('',(1.,0.,0.));
#10815=DIRECTION('',(1.,0.,0.));
#10816=DIRECTION('',(0.,0.,-1.));
#10817=DIRECTION('',(1.,0.,0.));
#10818=DIRECTION('',(0.,0.,-1.));
#10819=DIRECTION('',(0.,-1.,0.));
#10820=DIRECTION('',(0.,0.,-1.));
#10821=DIRECTION('',(0.,-1.,0.));
#10822=DIRECTION('',(0.,0.,-1.));
#10823=DIRECTION('',(1.,1.67202262744752E-16,0.));
#10824=DIRECTION('',(-1.67202262744752E-16,1.,0.));
#10825=DIRECTION('',(-1.,0.,0.));
#10826=DIRECTION('',(0.,0.,1.));
#10827=DIRECTION('',(0.,1.,0.));
#10828=DIRECTION('',(0.,0.,1.));
#10829=DIRECTION('',(0.,1.,0.));
#10830=DIRECTION('',(0.,0.,1.));
#10831=DIRECTION('',(0.,0.,1.));
#10832=DIRECTION('',(1.,0.,0.));
#10833=DIRECTION('',(0.,0.,1.));
#10834=DIRECTION('',(1.,0.,0.));
#10835=DIRECTION('',(0.,0.,1.));
#10836=DIRECTION('',(1.,0.,0.));
#10837=DIRECTION('',(1.,0.,0.));
#10838=DIRECTION('',(0.,0.,-1.));
#10839=DIRECTION('',(1.,0.,0.));
#10840=DIRECTION('',(0.,0.,-1.));
#10841=DIRECTION('',(1.,0.,0.));
#10842=DIRECTION('',(0.,0.,-1.));
#10843=DIRECTION('',(1.,0.,0.));
#10844=DIRECTION('',(0.,0.,-1.));
#10845=DIRECTION('',(0.,-0.579453048143911,0.815005622677985));
#10846=DIRECTION('',(0.,-0.815005622677985,-0.579453048143911));
#10847=DIRECTION('',(0.299483362378483,-0.77759810562322,-0.552857035579415));
#10848=DIRECTION('',(1.,0.,0.));
#10849=DIRECTION('',(0.,-0.815005622677985,-0.579453048143911));
#10850=DIRECTION('',(0.,0.,1.));
#10851=DIRECTION('',(1.,0.,0.));
#10852=DIRECTION('',(0.,-0.0436193873653423,0.999048221581858));
#10853=DIRECTION('',(0.,-0.999048221581858,-0.0436193873653423));
#10854=DIRECTION('',(0.,-0.0871557427476708,0.996194698091744));
#10855=DIRECTION('',(0.,-0.996194698091744,-0.0871557427476708));
#10856=DIRECTION('',(0.,0.263503047730418,-0.964658563346006));
#10857=DIRECTION('',(0.,0.964658563346006,0.263503047730418));
#10858=DIRECTION('',(0.,0.431393775813427,-0.902163738015131));
#10859=DIRECTION('',(0.,0.902163738015131,0.431393775813427));
#10860=DIRECTION('',(0.,0.263503047730413,-0.964658563346008));
#10861=DIRECTION('',(0.,0.964658563346008,0.263503047730412));
#10862=DIRECTION('',(0.,-0.0871557427476599,0.996194698091745));
#10863=DIRECTION('',(0.,-0.996194698091745,-0.0871557427476599));
#10864=DIRECTION('',(0.,-0.0871557427476599,0.996194698091745));
#10865=DIRECTION('',(0.,-0.996194698091745,-0.0871557427476599));
#10866=DIRECTION('',(0.,0.815005622677985,0.579453048143911));
#10867=DIRECTION('',(0.,-0.579453048143911,0.815005622677985));
#10868=DIRECTION('',(0.,0.815005622677985,0.579453048143911));
#10869=DIRECTION('',(0.,-0.579453048143911,0.815005622677985));
#10870=DIRECTION('',(0.,0.815005622677985,0.579453048143912));
#10871=DIRECTION('',(0.,-0.579453048143912,0.815005622677985));
#10872=DIRECTION('',(0.,0.,1.));
#10873=DIRECTION('',(1.,0.,0.));
#10874=DIRECTION('',(7.54066971592591E-18,0.999051848558439,0.0435362365388484));
#10875=DIRECTION('',(4.01802637716026E-15,-0.0435362365388484,0.999051848558439));
#10876=DIRECTION('',(0.0317061473054018,0.,-0.99949723372456));
#10877=DIRECTION('',(-0.99949723372456,0.,-0.0317061473054018));
#10878=DIRECTION('',(4.00940698397483E-15,-0.0871557427476708,0.996194698091744));
#10879=DIRECTION('',(0.,-0.996194698091744,-0.0871557427476708));
#10880=DIRECTION('',(0.0645434208866876,-0.262246555277472,0.962840013224079));
#10881=DIRECTION('',(0.335874865479326,-0.902849679324119,-0.2684223002725));
#10882=DIRECTION('',(-0.0317061473054025,-5.30133957238174E-18,0.99949723372456));
#10883=DIRECTION('',(0.99949723372456,0.,0.0317061473054025));
#10884=DIRECTION('',(0.0317061473054019,0.,-0.99949723372456));
#10885=DIRECTION('',(-0.99949723372456,0.,-0.0317061473054019));
#10886=DIRECTION('',(0.126767462273407,-0.427913490425338,0.894885498385556));
#10887=DIRECTION('',(0.,-0.902163738015131,-0.431393775813427));
#10888=DIRECTION('',(0.0645434208866856,-0.262246555277466,0.96284001322408));
#10889=DIRECTION('',(0.335874865479326,-0.902849679324121,-0.268422300272495));
#10890=DIRECTION('',(-0.391486449768046,0.,-0.920183872738493));
#10891=DIRECTION('',(-0.920183872738493,0.,0.391486449768046));
#10892=DIRECTION('',(0.157507223285904,0.943741372598751,-0.290763987209883));
#10893=DIRECTION('',(-0.44951031748057,0.330684474454766,0.829812179250878));
#10894=DIRECTION('',(0.957176982855155,-0.23594690565449,-0.16775363246253));
#10895=DIRECTION('',(-0.289503408429508,-0.780104622924901,-0.554639120328611));
#10896=DIRECTION('',(-2.22661377099726E-19,0.0871557427476599,-0.996194698091745));
#10897=DIRECTION('',(0.,0.996194698091745,0.0871557427476599));
#10898=DIRECTION('',(-1.85912437223449E-15,-0.0871557427476532,0.996194698091746));
#10899=DIRECTION('',(0.,-0.996194698091746,-0.0871557427476532));
#10900=DIRECTION('',(-0.299483362378483,0.77759810562322,0.552857035579415));
#10901=DIRECTION('',(0.,-0.579453048143911,0.815005622677985));
#10902=DIRECTION('',(0.299483362378482,-0.77759810562322,-0.552857035579416));
#10903=DIRECTION('',(0.,0.579453048143912,-0.815005622677985));
#10904=DIRECTION('',(-0.939692620785909,-0.340718653421609,-0.029809019626216));
#10905=DIRECTION('',(0.340870131869728,-0.94011039415545,0.));
#10906=DIRECTION('',(-1.,-1.7531295936793E-16,2.00383629492727E-15));
#10907=DIRECTION('',(2.00383629492727E-15,0.,1.));
#10908=DIRECTION('',(1.,0.,0.));
#10909=DIRECTION('',(0.,0.,-1.));
#10910=DIRECTION('',(1.,0.,0.));
#10911=DIRECTION('',(0.,0.,-1.));
#10912=DIRECTION('',(0.,0.,1.));
#10913=DIRECTION('',(1.,0.,0.));
#10914=DIRECTION('',(1.,1.77920356510442E-16,1.55660142051547E-17));
#10915=DIRECTION('',(-1.77920356510442E-16,1.,0.));
#10916=DIRECTION('',(1.,1.67202262744752E-16,2.9012796810762E-16));
#10917=DIRECTION('',(2.9012796810762E-16,0.,-1.));
#10918=DIRECTION('',(1.67202262744752E-16,-1.,0.));
#10919=DIRECTION('',(2.9012796810762E-16,4.85100527531313E-32,-1.));
#10920=DIRECTION('',(1.67202262744752E-16,-1.,0.));
#10921=DIRECTION('',(-2.9012796810762E-16,-4.85100527531313E-32,1.));
#10922=DIRECTION('',(0.,0.,1.));
#10923=DIRECTION('',(1.,0.,0.));
#10924=DIRECTION('',(-0.707106781186547,-0.707106781186548,0.));
#10925=DIRECTION('',(-1.,-1.67202262744752E-16,0.));
#10926=DIRECTION('',(1.67202262744752E-16,-1.,0.));
#10927=DIRECTION('',(-3.1540426835942E-16,-5.2736307349048E-32,1.));
#10928=DIRECTION('',(1.,0.,3.1540426835942E-16));
#10929=DIRECTION('',(1.,1.67202262744752E-16,3.1540426835942E-16));
#10930=DIRECTION('',(1.67202262744752E-16,-1.,0.));
#10931=DIRECTION('',(-1.,-1.67202262744752E-16,-3.15404268359419E-16));
#10932=DIRECTION('',(-1.,-1.67202262744752E-16,0.));
#10933=DIRECTION('',(1.67202262744752E-16,-1.,0.));
#10934=DIRECTION('',(0.,0.,-1.));
#10935=DIRECTION('',(1.67202262744752E-16,-1.,0.));
#10936=DIRECTION('',(0.,0.,1.));
#10937=DIRECTION('',(1.,0.,0.));
#10938=DIRECTION('',(1.67202262744752E-16,-1.,0.));
#10939=DIRECTION('',(0.707106781186548,0.707106781186547,0.));
#10940=DIRECTION('',(-1.,-1.67202262744752E-16,0.));
#10941=DIRECTION('',(1.,1.67202262744752E-16,9.9127055770103E-16));
#10942=DIRECTION('',(9.9127055770103E-16,0.,-1.));
#10943=DIRECTION('',(1.67202262744752E-16,-1.,0.));
#10944=DIRECTION('',(9.9127055770103E-16,1.65742680239865E-31,-1.));
#10945=DIRECTION('',(-9.9127055770103E-16,-1.65742680239865E-31,1.));
#10946=DIRECTION('',(0.,0.,1.));
#10947=DIRECTION('',(1.,0.,0.));
#10948=DIRECTION('',(1.67202262744752E-16,-1.,0.));
#10949=DIRECTION('',(-1.,-1.67202262744752E-16,0.));
#10950=DIRECTION('',(-1.,-1.67202262744752E-16,0.));
#10951=DIRECTION('',(1.,1.67202262744752E-16,3.02513085728926E-16));
#10952=DIRECTION('',(3.02513085728926E-16,0.,-1.));
#10953=DIRECTION('',(-3.02513085728926E-16,-5.05808724437736E-32,1.));
#10954=DIRECTION('',(-3.02513085728926E-16,-5.05808724437736E-32,1.));
#10955=DIRECTION('',(0.,0.,1.));
#10956=DIRECTION('',(1.,0.,0.));
#10957=DIRECTION('',(-1.67202262744752E-16,1.,0.));
#10958=DIRECTION('',(1.,1.67202262744752E-16,0.));
#10959=DIRECTION('',(-1.67202262744752E-16,1.,0.));
#10960=DIRECTION('',(1.,1.67202262744752E-16,1.35393051783556E-16));
#10961=DIRECTION('',(-1.67202262744752E-16,1.,0.));
#10962=DIRECTION('',(1.35393051783556E-16,2.26380246181279E-32,-1.));
#10963=DIRECTION('',(-1.67202262744752E-16,1.,0.));
#10964=DIRECTION('',(-3.01691039300314E-16,-5.04434244208285E-32,1.));
#10965=DIRECTION('',(1.,0.,3.01691039300314E-16));
#10966=DIRECTION('',(1.,1.67202262744752E-16,3.01691039300314E-16));
#10967=DIRECTION('',(-1.67202262744752E-16,1.,0.));
#10968=DIRECTION('',(1.,1.67202262744752E-16,1.35393051783556E-16));
#10969=DIRECTION('',(-1.67202262744752E-16,1.,0.));
#10970=DIRECTION('',(1.35393051783556E-16,2.26380246181279E-32,-1.));
#10971=DIRECTION('',(1.67202262744752E-16,-1.,0.));
#10972=DIRECTION('',(1.,1.67202262744752E-16,0.));
#10973=DIRECTION('',(-0.707106781186547,0.707106781186548,-7.00934133340969E-16));
#10974=DIRECTION('',(-9.9127055770103E-16,-1.65742680239865E-31,1.));
#10975=DIRECTION('',(0.577350269189627,0.577350269189626,-0.577350269189624));
#10976=DIRECTION('',(1.18229853816549E-16,-0.707106781186546,-0.707106781186549));
#10977=DIRECTION('',(1.,1.67202262744752E-16,0.));
#10978=DIRECTION('',(0.577350269189627,-0.577350269189626,0.577350269189625));
#10979=DIRECTION('',(-0.707106781186547,-0.707106781186548,-2.13909054316591E-16));
#10980=DIRECTION('',(3.02513085728926E-16,5.05808724437736E-32,-1.));
#10981=DIRECTION('',(-0.577350269189628,0.577350269189628,0.577350269189621));
#10982=DIRECTION('',(1.0479464315558E-16,0.707106781186543,-0.707106781186552));
#10983=DIRECTION('',(-1.,-1.67202262744752E-16,-3.1540426835942E-16));
#10984=DIRECTION('',(-0.577350269189627,-0.577350269189628,-0.577350269189622));
#10985=DIRECTION('',(-0.707106781186548,0.707106781186547,-2.05151453660772E-16));
#10986=DIRECTION('',(-2.9012796810762E-16,-4.85100527531313E-32,1.));
#10987=DIRECTION('',(-1.77920356510442E-16,1.,0.));
#10988=DIRECTION('',(-1.,-1.77920356510442E-16,0.));
#10989=DIRECTION('',(0.,-1.,0.));
#10990=DIRECTION('',(0.,0.,-1.));
#10991=DIRECTION('',(1.,1.77920356510442E-16,0.));
#10992=DIRECTION('',(-1.77920356510442E-16,1.,0.));
#10993=DIRECTION('',(1.77920356510442E-16,-1.,0.));
#10994=DIRECTION('',(0.,0.,1.));
#10995=DIRECTION('',(1.77920356510442E-16,-1.,0.));
#10996=DIRECTION('',(1.,1.77920356510442E-16,0.));
#10997=DIRECTION('',(1.77920356510442E-16,-1.,0.));
#10998=DIRECTION('',(1.77920356510442E-16,-1.,0.));
#10999=DIRECTION('',(-1.,-1.77920356510442E-16,0.));
#11000=DIRECTION('',(0.,0.,-1.));
#11001=DIRECTION('',(-1.,0.,0.));
#11002=DIRECTION('',(1.77920356510442E-16,-1.,0.));
#11003=DIRECTION('',(1.,1.77920356510442E-16,0.));
#11004=DIRECTION('',(1.77920356510442E-16,-1.,0.));
#11005=DIRECTION('',(1.,1.77920356510442E-16,0.));
#11006=DIRECTION('',(1.77920356510442E-16,-1.,0.));
#11007=DIRECTION('',(-1.77920356510442E-16,1.,0.));
#11008=DIRECTION('',(-1.,-1.77920356510442E-16,0.));
#11009=DIRECTION('',(1.77920356510442E-16,-1.,0.));
#11010=DIRECTION('',(1.,1.77920356510442E-16,0.));
#11011=DIRECTION('',(0.,1.,0.));
#11012=DIRECTION('',(0.,0.,1.));
#11013=DIRECTION('',(-1.,-1.77920356510442E-16,0.));
#11014=DIRECTION('',(1.77920356510442E-16,-1.,0.));
#11015=DIRECTION('',(0.,0.,-1.));
#11016=DIRECTION('',(1.77920356510442E-16,-1.,0.));
#11017=DIRECTION('',(1.,1.77920356510442E-16,0.));
#11018=DIRECTION('',(0.,1.,0.));
#11019=DIRECTION('',(0.,0.,1.));
#11020=DIRECTION('',(-1.77920356510442E-16,1.,0.));
#11021=DIRECTION('',(-1.,-1.77920356510442E-16,0.));
#11022=DIRECTION('',(-1.77920356510442E-16,1.,0.));
#11023=DIRECTION('',(-1.,-1.77920356510442E-16,0.));
#11024=DIRECTION('',(-1.77920356510442E-16,1.,0.));
#11025=DIRECTION('',(-1.,-1.77920356510442E-16,0.));
#11026=DIRECTION('',(-1.77920356510442E-16,1.,0.));
#11027=DIRECTION('',(-1.,-1.77920356510442E-16,0.));
#11028=DIRECTION('',(1.77920356510442E-16,-1.,0.));
#11029=DIRECTION('',(1.,1.77920356510442E-16,0.));
#11030=DIRECTION('',(0.,1.,0.));
#11031=DIRECTION('',(0.,0.,1.));
#11032=DIRECTION('',(0.,-1.,0.));
#11033=DIRECTION('',(0.,0.,-1.));
#11034=DIRECTION('',(0.,1.,0.));
#11035=DIRECTION('',(0.,0.,1.));
#11036=CARTESIAN_POINT('',(0.,0.,0.));
#11037=CARTESIAN_POINT('',(0.,0.,0.157));
#11038=CARTESIAN_POINT('',(-0.0525,-0.0525,0.157));
#11039=CARTESIAN_POINT('',(-0.045,-0.0525,0.157));
#11040=CARTESIAN_POINT('',(0.,3.9334231536709E-18,0.157));
#11041=CARTESIAN_POINT('',(0.066237675,3.9334231536709E-18,0.157));
#11042=CARTESIAN_POINT('',(-0.0525,0.0525,0.157));
#11043=CARTESIAN_POINT('',(-0.045,0.0525,0.157));
#11044=CARTESIAN_POINT('',(0.0525,0.0525,0.157));
#11045=CARTESIAN_POINT('',(0.06,0.0525,0.157));
#11046=CARTESIAN_POINT('',(-0.0325,-0.07,0.157));
#11047=CARTESIAN_POINT('',(-0.0325,-0.07,0.157));
#11048=CARTESIAN_POINT('',(-0.0325,-0.078,0.157));
#11049=CARTESIAN_POINT('',(-1.42336285208353E-18,-0.07,0.157));
#11050=CARTESIAN_POINT('',(-0.077,-0.07,0.157));
#11051=CARTESIAN_POINT('',(-0.077,-0.07,0.157));
#11052=CARTESIAN_POINT('',(-0.077,-0.078,0.157));
#11053=CARTESIAN_POINT('',(0.,-0.078,0.157));
#11054=CARTESIAN_POINT('',(-0.078,-0.078,0.157));
#11055=CARTESIAN_POINT('',(-0.078,-1.38777878078145E-17,0.157));
#11056=CARTESIAN_POINT('',(-0.078,0.078,0.157));
#11057=CARTESIAN_POINT('',(0.,0.078,0.157));
#11058=CARTESIAN_POINT('',(0.078,0.078,0.157));
#11059=CARTESIAN_POINT('',(0.078,1.38777878078145E-17,0.157));
#11060=CARTESIAN_POINT('',(0.078,0.059472801202121,0.157));
#11061=CARTESIAN_POINT('',(0.0641,0.059472801202121,0.157));
#11062=CARTESIAN_POINT('',(0.0641,0.059472801202121,0.157));
#11063=CARTESIAN_POINT('',(0.0641,0.,0.157));
#11064=CARTESIAN_POINT('',(0.0641,0.0328360331085589,0.157));
#11065=CARTESIAN_POINT('',(0.07105,0.0328360331085589,0.157));
#11066=CARTESIAN_POINT('',(0.078,0.0328360331085589,0.157));
#11067=CARTESIAN_POINT('',(0.078,1.38777878078145E-17,0.157));
#11068=CARTESIAN_POINT('',(0.078,-0.044,0.157));
#11069=CARTESIAN_POINT('',(0.0595,-0.044,0.157));
#11070=CARTESIAN_POINT('',(0.0595,-0.044,0.157));
#11071=CARTESIAN_POINT('',(0.0595,-0.063,0.157));
#11072=CARTESIAN_POINT('',(0.0595,-0.049807417596433,0.157));
#11073=CARTESIAN_POINT('',(0.0525,-0.0525,0.157));
#11074=CARTESIAN_POINT('',(0.0595,-0.0551925824035673,0.157));
#11075=CARTESIAN_POINT('',(0.0595,-0.063,0.157));
#11076=CARTESIAN_POINT('',(0.0595,-0.078,0.157));
#11077=CARTESIAN_POINT('',(0.,-0.078,0.157));
#11078=CARTESIAN_POINT('',(0.,-0.078,0.157));
#11079=CARTESIAN_POINT('',(0.00425,-0.078,0.01919));
#11080=CARTESIAN_POINT('',(0.00425,-0.078,0.01694));
#11081=CARTESIAN_POINT('',(-0.04975,-0.078,0.019765));
#11082=CARTESIAN_POINT('',(-0.04975,-0.078,0.017515));
#11083=CARTESIAN_POINT('',(-0.0455,-0.078,0.02565));
#11084=CARTESIAN_POINT('',(-0.0335,-0.078,0.02565));
#11085=CARTESIAN_POINT('',(-0.0455,-0.078,0.02565));
#11086=CARTESIAN_POINT('',(-0.0455,-0.078,0.01865));
#11087=CARTESIAN_POINT('',(-0.0455,-0.078,0.01515));
#11088=CARTESIAN_POINT('',(-0.0395,-0.078,0.01515));
#11089=CARTESIAN_POINT('',(-0.0335,-0.078,0.01515));
#11090=CARTESIAN_POINT('',(-0.0335,-0.078,0.01865));
#11091=CARTESIAN_POINT('',(0.0016,-0.078,0.019765));
#11092=CARTESIAN_POINT('',(0.0016,-0.078,0.027115));
#11093=CARTESIAN_POINT('',(0.0016,-0.078,0.015915));
#11094=CARTESIAN_POINT('',(0.,-0.078,0.027115));
#11095=CARTESIAN_POINT('',(-0.0316,-0.078,0.027115));
#11096=CARTESIAN_POINT('',(-0.0316,-0.078,0.019765));
#11097=CARTESIAN_POINT('',(-0.0316,-0.078,0.015915));
#11098=CARTESIAN_POINT('',(-0.015,-0.078,0.015915));
#11099=CARTESIAN_POINT('',(0.0512,-0.078,0.0602500000000014));
#11100=CARTESIAN_POINT('',(0.0512,-0.078,0.111500000000001));
#11101=CARTESIAN_POINT('',(0.0512,-0.078,0.00900000000000138));
#11102=CARTESIAN_POINT('',(0.042575,-0.078,0.111500000000001));
#11103=CARTESIAN_POINT('',(0.03395,-0.078,0.111500000000001));
#11104=CARTESIAN_POINT('',(0.03395,-0.078,0.0602500000000014));
#11105=CARTESIAN_POINT('',(0.03395,-0.078,0.00900000000000138));
#11106=CARTESIAN_POINT('',(0.042575,-0.078,0.00900000000000138));
#11107=CARTESIAN_POINT('',(-0.077,-0.078,0.149));
#11108=CARTESIAN_POINT('',(-0.077,-0.078,0.141));
#11109=CARTESIAN_POINT('',(-0.062,-0.078,0.141));
#11110=CARTESIAN_POINT('',(-0.0484814941654042,-0.078,0.1345));
#11111=CARTESIAN_POINT('',(-0.0437407470827021,-0.078,0.1345));
#11112=CARTESIAN_POINT('',(-0.039,-0.078,0.1345));
#11113=CARTESIAN_POINT('',(-0.039,-0.078,0.141));
#11114=CARTESIAN_POINT('',(-0.0325,-0.078,0.141));
#11115=CARTESIAN_POINT('',(-0.0325,-0.078,0.149));
#11116=CARTESIAN_POINT('',(0.,-0.078,0.157));
#11117=CARTESIAN_POINT('',(0.078,-0.078,0.157));
#11118=CARTESIAN_POINT('',(0.078,-0.078,0.157));
#11119=CARTESIAN_POINT('',(0.078,-0.078,0.148705934745577));
#11120=CARTESIAN_POINT('',(1.29105537568825E-19,-0.078,0.148705934745577));
#11121=CARTESIAN_POINT('',(0.064,-0.078,0.148705934745577));
#11122=CARTESIAN_POINT('',(0.064,-0.078,0.14573821956471));
#11123=CARTESIAN_POINT('',(0.064,-0.078,0.00943744331762963));
#11124=CARTESIAN_POINT('',(0.064,-0.078,0.00943744331762963));
#11125=CARTESIAN_POINT('',(0.078,-0.078,0.00943744331762963));
#11126=CARTESIAN_POINT('',(0.078,-0.078,0.157));
#11127=CARTESIAN_POINT('',(0.078,-0.078,0.));
#11128=CARTESIAN_POINT('',(0.,-0.078,0.));
#11129=CARTESIAN_POINT('',(-0.078,-0.078,0.));
#11130=CARTESIAN_POINT('',(-0.078,-0.078,0.157));
#11131=CARTESIAN_POINT('',(0.,-0.078,0.157));
#11132=CARTESIAN_POINT('',(-0.062,-0.078,0.141));
#11133=CARTESIAN_POINT('',(-0.07225,-0.078,0.141));
#11134=CARTESIAN_POINT('',(-0.062,-0.078,0.141));
#11135=CARTESIAN_POINT('',(-0.0745,-0.078,0.141));
#11136=CARTESIAN_POINT('',(0.083,1.38777878078145E-17,0.157));
#11137=CARTESIAN_POINT('',(0.083,-0.083,0.158));
#11138=CARTESIAN_POINT('',(0.083,0.079,0.158));
#11139=CARTESIAN_POINT('',(0.083,-0.079,0.158));
#11140=CARTESIAN_POINT('',(0.083,-0.0959597316291196,0.145941962711981));
#11141=CARTESIAN_POINT('',(0.083,-0.0940931555821792,0.147269061752646));
#11142=CARTESIAN_POINT('',(0.083,-0.0937698305728423,0.143573439985133));
#11143=CARTESIAN_POINT('',(0.083,-0.0938330479734831,0.144296018180903));
#11144=CARTESIAN_POINT('',(0.083,-0.0813148974084668,0.118117101979628));
#11145=CARTESIAN_POINT('',(0.083,-0.0901472179372266,0.136587927824412));
#11146=CARTESIAN_POINT('',(0.083,-0.0912347081049926,0.149017997320715));
#11147=CARTESIAN_POINT('',(0.083,-0.079,0.00917464377165164));
#11148=CARTESIAN_POINT('',(0.083,-0.079,0.));
#11149=CARTESIAN_POINT('',(0.083,-0.079,0.));
#11150=CARTESIAN_POINT('',(0.083,1.38777878078145E-17,0.));
#11151=CARTESIAN_POINT('',(0.083,0.079,0.));
#11152=CARTESIAN_POINT('',(0.083,0.079,0.157));
#11153=CARTESIAN_POINT('',(0.,-0.083,0.157));
#11154=CARTESIAN_POINT('',(-0.062,-0.083,0.141));
#11155=CARTESIAN_POINT('',(-0.05075,-0.083,0.141));
#11156=CARTESIAN_POINT('',(4.56153423114806E-17,-0.083,0.0123750000000014));
#11157=CARTESIAN_POINT('',(0.04645,-0.083,0.0123750000000014));
#11158=CARTESIAN_POINT('',(0.03695,-0.083,0.0123750000000014));
#11159=CARTESIAN_POINT('',(0.03695,-0.083,0.157));
#11160=CARTESIAN_POINT('',(0.03695,-0.083,0.0861250000000014));
#11161=CARTESIAN_POINT('',(0.03745,-0.083,0.0861250000000014));
#11162=CARTESIAN_POINT('',(0.03595,-0.083,0.0861250000000014));
#11163=CARTESIAN_POINT('',(0.03595,-0.083,0.0926250000000013));
#11164=CARTESIAN_POINT('',(0.03595,-0.083,0.0991250000000014));
#11165=CARTESIAN_POINT('',(0.03745,-0.083,0.0991250000000014));
#11166=CARTESIAN_POINT('',(0.03695,-0.083,0.0991250000000014));
#11167=CARTESIAN_POINT('',(0.03695,-0.083,0.157));
#11168=CARTESIAN_POINT('',(0.03695,-0.083,0.108125000000001));
#11169=CARTESIAN_POINT('',(0.04445,-0.083,0.108125000000001));
#11170=CARTESIAN_POINT('',(0.04645,-0.083,0.108125000000001));
#11171=CARTESIAN_POINT('',(0.04645,-0.083,0.0143750000000014));
#11172=CARTESIAN_POINT('',(0.064,-0.083,0.00900000000000139));
#11173=CARTESIAN_POINT('',(0.064,-0.083,0.00900000000000139));
#11174=CARTESIAN_POINT('',(0.061202181689567,-0.083,0.00900000000000139));
#11175=CARTESIAN_POINT('',(0.0607089194500401,-0.083,0.100615062193729));
#11176=CARTESIAN_POINT('',(0.0531913784837527,-0.083,0.0692211338036405));
#11177=CARTESIAN_POINT('',(0.050356175868466,-0.083,0.158597403450406));
#11178=CARTESIAN_POINT('',(0.0505016459366852,-0.083,0.154011638760223));
#11179=CARTESIAN_POINT('',(0.0590689792542024,-0.083,0.152312156559215));
#11180=CARTESIAN_POINT('',(0.0512007456182949,-0.083,0.158));
#11181=CARTESIAN_POINT('',(0.,-0.083,0.158));
#11182=CARTESIAN_POINT('',(-0.079,-0.083,0.158));
#11183=CARTESIAN_POINT('',(-0.079,-0.083,0.157));
#11184=CARTESIAN_POINT('',(-0.079,-0.083,0.));
#11185=CARTESIAN_POINT('',(0.,-0.083,0.));
#11186=CARTESIAN_POINT('',(0.079,-0.083,0.));
#11187=CARTESIAN_POINT('',(0.079,-0.083,0.00900000000001769));
#11188=CARTESIAN_POINT('',(0.079,-0.083,0.00900000000000139));
#11189=CARTESIAN_POINT('',(0.078,-0.083,0.00900000000000139));
#11190=CARTESIAN_POINT('',(0.078,-0.083,0.0090000000000014));
#11191=CARTESIAN_POINT('',(0.064,-0.083,0.00900000000000139));
#11192=CARTESIAN_POINT('',(-0.04975,-0.083,0.01919));
#11193=CARTESIAN_POINT('',(-0.04975,-0.083,0.02644));
#11194=CARTESIAN_POINT('',(-0.04975,-0.083,0.01194));
#11195=CARTESIAN_POINT('',(-0.02275,-0.083,0.02644));
#11196=CARTESIAN_POINT('',(0.00425,-0.083,0.02644));
#11197=CARTESIAN_POINT('',(0.00425,-0.083,0.01919));
#11198=CARTESIAN_POINT('',(0.00425,-0.083,0.01194));
#11199=CARTESIAN_POINT('',(-0.02275,-0.083,0.01194));
#11200=CARTESIAN_POINT('',(0.0595,-0.0579226786692789,0.14771347923393));
#11201=CARTESIAN_POINT('',(0.0595,-0.050738532771757,0.14834201055708));
#11202=CARTESIAN_POINT('',(0.0625,-0.050738532771757,0.14834201055708));
#11203=CARTESIAN_POINT('',(0.074,-0.050738532771757,0.14834201055708));
#11204=CARTESIAN_POINT('',(0.074,-0.043738532771757,0.148954431201761));
#11205=CARTESIAN_POINT('',(0.078,-0.049483095418295,0.148451847093275));
#11206=CARTESIAN_POINT('',(0.078,-0.0579226786692789,0.14771347923393));
#11207=CARTESIAN_POINT('',(0.078,-0.0641290916046892,0.147170488460921));
#11208=CARTESIAN_POINT('',(0.0595,-0.0641290916046892,0.147170488460921));
#11209=CARTESIAN_POINT('',(0.0625,-0.0641290916046892,0.147170488460921));
#11210=CARTESIAN_POINT('',(0.0625,-0.0579226786692789,0.14771347923393));
#11211=CARTESIAN_POINT('',(0.0595,0.0513764375408367,0.0207564149298227));
#11212=CARTESIAN_POINT('',(0.0595,0.0445458338086454,0.0201588145382181));
#11213=CARTESIAN_POINT('',(0.0625,0.0445458338086454,0.0201588145382181));
#11214=CARTESIAN_POINT('',(0.074,0.0445458338086454,0.0201588145382181));
#11215=CARTESIAN_POINT('',(0.074,0.0445458338086454,0.0201588145382181));
#11216=CARTESIAN_POINT('',(0.0749289296426941,0.0445458338086454,0.0201588145382181));
#11217=CARTESIAN_POINT('',(0.0766248374974501,0.0436080259774368,0.0200767669844214));
#11218=CARTESIAN_POINT('',(0.0776459737487733,0.0420644985759984,0.0199417258349539));
#11219=CARTESIAN_POINT('',(0.078,0.0412168156671823,0.0198675631901678));
#11220=CARTESIAN_POINT('',(0.078,0.0412168156671823,0.0198675631901678));
#11221=CARTESIAN_POINT('',(0.078,0.0513764375408367,0.0207564149298227));
#11222=CARTESIAN_POINT('',(0.078,0.0594558418271195,0.0214632712129151));
#11223=CARTESIAN_POINT('',(0.0595,0.0594558418271195,0.0214632712129151));
#11224=CARTESIAN_POINT('',(0.0625,0.0594558418271195,0.0214632712129151));
#11225=CARTESIAN_POINT('',(0.0625,0.0513764375408367,0.0207564149298227));
#11226=CARTESIAN_POINT('',(0.0595,0.0585532294732294,0.0317801776269973));
#11227=CARTESIAN_POINT('',(0.078,0.0585532294732294,0.0317801776269973));
#11228=CARTESIAN_POINT('',(0.078,0.0576752296064722,0.0418157620258501));
#11229=CARTESIAN_POINT('',(0.074,0.0570971038124348,0.0484237700892735));
#11230=CARTESIAN_POINT('',(0.074,0.0578015752939497,0.0403716242097538));
#11231=CARTESIAN_POINT('',(0.0595,0.0578015752939497,0.0403716242097538));
#11232=CARTESIAN_POINT('',(0.0625,0.0578015752939497,0.0403716242097538));
#11233=CARTESIAN_POINT('',(0.0625,0.0585532294732294,0.0317801776269973));
#11234=CARTESIAN_POINT('',(0.078,1.38777878078145E-17,0.157));
#11235=CARTESIAN_POINT('',(0.078,-0.049483095418295,0.148451847093275));
#11236=CARTESIAN_POINT('',(0.078,-0.0483679270899696,0.148549411679926));
#11237=CARTESIAN_POINT('',(0.078,-0.0463291053719007,0.149550908406396));
#11238=CARTESIAN_POINT('',(0.078,-0.0447722747786399,0.151151503321732));
#11239=CARTESIAN_POINT('',(0.078,-0.044,0.151943015296037));
#11240=CARTESIAN_POINT('',(0.078,-0.044,0.151943015296037));
#11241=CARTESIAN_POINT('',(0.078,-0.044,0.157));
#11242=CARTESIAN_POINT('',(0.078,0.0346597403420617,0.157821031014316));
#11243=CARTESIAN_POINT('',(0.078,0.034834051827557,0.155828641618133));
#11244=CARTESIAN_POINT('',(0.078,0.0401312005777498,0.156292082082785));
#11245=CARTESIAN_POINT('',(0.078,0.0476026608134379,0.156945750153393));
#11246=CARTESIAN_POINT('',(0.078,0.0480377310077795,0.151972875076697));
#11247=CARTESIAN_POINT('',(0.078,0.0488227558562247,0.143));
#11248=CARTESIAN_POINT('',(0.078,1.38777878078145E-17,0.143));
#11249=CARTESIAN_POINT('',(0.078,0.059472801202121,0.143));
#11250=CARTESIAN_POINT('',(0.078,0.059472801202121,0.157));
#11251=CARTESIAN_POINT('',(0.078,0.078,0.157));
#11252=CARTESIAN_POINT('',(0.078,0.078,0.0612289736870795));
#11253=CARTESIAN_POINT('',(0.078,0.0553563113739352,0.0453736922182354));
#11254=CARTESIAN_POINT('',(0.078,0.06008568790671,0.0486852373175165));
#11255=CARTESIAN_POINT('',(0.078,0.0576752296064722,0.0418157620258501));
#11256=CARTESIAN_POINT('',(0.078,0.0575661335260203,0.0430627359314417));
#11257=CARTESIAN_POINT('',(0.078,0.0582616789177861,0.04549296064807));
#11258=CARTESIAN_POINT('',(0.078,0.059477770962777,0.0476123887535972));
#11259=CARTESIAN_POINT('',(0.078,0.06008568790671,0.0486852373175165));
#11260=CARTESIAN_POINT('',(0.078,0.0412168156671823,0.0198675631901679));
#11261=CARTESIAN_POINT('',(0.078,0.0403808091439121,0.019794422096748));
#11262=CARTESIAN_POINT('',(0.0780000000000036,0.0395965307521805,0.0194670928334034));
#11263=CARTESIAN_POINT('',(0.078,0.0388227752688596,0.0191562018765199));
#11264=CARTESIAN_POINT('',(0.078,0.0388227752688587,0.0191562018765198));
#11265=CARTESIAN_POINT('',(0.078,0.0488420743597818,0.026));
#11266=CARTESIAN_POINT('',(0.078,0.0477845625957983,0.0139125852268833));
#11267=CARTESIAN_POINT('',(0.078,0.0776513770290094,0.0112995775483449));
#11268=CARTESIAN_POINT('',(0.078,0.078,0.0112690769905385));
#11269=CARTESIAN_POINT('',(0.078,0.078,0.157));
#11270=CARTESIAN_POINT('',(0.078,0.078,0.));
#11271=CARTESIAN_POINT('',(0.078,1.38777878078145E-17,0.));
#11272=CARTESIAN_POINT('',(0.078,-0.0805,0.00921872165881482));
#11273=CARTESIAN_POINT('',(0.078,-0.0948096031423079,0.143984381591432));
#11274=CARTESIAN_POINT('',(0.078,-0.0940687793289527,0.135516726657652));
#11275=CARTESIAN_POINT('',(0.078,-0.0977546093652093,0.143224817014143));
#11276=CARTESIAN_POINT('',(0.078,-0.0977546093652093,0.143224817014143));
#11277=CARTESIAN_POINT('',(0.078,0.000453461626425612,0.151816909892661));
#11278=CARTESIAN_POINT('',(0.078,-0.094766025270934,0.143486284242386));
#11279=CARTESIAN_POINT('',(0.078,-0.0948096031423079,0.143984381591432));
#11280=CARTESIAN_POINT('',(0.078,-0.0948531810136817,0.144482478940477));
#11281=CARTESIAN_POINT('',(0.078,-0.0805,0.14573821956471));
#11282=CARTESIAN_POINT('',(0.078,-0.080738532771757,0.145717350651302));
#11283=CARTESIAN_POINT('',(0.078,-0.081,0.148705934745577));
#11284=CARTESIAN_POINT('',(0.078,-0.0729226786692789,0.151922678669279));
#11285=CARTESIAN_POINT('',(0.078,-0.0704831917961628,0.149483191796163));
#11286=CARTESIAN_POINT('',(0.078,-0.0648263375466704,0.155140046045655));
#11287=CARTESIAN_POINT('',(0.0525,-0.0525,0.155));
#11288=CARTESIAN_POINT('',(0.0525,-0.0525,0.155));
#11289=CARTESIAN_POINT('',(0.058,-0.0525,0.155));
#11290=CARTESIAN_POINT('',(0.0595,-0.0551925824035673,0.157));
#11291=CARTESIAN_POINT('',(0.0595,-0.0542929886492147,0.157));
#11292=CARTESIAN_POINT('',(0.0595,-0.052497793786872,0.156872983490446));
#11293=CARTESIAN_POINT('',(0.0595,-0.0507035138508883,0.157));
#11294=CARTESIAN_POINT('',(0.0595,-0.049807417596433,0.157));
#11295=CARTESIAN_POINT('',(0.059,-0.0948096031423079,0.143984381591432));
#11296=CARTESIAN_POINT('',(0.059,-0.094766025270934,0.143486284242386));
#11297=CARTESIAN_POINT('',(0.064,-0.094766025270934,0.143486284242386));
#11298=CARTESIAN_POINT('',(0.064,-0.0948096031423079,0.143984381591432));
#11299=CARTESIAN_POINT('',(0.064,-0.0948531810136817,0.144482478940477));
#11300=CARTESIAN_POINT('',(0.059,-0.0948531810136817,0.144482478940477));
#11301=CARTESIAN_POINT('',(0.064,-0.0805,0.14573821956471));
#11302=CARTESIAN_POINT('',(0.064,-0.0805,0.14573821956471));
#11303=CARTESIAN_POINT('',(0.064,-0.080738532771757,0.145717350651302));
#11304=CARTESIAN_POINT('',(0.064,-0.080738532771757,0.145717350651302));
#11305=CARTESIAN_POINT('',(-0.0335,-0.083002,0.01865));
#11306=CARTESIAN_POINT('',(-0.0335,-0.083002,0.01515));
#11307=CARTESIAN_POINT('',(-0.0335,-0.081875,0.01515));
#11308=CARTESIAN_POINT('',(-0.0335,-0.081875,0.01865));
#11309=CARTESIAN_POINT('',(-0.0335,-0.081875,0.02215));
#11310=CARTESIAN_POINT('',(-0.0335,-0.083002,0.02215));
#11311=CARTESIAN_POINT('',(-0.0335,-0.0815,0.02215));
#11312=CARTESIAN_POINT('',(-0.0335,-0.078,0.02565));
#11313=CARTESIAN_POINT('',(-0.0395,-0.083002,0.02215));
#11314=CARTESIAN_POINT('',(-0.0395,-0.081875,0.02215));
#11315=CARTESIAN_POINT('',(-0.0455,-0.081875,0.02215));
#11316=CARTESIAN_POINT('',(-0.0455,-0.083002,0.02215));
#11317=CARTESIAN_POINT('',(-0.0455,-0.0815,0.02215));
#11318=CARTESIAN_POINT('',(-0.0335,-0.0815,0.02215));
#11319=CARTESIAN_POINT('',(-0.0395,-0.083002,0.01515));
#11320=CARTESIAN_POINT('',(-0.0395,-0.081875,0.01515));
#11321=CARTESIAN_POINT('',(-0.0455,-0.081875,0.01515));
#11322=CARTESIAN_POINT('',(-0.0455,-0.083002,0.01515));
#11323=CARTESIAN_POINT('',(-0.0455,-0.083002,0.01865));
#11324=CARTESIAN_POINT('',(-0.0455,-0.081875,0.01865));
#11325=CARTESIAN_POINT('',(-0.0455,-0.084001,0.019649));
#11326=CARTESIAN_POINT('',(-0.015,-0.083002,0.015915));
#11327=CARTESIAN_POINT('',(-0.015,-0.081875,0.015915));
#11328=CARTESIAN_POINT('',(0.0016,-0.081875,0.015915));
#11329=CARTESIAN_POINT('',(-0.0316,-0.081875,0.015915));
#11330=CARTESIAN_POINT('',(0.0016,-0.083002,0.015915));
#11331=CARTESIAN_POINT('',(-0.0316,-0.083002,0.015915));
#11332=CARTESIAN_POINT('',(0.0016,-0.083002,0.019765));
#11333=CARTESIAN_POINT('',(0.0016,-0.081875,0.019765));
#11334=CARTESIAN_POINT('',(0.0016,-0.081875,0.023615));
#11335=CARTESIAN_POINT('',(0.0016,-0.083002,0.023615));
#11336=CARTESIAN_POINT('',(0.0016,-0.0815,0.023615));
#11337=CARTESIAN_POINT('',(0.0016,-0.084176,0.020939));
#11338=CARTESIAN_POINT('',(-0.0316,-0.083002,0.019765));
#11339=CARTESIAN_POINT('',(-0.0316,-0.081875,0.019765));
#11340=CARTESIAN_POINT('',(-0.0316,-0.081875,0.023615));
#11341=CARTESIAN_POINT('',(-0.0316,-0.084176,0.020939));
#11342=CARTESIAN_POINT('',(-0.0316,-0.0815,0.023615));
#11343=CARTESIAN_POINT('',(-0.0316,-0.083002,0.023615));
#11344=CARTESIAN_POINT('',(-0.015,-0.083002,0.023615));
#11345=CARTESIAN_POINT('',(-0.015,-0.081875,0.023615));
#11346=CARTESIAN_POINT('',(-0.015,-0.0815,0.023615));
#11347=CARTESIAN_POINT('',(-0.04975,-0.083002,0.019765));
#11348=CARTESIAN_POINT('',(-0.04975,-0.081875,0.019765));
#11349=CARTESIAN_POINT('',(-0.04975,-0.081875,0.017515));
#11350=CARTESIAN_POINT('',(0.00425,-0.083002,0.01919));
#11351=CARTESIAN_POINT('',(0.00425,-0.081875,0.01919));
#11352=CARTESIAN_POINT('',(0.00425,-0.081875,0.01694));
#11353=CARTESIAN_POINT('',(0.,0.,0.157));
#11354=CARTESIAN_POINT('',(0.00851800849437727,0.00947406585505929,0.157));
#11355=CARTESIAN_POINT('',(-0.00304734013210153,0.0047181241461744,0.157));
#11356=CARTESIAN_POINT('',(0.00408246703959743,0.0211660392724613,0.157));
#11357=CARTESIAN_POINT('',(-0.00212248586798233,0.00509844583914041,0.157));
#11358=CARTESIAN_POINT('',(-0.00118002777827857,0.00476412152181973,0.157));
#11359=CARTESIAN_POINT('',(0.01225,1.0842021724855E-18,0.157));
#11360=CARTESIAN_POINT('',(0.0152868852459017,0.0139226372502922,0.157));
#11361=CARTESIAN_POINT('',(0.0155,0.0148996644257513,0.157));
#11362=CARTESIAN_POINT('',(0.0162209302325582,0.0155926720734607,0.157));
#11363=CARTESIAN_POINT('',(5.63785129692462E-18,-1.12757025938492E-17,0.157));
#11364=CARTESIAN_POINT('',(0.00752910062973835,0.0212028923429629,0.157));
#11365=CARTESIAN_POINT('',(0.00585596715646316,0.0164911384889711,0.157));
#11366=CARTESIAN_POINT('',(0.00955574481578535,0.0486419340737704,0.157));
#11367=CARTESIAN_POINT('',(0.0125557448157853,0.0486419340737704,0.157));
#11368=CARTESIAN_POINT('',(0.0162323977658567,0.0468386514770915,0.157));
#11369=CARTESIAN_POINT('',(0.0192323977658567,0.0468386514770915,0.157));
#11370=CARTESIAN_POINT('',(0.0225931055574944,0.0441237078075873,0.157));
#11371=CARTESIAN_POINT('',(0.0255931055574944,0.0441237078075873,0.157));
#11372=CARTESIAN_POINT('',(0.0285140642487323,0.0405499463555822,0.157));
#11373=CARTESIAN_POINT('',(0.0315140642487323,0.0405499463555822,0.157));
#11374=CARTESIAN_POINT('',(0.0338800291136358,0.0361869263226461,0.157));
#11375=CARTESIAN_POINT('',(0.0368800291136359,0.0361869263226461,0.157));
#11376=CARTESIAN_POINT('',(0.0385865577498045,0.0311195689308582,0.157));
#11377=CARTESIAN_POINT('',(0.0415865577498045,0.0311195689308582,0.157));
#11378=CARTESIAN_POINT('',(0.042542042930932,0.0254465045278163,0.157));
#11379=CARTESIAN_POINT('',(0.045542042930932,0.0254465045278163,0.157));
#11380=CARTESIAN_POINT('',(0.0456694956372655,0.0192781528591102,0.157));
#11381=CARTESIAN_POINT('',(0.0486694956372655,0.0192781528591102,0.157));
#11382=CARTESIAN_POINT('',(0.047908043559301,0.0127345738735754,0.157));
#11383=CARTESIAN_POINT('',(0.050908043559301,0.0127345738735754,0.157));
#11384=CARTESIAN_POINT('',(0.0492141159080466,0.00594313089295457,0.157));
#11385=CARTESIAN_POINT('',(0.0522141159080466,0.00594313089295457,0.157));
#11386=CARTESIAN_POINT('',(0.0495622914708691,-0.000963988370286402,0.157));
#11387=CARTESIAN_POINT('',(0.0525622914708691,-0.000963988370286402,0.157));
#11388=CARTESIAN_POINT('',(0.0489457934064822,-0.00785234469642032,0.157));
#11389=CARTESIAN_POINT('',(0.0519457934064822,-0.00785234469642032,0.157));
#11390=CARTESIAN_POINT('',(0.0473766211484528,-0.0145878640649481,0.157));
#11391=CARTESIAN_POINT('',(0.0503766211484528,-0.0145878640649481,0.157));
#11392=CARTESIAN_POINT('',(0.0448853168498767,-0.0210394472529012,0.157));
#11393=CARTESIAN_POINT('',(0.0478853168498767,-0.0210394472529012,0.157));
#11394=CARTESIAN_POINT('',(0.0415203709151089,-0.027081521532093,0.157));
#11395=CARTESIAN_POINT('',(0.0445203709151089,-0.027081521532093,0.157));
#11396=CARTESIAN_POINT('',(0.0373472781892004,-0.0325964847994367,0.157));
#11397=CARTESIAN_POINT('',(0.0403472781892004,-0.0325964847994367,0.157));
#11398=CARTESIAN_POINT('',(0.0324472631752384,-0.0374769945681114,0.157));
#11399=CARTESIAN_POINT('',(0.0354472631752384,-0.0374769945681114,0.157));
#11400=CARTESIAN_POINT('',(0.0269156990917852,-0.0416280572669672,0.157));
#11401=CARTESIAN_POINT('',(0.0299156990917852,-0.0416280572669672,0.157));
#11402=CARTESIAN_POINT('',(0.0208602515416643,-0.044968877182335,0.157));
#11403=CARTESIAN_POINT('',(0.0238602515416643,-0.044968877182335,0.157));
#11404=CARTESIAN_POINT('',(0.0100217834059647,0.041532906885956,0.157));
#11405=CARTESIAN_POINT('',(0.0130217834059647,0.041532906885956,0.157));
#11406=CARTESIAN_POINT('',(0.01655435073428,0.039387459537269,0.157));
#11407=CARTESIAN_POINT('',(0.01955435073428,0.039387459537269,0.157));
#11408=CARTESIAN_POINT('',(0.0226581690741777,0.0362218976758471,0.157));
#11409=CARTESIAN_POINT('',(0.0256581690741777,0.0362218976758471,0.157));
#11410=CARTESIAN_POINT('',(0.0281751527368428,0.0321182076911079,0.157));
#11411=CARTESIAN_POINT('',(0.0311751527368428,0.0321182076911079,0.157));
#11412=CARTESIAN_POINT('',(0.0329624147433501,0.0271826729980871,0.157));
#11413=CARTESIAN_POINT('',(0.0359624147433502,0.0271826729980871,0.157));
#11414=CARTESIAN_POINT('',(0.0368959675223644,0.0215431213528169,0.157));
#11415=CARTESIAN_POINT('',(0.0398959675223644,0.0215431213528169,0.157));
#11416=CARTESIAN_POINT('',(0.0398739341231091,0.0153456141805895,0.157));
#11417=CARTESIAN_POINT('',(0.0428739341231092,0.0153456141805895,0.157));
#11418=CARTESIAN_POINT('',(0.0418191867748791,0.00875066366176508,0.157));
#11419=CARTESIAN_POINT('',(0.0448191867748792,0.00875066366176508,0.157));
#11420=CARTESIAN_POINT('',(0.0426813444557875,0.00192907555061298,0.157));
#11421=CARTESIAN_POINT('',(0.0456813444557876,0.00192907555061298,0.157));
#11422=CARTESIAN_POINT('',(0.0424380777347695,-0.00494247460400319,0.157));
#11423=CARTESIAN_POINT('',(0.0454380777347696,-0.00494247460400319,0.157));
#11424=CARTESIAN_POINT('',(0.0410956870921173,-0.0116860172625381,0.157));
#11425=CARTESIAN_POINT('',(0.0440956870921173,-0.0116860172625381,0.157));
#11426=CARTESIAN_POINT('',(0.0386889397403503,-0.0181268982123557,0.157));
#11427=CARTESIAN_POINT('',(0.0416889397403503,-0.0181268982123557,0.157));
#11428=CARTESIAN_POINT('',(0.0352801691716729,-0.0240983020200947,0.157));
#11429=CARTESIAN_POINT('',(0.0382801691716729,-0.0240983020200947,0.157));
#11430=CARTESIAN_POINT('',(0.0309576607532692,-0.0294455724637688,0.157));
#11431=CARTESIAN_POINT('',(0.0339576607532692,-0.0294455724637688,0.157));
#11432=CARTESIAN_POINT('',(0.0258333651826666,-0.0340302180476786,0.157));
#11433=CARTESIAN_POINT('',(0.0288333651826666,-0.0340302180476786,0.157));
#11434=CARTESIAN_POINT('',(0.0200399990234752,-0.0377334988594044,0.157));
#11435=CARTESIAN_POINT('',(0.0230399990234752,-0.0377334988594044,0.157));
#11436=CARTESIAN_POINT('',(0.00960257120808929,0.0344967603773857,0.157));
#11437=CARTESIAN_POINT('',(0.0126025712080893,0.0344967603773857,0.157));
#11438=CARTESIAN_POINT('',(0.0161480445854553,0.0319605460905684,0.157));
#11439=CARTESIAN_POINT('',(0.0191480445854552,0.0319605460905684,0.157));
#11440=CARTESIAN_POINT('',(0.0220729576653298,0.0281961059411713,0.157));
#11441=CARTESIAN_POINT('',(0.0250729576653298,0.0281961059411713,0.157));
#11442=CARTESIAN_POINT('',(0.0271496193607831,0.0233481052530133,0.157));
#11443=CARTESIAN_POINT('',(0.0301496193607831,0.0233481052530133,0.157));
#11444=CARTESIAN_POINT('',(0.0311829364098835,0.0176028499737502,0.157));
#11445=CARTESIAN_POINT('',(0.0341829364098835,0.0176028499737502,0.157));
#11446=CARTESIAN_POINT('',(0.0340179107003442,0.011181127041788,0.157));
#11447=CARTESIAN_POINT('',(0.0370179107003442,0.011181127041788,0.157));
#11448=CARTESIAN_POINT('',(0.0355455957600548,0.00432971966805815,0.157));
#11449=CARTESIAN_POINT('',(0.0385455957600548,0.00432971966805815,0.157));
#11450=CARTESIAN_POINT('',(0.0357072835089062,-0.00268807640438044,0.157));
#11451=CARTESIAN_POINT('',(0.0387072835089063,-0.00268807640438044,0.157));
#11452=CARTESIAN_POINT('',(0.0344967603773857,-0.00960257120808929,0.157));
#11453=CARTESIAN_POINT('',(0.0374967603773858,-0.00960257120808929,0.157));
#11454=CARTESIAN_POINT('',(0.0319605460905684,-0.0161480445854553,0.157));
#11455=CARTESIAN_POINT('',(0.0349605460905684,-0.0161480445854553,0.157));
#11456=CARTESIAN_POINT('',(0.0281961059411713,-0.0220729576653298,0.157));
#11457=CARTESIAN_POINT('',(0.0311961059411713,-0.0220729576653298,0.157));
#11458=CARTESIAN_POINT('',(0.0233481052530133,-0.0271496193607831,0.157));
#11459=CARTESIAN_POINT('',(0.0263481052530132,-0.0271496193607831,0.157));
#11460=CARTESIAN_POINT('',(0.0176028499737503,-0.0311829364098835,0.157));
#11461=CARTESIAN_POINT('',(0.0206028499737503,-0.0311829364098835,0.157));
#11462=CARTESIAN_POINT('',(0.00798541634835763,0.0278789010856487,0.157));
#11463=CARTESIAN_POINT('',(0.0109854163483576,0.0278789010856487,0.157));
#11464=CARTESIAN_POINT('',(0.0144252323950972,0.025157755669921,0.157));
#11465=CARTESIAN_POINT('',(0.0174252323950972,0.025157755669921,0.157));
#11466=CARTESIAN_POINT('',(0.02002670636862,0.0209745329393785,0.157));
#11467=CARTESIAN_POINT('',(0.02302670636862,0.0209745329393785,0.157));
#11468=CARTESIAN_POINT('',(0.0244643009621144,0.0155723465937245,0.157));
#11469=CARTESIAN_POINT('',(0.0274643009621144,0.0155723465937245,0.157));
#11470=CARTESIAN_POINT('',(0.0274801193078066,0.00926515206722019,0.157));
#11471=CARTESIAN_POINT('',(0.0304801193078066,0.00926515206722019,0.157));
#11472=CARTESIAN_POINT('',(0.0288988930054985,0.00241950058002644,0.157));
#11473=CARTESIAN_POINT('',(0.0318988930054986,0.00241950058002644,0.157));
#11474=CARTESIAN_POINT('',(0.0286381680849129,-0.0045667634863517,0.157));
#11475=CARTESIAN_POINT('',(0.0316381680849129,-0.0045667634863517,0.157));
#11476=CARTESIAN_POINT('',(0.0267130969307377,-0.0112876238584129,0.157));
#11477=CARTESIAN_POINT('',(0.0297130969307377,-0.0112876238584129,0.157));
#11478=CARTESIAN_POINT('',(0.0232355576811046,-0.0173524885606665,0.157));
#11479=CARTESIAN_POINT('',(0.0262355576811046,-0.0173524885606665,0.157));
#11480=CARTESIAN_POINT('',(0.0184076522768614,-0.0224088897015037,0.157));
#11481=CARTESIAN_POINT('',(0.0214076522768614,-0.0224088897015037,0.157));
#11482=CARTESIAN_POINT('',(0.0125099610313806,-0.0261629676258895,0.157));
#11483=CARTESIAN_POINT('',(0.0155099610313806,-0.0261629676258895,0.157));
#11484=CARTESIAN_POINT('',(0.0143987829234694,-0.0474344290546881,0.157));
#11485=CARTESIAN_POINT('',(0.0173987829234694,-0.0474344290546881,0.157));
#11486=CARTESIAN_POINT('',(0.00765705837404195,-0.0489767237213551,0.157));
#11487=CARTESIAN_POINT('',(0.010657058374042,-0.0489767237213551,0.157));
#11488=CARTESIAN_POINT('',(0.000766297893138635,-0.0495657421709834,0.157));
#11489=CARTESIAN_POINT('',(0.00376629789313864,-0.0495657421709834,0.157));
#11490=CARTESIAN_POINT('',(-0.00613937770460367,-0.0491900198294496,0.157));
#11491=CARTESIAN_POINT('',(-0.00313937770460367,-0.0491900198294496,0.157));
#11492=CARTESIAN_POINT('',(-0.0129255572987646,-0.0478568697047538,0.157));
#11493=CARTESIAN_POINT('',(-0.00992555729876456,-0.0478568697047538,0.157));
#11494=CARTESIAN_POINT('',(-0.0194601556227085,-0.0455922400476375,0.157));
#11495=CARTESIAN_POINT('',(-0.0164601556227085,-0.0455922400476375,0.157));
#11496=CARTESIAN_POINT('',(-0.0256159841530553,-0.0424402092983983,0.157));
#11497=CARTESIAN_POINT('',(-0.0226159841530553,-0.0424402092983983,0.157));
#11498=CARTESIAN_POINT('',(-0.0312732266896131,-0.0384621281501882,0.157));
#11499=CARTESIAN_POINT('',(-0.0282732266896131,-0.0384621281501882,0.157));
#11500=CARTESIAN_POINT('',(-0.0363217714414256,-0.0337354254275572,0.157));
#11501=CARTESIAN_POINT('',(-0.0333217714414256,-0.0337354254275572,0.157));
#11502=CARTESIAN_POINT('',(-0.0406633542275334,-0.0283521010224564,0.157));
#11503=CARTESIAN_POINT('',(-0.0376633542275334,-0.0283521010224564,0.157));
#11504=CARTESIAN_POINT('',(-0.0442134710774822,-0.0224169352209903,0.157));
#11505=CARTESIAN_POINT('',(-0.0412134710774822,-0.0224169352209903,0.157));
#11506=CARTESIAN_POINT('',(-0.0469030230049857,-0.0160454492743337,0.157));
#11507=CARTESIAN_POINT('',(-0.0439030230049857,-0.0160454492743337,0.157));
#11508=CARTESIAN_POINT('',(-0.0486796609410951,-0.00936165690898004,0.157));
#11509=CARTESIAN_POINT('',(-0.0456796609410951,-0.00936165690898004,0.157));
#11510=CARTESIAN_POINT('',(-0.0495088046492797,-0.00249565054062005,0.157));
#11511=CARTESIAN_POINT('',(-0.0465088046492797,-0.00249565054062005,0.157));
#11512=CARTESIAN_POINT('',(-0.0493743157903966,0.00441893082675263,0.157));
#11513=CARTESIAN_POINT('',(-0.0463743157903966,0.00441893082675263,0.157));
#11514=CARTESIAN_POINT('',(-0.0482788120371053,0.011247502732042,0.157));
#11515=CARTESIAN_POINT('',(-0.0452788120371053,0.011247502732042,0.157));
#11516=CARTESIAN_POINT('',(-0.0462436161238464,0.0178571547904968,0.157));
#11517=CARTESIAN_POINT('',(-0.0432436161238464,0.0178571547904968,0.157));
#11518=CARTESIAN_POINT('',(-0.0433083408240706,0.0241192376431671,0.157));
#11519=CARTESIAN_POINT('',(-0.0403083408240706,0.0241192376431671,0.157));
#11520=CARTESIAN_POINT('',(-0.0395301179326618,0.0299118669703394,0.157));
#11521=CARTESIAN_POINT('',(-0.0365301179326618,0.0299118669703394,0.157));
#11522=CARTESIAN_POINT('',(-0.0349824862605364,0.0351222958311784,0.157));
#11523=CARTESIAN_POINT('',(-0.0319824862605364,0.0351222958311784,0.157));
#11524=CARTESIAN_POINT('',(-0.029753960285338,0.0396491091546829,0.157));
#11525=CARTESIAN_POINT('',(-0.026753960285338,0.0396491091546829,0.157));
#11526=CARTESIAN_POINT('',(-0.0239463073178138,0.0434041976686846,0.157));
#11527=CARTESIAN_POINT('',(-0.0209463073178138,0.0434041976686846,0.157));
#11528=CARTESIAN_POINT('',(-0.0176725667168691,0.0463144728466086,0.157));
#11529=CARTESIAN_POINT('',(-0.0146725667168691,0.0463144728466086,0.157));
#11530=CARTESIAN_POINT('',(-0.0110548497070272,0.0483232894925053,0.157));
#11531=CARTESIAN_POINT('',(-0.00805484970702722,0.0483232894925053,0.157));
#11532=CARTESIAN_POINT('',(-0.00422196262234326,0.0493915482753575,0.157));
#11533=CARTESIAN_POINT('',(-0.00122196262234326,0.0493915482753575,0.157));
#11534=CARTESIAN_POINT('',(0.0137276074161028,-0.0404595018711664,0.157));
#11535=CARTESIAN_POINT('',(0.0167276074161028,-0.0404595018711664,0.157));
#11536=CARTESIAN_POINT('',(0.00705967798743371,-0.0421376250368635,0.157));
#11537=CARTESIAN_POINT('',(0.0100596779874337,-0.0421376250368635,0.157));
#11538=CARTESIAN_POINT('',(0.000208906607168189,-0.0427244058479816,0.157));
#11539=CARTESIAN_POINT('',(0.00320890660716819,-0.0427244058479816,0.157));
#11540=CARTESIAN_POINT('',(-0.00664727534448932,-0.0422046469897345,0.157));
#11541=CARTESIAN_POINT('',(-0.00364727534448932,-0.0422046469897345,0.157));
#11542=CARTESIAN_POINT('',(-0.0133312963563776,-0.0405918099435341,0.157));
#11543=CARTESIAN_POINT('',(-0.0103312963563776,-0.0405918099435341,0.157));
#11544=CARTESIAN_POINT('',(-0.0196700437952435,-0.0379276663416927,0.157));
#11545=CARTESIAN_POINT('',(-0.0166700437952435,-0.0379276663416927,0.157));
#11546=CARTESIAN_POINT('',(-0.0254993474320109,-0.0342812161040876,0.157));
#11547=CARTESIAN_POINT('',(-0.022499347432011,-0.0342812161040876,0.157));
#11548=CARTESIAN_POINT('',(-0.0306682313644802,-0.0297469003764808,0.157));
#11549=CARTESIAN_POINT('',(-0.0276682313644802,-0.0297469003764808,0.157));
#11550=CARTESIAN_POINT('',(-0.0350428242138899,-0.0244421555544508,0.157));
#11551=CARTESIAN_POINT('',(-0.0320428242138899,-0.0244421555544508,0.157));
#11552=CARTESIAN_POINT('',(-0.0385098263233083,-0.0185043717424339,0.157));
#11553=CARTESIAN_POINT('',(-0.0355098263233083,-0.0185043717424339,0.157));
#11554=CARTESIAN_POINT('',(-0.0409794441592339,-0.0120873344221872,0.157));
#11555=CARTESIAN_POINT('',(-0.0379794441592339,-0.0120873344221872,0.157));
#11556=CARTESIAN_POINT('',(-0.0423877159169466,-0.00535724148959043,0.157));
#11557=CARTESIAN_POINT('',(-0.0393877159169466,-0.00535724148959043,0.157));
#11558=CARTESIAN_POINT('',(-0.0426981680976529,0.00151160118355734,0.157));
#11559=CARTESIAN_POINT('',(-0.0396981680976529,0.00151160118355734,0.157));
#11560=CARTESIAN_POINT('',(-0.0419027601529455,0.0083412941800585,0.157));
#11561=CARTESIAN_POINT('',(-0.0389027601529455,0.0083412941800585,0.157));
#11562=CARTESIAN_POINT('',(-0.0400220927307838,0.0149549520387764,0.157));
#11563=CARTESIAN_POINT('',(-0.0370220927307838,0.0149549520387764,0.157));
#11564=CARTESIAN_POINT('',(-0.0371048741295326,0.0211812844951647,0.157));
#11565=CARTESIAN_POINT('',(-0.0341048741295326,0.0211812844951647,0.157));
#11566=CARTESIAN_POINT('',(-0.0332266587786198,0.026859032809145,0.157));
#11567=CARTESIAN_POINT('',(-0.0302266587786198,0.026859032809145,0.157));
#11568=CARTESIAN_POINT('',(-0.0284878904185015,0.031841146281769,0.157));
#11569=CARTESIAN_POINT('',(-0.0254878904185015,0.031841146281769,0.157));
#11570=CARTESIAN_POINT('',(-0.0230113006605441,0.0359985907910797,0.157));
#11571=CARTESIAN_POINT('',(-0.0200113006605441,0.0359985907910797,0.157));
#11572=CARTESIAN_POINT('',(-0.0169387303027586,0.0392236907080908,0.157));
#11573=CARTESIAN_POINT('',(-0.0139387303027586,0.0392236907080908,0.157));
#11574=CARTESIAN_POINT('',(-0.0104274557276371,0.0414329176390189,0.157));
#11575=CARTESIAN_POINT('',(-0.00742745572763714,0.0414329176390189,0.157));
#11576=CARTESIAN_POINT('',(-0.00364611552646035,0.0425690537668066,0.157));
#11577=CARTESIAN_POINT('',(-0.00064611552646035,0.0425690537668066,0.157));
#11578=CARTESIAN_POINT('',(0.011181127041788,-0.0340179107003442,0.157));
#11579=CARTESIAN_POINT('',(0.014181127041788,-0.0340179107003442,0.157));
#11580=CARTESIAN_POINT('',(0.00432971966805812,-0.0355455957600549,0.157));
#11581=CARTESIAN_POINT('',(0.00732971966805812,-0.0355455957600549,0.157));
#11582=CARTESIAN_POINT('',(-0.00268807640438043,-0.0357072835089062,0.157));
#11583=CARTESIAN_POINT('',(0.00031192359561957,-0.0357072835089062,0.157));
#11584=CARTESIAN_POINT('',(-0.00960257120808929,-0.0344967603773857,0.157));
#11585=CARTESIAN_POINT('',(-0.00660257120808929,-0.0344967603773857,0.157));
#11586=CARTESIAN_POINT('',(-0.0161480445854553,-0.0319605460905684,0.157));
#11587=CARTESIAN_POINT('',(-0.0131480445854553,-0.0319605460905684,0.157));
#11588=CARTESIAN_POINT('',(-0.0220729576653299,-0.0281961059411712,0.157));
#11589=CARTESIAN_POINT('',(-0.0190729576653299,-0.0281961059411712,0.157));
#11590=CARTESIAN_POINT('',(-0.0271496193607831,-0.0233481052530133,0.157));
#11591=CARTESIAN_POINT('',(-0.0241496193607832,-0.0233481052530133,0.157));
#11592=CARTESIAN_POINT('',(-0.0311829364098835,-0.0176028499737503,0.157));
#11593=CARTESIAN_POINT('',(-0.0281829364098835,-0.0176028499737503,0.157));
#11594=CARTESIAN_POINT('',(-0.0340179107003442,-0.011181127041788,0.157));
#11595=CARTESIAN_POINT('',(-0.0310179107003442,-0.011181127041788,0.157));
#11596=CARTESIAN_POINT('',(-0.0355455957600549,-0.00432971966805814,0.157));
#11597=CARTESIAN_POINT('',(-0.0325455957600548,-0.00432971966805814,0.157));
#11598=CARTESIAN_POINT('',(-0.0357072835089063,0.00268807640438043,0.157));
#11599=CARTESIAN_POINT('',(-0.0327072835089063,0.00268807640438043,0.157));
#11600=CARTESIAN_POINT('',(-0.0344967603773857,0.00960257120808928,0.157));
#11601=CARTESIAN_POINT('',(-0.0314967603773857,0.00960257120808928,0.157));
#11602=CARTESIAN_POINT('',(-0.0319605460905684,0.0161480445854553,0.157));
#11603=CARTESIAN_POINT('',(-0.0289605460905684,0.0161480445854553,0.157));
#11604=CARTESIAN_POINT('',(-0.0281961059411713,0.0220729576653299,0.157));
#11605=CARTESIAN_POINT('',(-0.0251961059411713,0.0220729576653299,0.157));
#11606=CARTESIAN_POINT('',(-0.0233481052530133,0.0271496193607831,0.157));
#11607=CARTESIAN_POINT('',(-0.0203481052530133,0.0271496193607831,0.157));
#11608=CARTESIAN_POINT('',(-0.0176028499737503,0.0311829364098835,0.157));
#11609=CARTESIAN_POINT('',(-0.0146028499737503,0.0311829364098835,0.157));
#11610=CARTESIAN_POINT('',(-0.011181127041788,0.0340179107003442,0.157));
#11611=CARTESIAN_POINT('',(-0.008181127041788,0.0340179107003442,0.157));
#11612=CARTESIAN_POINT('',(-0.00432971966805815,0.0355455957600548,0.157));
#11613=CARTESIAN_POINT('',(-0.00132971966805815,0.0355455957600548,0.157));
#11614=CARTESIAN_POINT('',(0.00588523632261419,-0.0283965489703763,0.157));
#11615=CARTESIAN_POINT('',(0.00888523632261419,-0.0283965489703763,0.157));
#11616=CARTESIAN_POINT('',(-0.00108151692925895,-0.0289798261059608,0.157));
#11617=CARTESIAN_POINT('',(0.00191848307074105,-0.0289798261059608,0.157));
#11618=CARTESIAN_POINT('',(-0.00798541634835763,-0.0278789010856487,0.157));
#11619=CARTESIAN_POINT('',(-0.00498541634835763,-0.0278789010856487,0.157));
#11620=CARTESIAN_POINT('',(-0.0144252323950972,-0.0251577556699209,0.157));
#11621=CARTESIAN_POINT('',(-0.0114252323950972,-0.0251577556699209,0.157));
#11622=CARTESIAN_POINT('',(-0.02002670636862,-0.0209745329393785,0.157));
#11623=CARTESIAN_POINT('',(-0.0170267063686201,-0.0209745329393785,0.157));
#11624=CARTESIAN_POINT('',(-0.0244643009621144,-0.0155723465937246,0.157));
#11625=CARTESIAN_POINT('',(-0.0214643009621144,-0.0155723465937246,0.157));
#11626=CARTESIAN_POINT('',(-0.0274801193078066,-0.00926515206722018,0.157));
#11627=CARTESIAN_POINT('',(-0.0244801193078066,-0.00926515206722018,0.157));
#11628=CARTESIAN_POINT('',(-0.0288988930054985,-0.00241950058002642,0.157));
#11629=CARTESIAN_POINT('',(-0.0258988930054985,-0.00241950058002642,0.157));
#11630=CARTESIAN_POINT('',(-0.028638168084913,0.00456676348635169,0.157));
#11631=CARTESIAN_POINT('',(-0.025638168084913,0.00456676348635169,0.157));
#11632=CARTESIAN_POINT('',(-0.0267130969307377,0.0112876238584129,0.157));
#11633=CARTESIAN_POINT('',(-0.0237130969307377,0.0112876238584129,0.157));
#11634=CARTESIAN_POINT('',(-0.0232355576811046,0.0173524885606665,0.157));
#11635=CARTESIAN_POINT('',(-0.0202355576811046,0.0173524885606665,0.157));
#11636=CARTESIAN_POINT('',(-0.0184076522768614,0.0224088897015037,0.157));
#11637=CARTESIAN_POINT('',(-0.0154076522768614,0.0224088897015037,0.157));
#11638=CARTESIAN_POINT('',(-0.0125099610313806,0.0261629676258895,0.157));
#11639=CARTESIAN_POINT('',(-0.00950996103138062,0.0261629676258895,0.157));
#11640=CARTESIAN_POINT('',(-0.0058852363226142,0.0283965489703763,0.157));
#11641=CARTESIAN_POINT('',(-0.0028852363226142,0.0283965489703763,0.157));
#11642=CARTESIAN_POINT('',(0.00108151692925894,0.0289798261059608,0.157));
#11643=CARTESIAN_POINT('',(0.00408151692925894,0.0289798261059608,0.157));
#11644=CARTESIAN_POINT('',(0.00268807640438043,0.0357072835089062,0.157));
#11645=CARTESIAN_POINT('',(0.00568807640438043,0.0357072835089062,0.157));
#11646=CARTESIAN_POINT('',(0.00322965715163544,0.0426026737625287,0.157));
#11647=CARTESIAN_POINT('',(0.00622965715163544,0.0426026737625287,0.157));
#11648=CARTESIAN_POINT('',(0.00269310016237332,0.0494984567530833,0.157));
#11649=CARTESIAN_POINT('',(0.00569310016237332,0.0494984567530833,0.157));
#11650=CARTESIAN_POINT('',(0.00851800849437727,0.00947406585505929,0.157));
#11651=CARTESIAN_POINT('',(-0.00429944981771886,0.00219476497688205,0.157));
#11652=CARTESIAN_POINT('',(-0.00106798905663691,0.0206715704792737,0.157));
#11653=CARTESIAN_POINT('',(-0.0017183163420231,0.0214312246255023,0.157));
#11654=CARTESIAN_POINT('',(-0.00179823803234976,0.0224280257708745,0.157));
#11655=CARTESIAN_POINT('',(1.00830802041152E-17,-1.7347234759768E-17,0.157));
#11656=CARTESIAN_POINT('',(-0.0117887549933492,0.0191644268295919,0.157));
#11657=CARTESIAN_POINT('',(-0.00916903166149383,0.0149056653119048,0.157));
#11658=CARTESIAN_POINT('',(-0.0139837989597905,0.0162540034976926,0.157));
#11659=CARTESIAN_POINT('',(-0.00181296161599886,0.0128456550299585,0.157));
#11660=CARTESIAN_POINT('',(-0.00545734664257982,0.000743399921732998,0.157));
#11661=CARTESIAN_POINT('',(-0.00516900385477099,0.0017009271728954,0.157));
#11662=CARTESIAN_POINT('',(-0.00181296161599886,0.0128456550299585,0.157));
#11663=CARTESIAN_POINT('',(-0.00440187774875271,-0.00190178661137184,0.157));
#11664=CARTESIAN_POINT('',(-0.0167698004579664,0.0121510374644688,0.157));
#11665=CARTESIAN_POINT('',(-0.0177687237942576,0.0121046459974418,0.157));
#11666=CARTESIAN_POINT('',(-0.0185951760637579,0.0126676527880205,0.157));
#11667=CARTESIAN_POINT('',(-1.38777878078145E-17,1.57209315010398E-18,0.157));
#11668=CARTESIAN_POINT('',(-0.0223276859520636,0.00277928768320619,0.157));
#11669=CARTESIAN_POINT('',(-0.0173659779627162,0.00216166819804926,0.157));
#11670=CARTESIAN_POINT('',(-0.0213748814243901,-0.00082642367386134,0.157));
#11671=CARTESIAN_POINT('',(-0.0111913879900579,0.00676398458857079,0.157));
#11672=CARTESIAN_POINT('',(-0.00400931509600273,-0.00371149463970148,0.157));
#11673=CARTESIAN_POINT('',(-0.00457478385331353,-0.00288672492365622,0.157));
#11674=CARTESIAN_POINT('',(-0.0111913879900579,0.00676398458857079,0.157));
#11675=CARTESIAN_POINT('',(-0.00128910077677648,-0.00460482985527654,0.157));
#11676=CARTESIAN_POINT('',(-0.0199724819167171,-0.0054915294097949,0.157));
#11677=CARTESIAN_POINT('',(-0.0205549121420088,-0.00630441010993896,0.157));
#11678=CARTESIAN_POINT('',(-0.0215109545672184,-0.00659763848714542,0.157));
#11679=CARTESIAN_POINT('',(1.99493199737333E-17,1.23599047663347E-17,0.157));
#11680=CARTESIAN_POINT('',(-0.0161082478277657,-0.0157090531834125,0.157));
#11681=CARTESIAN_POINT('',(-0.0125286371993733,-0.0122181524759875,0.157));
#11682=CARTESIAN_POINT('',(-0.0126580158107055,-0.0172164783131984,0.157));
#11683=CARTESIAN_POINT('',(-0.0123286589493094,-0.00449232790667011,0.157));
#11684=CARTESIAN_POINT('',(0.000364962345710651,-0.00543278414101363,0.157));
#11685=CARTESIAN_POINT('',(-0.000632304320582713,-0.00535889776676151,0.157));
#11686=CARTESIAN_POINT('',(-0.0123286589493094,-0.00449232790667011,0.157));
#11687=CARTESIAN_POINT('',(0.00278069257384383,-0.00388338833432601,0.157));
#11688=CARTESIAN_POINT('',(-0.00817782769352793,-0.0190330951057902,0.157));
#11689=CARTESIAN_POINT('',(-0.00790333117879794,-0.019994683200247,0.157));
#11690=CARTESIAN_POINT('',(-0.0082709279778118,-0.0209246684653748,0.157));
#11691=CARTESIAN_POINT('',(-1.21430643318376E-17,-2.60208521396521E-17,
0.157));
#11692=CARTESIAN_POINT('',(0.00222986595754747,-0.0223892317378549,0.157));
#11693=CARTESIAN_POINT('',(0.00173434018920358,-0.0174138469072205,0.157));
#11694=CARTESIAN_POINT('',(0.00557079717197048,-0.0206203399790014,0.157));
#11695=CARTESIAN_POINT('',(-0.00420464825422482,-0.0124500677269035,0.157));
#11696=CARTESIAN_POINT('',(0.0044599831365475,-0.00311000108817077,0.157));
#11697=CARTESIAN_POINT('',(0.00377988142960835,-0.0038431188605774,0.157));
#11698=CARTESIAN_POINT('',(-0.00420464825422482,-0.0124500677269035,0.157));
#11699=CARTESIAN_POINT('',(0.00501518683500174,-0.000440009677280256,0.157));
#11700=CARTESIAN_POINT('',(0.00977500940960792,-0.0182652224995553,0.157));
#11701=CARTESIAN_POINT('',(0.0106983136811502,-0.0186492917929801,0.157));
#11702=CARTESIAN_POINT('',(0.0111959096663199,-0.0195167007135838,0.157));
#11703=CARTESIAN_POINT('',(-6.07153216591882E-18,1.47451495458029E-17,0.157));
#11704=CARTESIAN_POINT('',(0.0187037178178985,-0.012506835722453,0.157));
#11705=CARTESIAN_POINT('',(0.0145473360805877,-0.0097275388952412,0.157));
#11706=CARTESIAN_POINT('',(0.0193112681156759,-0.00820933220145382,0.157));
#11707=CARTESIAN_POINT('',(0.00620904179350631,-0.0123848509870544,0.157));
#11708=CARTESIAN_POINT('',(0.00557825188926112,0.0013521572688563,0.157));
#11709=CARTESIAN_POINT('',(0.00562412257044694,0.000353209882550323,0.157));
#11710=CARTESIAN_POINT('',(0.00620904179350631,-0.0123848509870544,0.157));
#11711=CARTESIAN_POINT('',(0.00219324271495608,0.00355247195236777,0.157));
#11712=CARTESIAN_POINT('',(0.0203521733295205,-0.00401247169143486,0.157));
#11713=CARTESIAN_POINT('',(0.0212126978839948,-0.00350306272886477,0.157));
#11714=CARTESIAN_POINT('',(0.0221993349948783,-0.00366599587904453,0.157));
#11715=CARTESIAN_POINT('',(-5.20417042793042E-18,-3.46944695195361E-18,
0.157));
#11716=CARTESIAN_POINT('',(0.0211880466472303,0.00757077798345665,0.157));
#11717=CARTESIAN_POINT('',(0.0164795918367347,0.00588838287602184,0.157));
#11718=CARTESIAN_POINT('',(0.0193965517241379,0.00994933658362311,0.157));
#11719=CARTESIAN_POINT('',(0.01225,1.7347234759768E-18,0.157));
#11720=CARTESIAN_POINT('',(0.00103325262917389,0.00492413225036304,0.157));
#11721=CARTESIAN_POINT('',(0.00194890547577194,0.00452216227074157,0.157));
#11722=CARTESIAN_POINT('',(1.06251812903579E-17,-5.93275428784068E-16,0.157));
#11723=CARTESIAN_POINT('',(0.0590799456412246,0.00431997250403765,0.157));
#11724=CARTESIAN_POINT('',(0.058101275727914,0.01154746284664,0.157));
#11725=CARTESIAN_POINT('',(0.056087933599501,0.00410119420944528,0.157));
#11726=CARTESIAN_POINT('',(1.06251812903579E-17,-5.93275428784068E-16,0.157));
#11727=CARTESIAN_POINT('',(0.0591630238013935,-0.00297300421818847,0.157));
#11728=CARTESIAN_POINT('',(0.0561668043953453,-0.00282244103935737,0.157));
#11729=CARTESIAN_POINT('',(1.06251812903579E-17,-5.93275428784068E-16,0.157));
#11730=CARTESIAN_POINT('',(0.0583492508281997,-0.0102209132269804,0.157));
#11731=CARTESIAN_POINT('',(0.0553942436898439,-0.00970329095904134,0.157));
#11732=CARTESIAN_POINT('',(1.06251812903579E-17,-5.93275428784068E-16,0.157));
#11733=CARTESIAN_POINT('',(0.0566509626904016,-0.0173138836098767,0.157));
#11734=CARTESIAN_POINT('',(0.0537819627157873,-0.0164370488787764,0.157));
#11735=CARTESIAN_POINT('',(1.06251812903579E-17,-5.93275428784068E-16,0.157));
#11736=CARTESIAN_POINT('',(0.0540939037050286,-0.0241443931660484,0.157));
#11737=CARTESIAN_POINT('',(0.0513544020092735,-0.0229216378925143,0.157));
#11738=CARTESIAN_POINT('',(1.06251812903579E-17,-5.93275428784068E-16,0.157));
#11739=CARTESIAN_POINT('',(0.0507168362797766,-0.0306088983332619,0.157));
#11740=CARTESIAN_POINT('',(0.0481483609160941,-0.0290587582408328,0.157));
#11741=CARTESIAN_POINT('',(1.06251812903579E-17,-5.93275428784068E-16,0.157));
#11742=CARTESIAN_POINT('',(0.0465709533144194,-0.0366094038027362,0.157));
#11743=CARTESIAN_POINT('',(0.0442124397511633,-0.0347553774350874,0.157));
#11744=CARTESIAN_POINT('',(1.06251812903579E-17,-5.93275428784068E-16,0.157));
#11745=CARTESIAN_POINT('',(0.0417191021686315,-0.0420549480281324,0.157));
#11746=CARTESIAN_POINT('',(0.0396063030672844,-0.039925140535107,0.157));
#11747=CARTESIAN_POINT('',(1.06251812903579E-17,-5.93275428784068E-16,0.157));
#11748=CARTESIAN_POINT('',(0.0362348319600782,-0.0468629821098755,0.157));
#11749=CARTESIAN_POINT('',(0.0343997752013477,-0.0444896792020618,0.157));
#11750=CARTESIAN_POINT('',(1.06251812903579E-17,-5.93275428784068E-16,0.157));
#11751=CARTESIAN_POINT('',(0.0302012786347641,-0.0509606211523267,0.157));
#11752=CARTESIAN_POINT('',(0.0286717818085587,-0.0483797996825952,0.157));
#11753=CARTESIAN_POINT('',(1.06251812903579E-17,-5.93275428784068E-16,0.157));
#11754=CARTESIAN_POINT('',(0.0237099047108352,-0.0542857491245054,0.157));
#11755=CARTESIAN_POINT('',(0.0225091534299569,-0.0515365317155926,0.157));
#11756=CARTESIAN_POINT('',(1.06251812903579E-17,-5.93275428784068E-16,0.157));
#11757=CARTESIAN_POINT('',(0.0168591128000362,-0.0567879604758023,0.157));
#11758=CARTESIAN_POINT('',(0.0160053092299246,-0.0539120224612295,0.157));
#11759=CARTESIAN_POINT('',(1.06251812903579E-17,-5.93275428784068E-16,0.157));
#11760=CARTESIAN_POINT('',(0.00975275392442188,-0.0584293242327455,0.157));
#11761=CARTESIAN_POINT('',(0.00925884085688056,-0.0554702619012439,0.157));
#11762=CARTESIAN_POINT('',(1.06251812903579E-17,-5.93275428784068E-16,0.157));
#11763=CARTESIAN_POINT('',(0.00249855324072325,-0.0591849589938939,0.157));
#11764=CARTESIAN_POINT('',(0.00237201789438885,-0.0561876287141069,0.157));
#11765=CARTESIAN_POINT('',(1.06251812903579E-17,-5.93275428784068E-16,0.157));
#11766=CARTESIAN_POINT('',(-0.0047935229632198,-0.05904341010652,0.157));
#11767=CARTESIAN_POINT('',(-0.00455076244147988,-0.056053248350179,0.157));
#11768=CARTESIAN_POINT('',(1.06251812903579E-17,-5.93275428784068E-16,0.157));
#11769=CARTESIAN_POINT('',(-0.0120129342452886,-0.0580068233074696,0.157));
#11770=CARTESIAN_POINT('',(-0.0114045578575275,-0.0550691578787976,0.157));
#11771=CARTESIAN_POINT('',(1.06251812903579E-17,-5.93275428784068E-16,0.157));
#11772=CARTESIAN_POINT('',(-0.0190502416895099,-0.0560909121959778,0.157));
#11773=CARTESIAN_POINT('',(-0.0180854718016212,-0.0532502751083822,0.157));
#11774=CARTESIAN_POINT('',(1.06251812903579E-17,-5.93275428784068E-16,0.157));
#11775=CARTESIAN_POINT('',(-0.0257987668884652,-0.0533247200315225,0.157));
#11776=CARTESIAN_POINT('',(-0.0244922284285173,-0.0506241724476653,0.157));
#11777=CARTESIAN_POINT('',(1.06251812903579E-17,-5.93275428784068E-16,0.157));
#11778=CARTESIAN_POINT('',(-0.0321562090792063,-0.0497501794676159,0.157));
#11779=CARTESIAN_POINT('',(-0.0305277078384398,-0.0472306589360818,0.157));
#11780=CARTESIAN_POINT('',(1.06251812903579E-17,-5.93275428784068E-16,0.157));
#11781=CARTESIAN_POINT('',(-0.0380261959185413,-0.0454214768955209,0.157));
#11782=CARTESIAN_POINT('',(-0.0361004183157636,-0.04312117677931,0.157));
#11783=CARTESIAN_POINT('',(1.06251812903579E-17,-5.93275428784068E-16,0.157));
#11784=CARTESIAN_POINT('',(-0.043319744389521,-0.0404042310337938,0.157));
#11785=CARTESIAN_POINT('',(-0.0411258832501606,-0.0383580215378711,0.157));
#11786=CARTESIAN_POINT('',(1.06251812903579E-17,-5.93275428784068E-16,0.157));
#11787=CARTESIAN_POINT('',(-0.0479566096932716,-0.0347744982153997,0.157));
#11788=CARTESIAN_POINT('',(-0.0455279217159022,-0.0330133977899324,0.157));
#11789=CARTESIAN_POINT('',(1.06251812903579E-17,-5.93275428784068E-16,0.157));
#11790=CARTESIAN_POINT('',(-0.0518665016783483,-0.0286176194512318,0.157));
#11791=CARTESIAN_POINT('',(-0.0492398032970387,-0.0271683245835029,0.157));
#11792=CARTESIAN_POINT('',(1.06251812903579E-17,-5.93275428784068E-16,0.157));
#11793=CARTESIAN_POINT('',(-0.0549901503677819,-0.0220269267473782,0.157));
#11794=CARTESIAN_POINT('',(-0.0522052596524838,-0.0209114072702527,0.157));
#11795=CARTESIAN_POINT('',(1.06251812903579E-17,-5.93275428784068E-16,0.157));
#11796=CARTESIAN_POINT('',(-0.0572802044315127,-0.0151023282870471,0.157));
#11797=CARTESIAN_POINT('',(-0.0543793374867087,-0.0143374943387003,0.157));
#11798=CARTESIAN_POINT('',(1.06251812903579E-17,-5.93275428784068E-16,0.157));
#11799=CARTESIAN_POINT('',(-0.058701948984287,-0.00794879392435022,0.157));
#11800=CARTESIAN_POINT('',(-0.0557290799958796,-0.00754623960781013,0.157));
#11801=CARTESIAN_POINT('',(1.06251812903579E-17,-5.93275428784068E-16,0.157));
#11802=CARTESIAN_POINT('',(-0.0592338318279316,-0.000674763948314549,0.157));
#11803=CARTESIAN_POINT('',(-0.056234026459409,-0.00064059157667873,0.157));
#11804=CARTESIAN_POINT('',(1.06251812903579E-17,-5.93275428784068E-16,0.157));
#11805=CARTESIAN_POINT('',(-0.0588677901607081,0.00660949476136106,0.157));
#11806=CARTESIAN_POINT('',(-0.0558865224036241,0.00627476716977201,0.157));
#11807=CARTESIAN_POINT('',(1.06251812903579E-17,-5.93275428784068E-16,0.157));
#11808=CARTESIAN_POINT('',(-0.0576093728011695,0.0137935602678024,0.157));
#11809=CARTESIAN_POINT('',(-0.0546918356357843,0.0130950068420745,0.157));
#11810=CARTESIAN_POINT('',(1.06251812903579E-17,-5.93275428784068E-16,0.157));
#11811=CARTESIAN_POINT('',(-0.0554776560737262,0.0207685294609651,0.157));
#11812=CARTESIAN_POINT('',(-0.0526680763894935,0.0197167395589661,0.157));
#11813=CARTESIAN_POINT('',(1.06251812903579E-17,-5.93275428784068E-16,0.157));
#11814=CARTESIAN_POINT('',(-0.052504954631014,0.0274286689177727,0.157));
#11815=CARTESIAN_POINT('',(-0.049845922792019,0.0260395866022814,0.157));
#11816=CARTESIAN_POINT('',(1.06251812903579E-17,-5.93275428784068E-16,0.157));
#11817=CARTESIAN_POINT('',(-0.0487363315966993,0.0336730177130324,0.157));
#11818=CARTESIAN_POINT('',(-0.0462681558151533,0.0319677000559991,0.157));
#11819=CARTESIAN_POINT('',(1.06251812903579E-17,-5.93275428784068E-16,0.157));
#11820=CARTESIAN_POINT('',(-0.0442289154544596,0.0394069178841468,0.157));
#11821=CARTESIAN_POINT('',(-0.0419890107592909,0.0374112157629471,0.157));
#11822=CARTESIAN_POINT('',(1.06251812903579E-17,-5.93275428784068E-16,0.157));
#11823=CARTESIAN_POINT('',(-0.0390510340384043,0.0445434493493378,0.157));
#11824=CARTESIAN_POINT('',(-0.0370733551015585,0.0422876155738222,0.157));
#11825=CARTESIAN_POINT('',(1.06251812903579E-17,-5.93275428784068E-16,0.157));
#11826=CARTESIAN_POINT('',(-0.0332811787527588,0.0490047475274849,0.157));
#11827=CARTESIAN_POINT('',(-0.0315957051709838,0.04652297823822,0.157));
#11828=CARTESIAN_POINT('',(1.06251812903579E-17,-5.93275428784068E-16,0.157));
#11829=CARTESIAN_POINT('',(-0.0270068147221872,0.0527231836858045,0.157));
#11830=CARTESIAN_POINT('',(-0.0256390965569054,0.0500530999754392,0.157));
#11831=CARTESIAN_POINT('',(1.06251812903579E-17,-5.93275428784068E-16,0.157));
#11832=CARTESIAN_POINT('',(-0.0203230549096584,0.0556423901225014,0.157));
#11833=CARTESIAN_POINT('',(-0.0192938253740803,0.0528244677383514,0.157));
#11834=CARTESIAN_POINT('',(1.06251812903579E-17,-5.93275428784068E-16,0.157));
#11835=CARTESIAN_POINT('',(-0.0133312183008805,0.0577181146436705,0.157));
#11836=CARTESIAN_POINT('',(-0.0126560794656267,0.0547950704166476,0.157));
#11837=CARTESIAN_POINT('',(1.06251812903579E-17,-5.93275428784068E-16,0.157));
#11838=CARTESIAN_POINT('',(-0.006137294011757,0.0589188913814481,0.157));
#11839=CARTESIAN_POINT('',(-0.00582648029337134,0.0559350356824467,0.157));
#11840=CARTESIAN_POINT('',(1.06251812903579E-17,-5.93275428784068E-16,0.157));
#11841=CARTESIAN_POINT('',(0.00114966539857171,0.0592265177844937,0.157));
#11842=CARTESIAN_POINT('',(0.00109144238094458,0.0562270828243357,0.157));
#11843=CARTESIAN_POINT('',(1.06251812903579E-17,-5.93275428784068E-16,0.157));
#11844=CARTESIAN_POINT('',(0.00841919705336244,0.0586363305501144,0.157));
#11845=CARTESIAN_POINT('',(0.00799281990132049,0.05566678470534,0.157));
#11846=CARTESIAN_POINT('',(1.06251812903579E-17,-5.93275428784068E-16,0.157));
#11847=CARTESIAN_POINT('',(0.0155611022628811,0.0571572763151795,0.157));
#11848=CARTESIAN_POINT('',(0.0147730344194244,0.0542626348738073,0.157));
#11849=CARTESIAN_POINT('',(1.06251812903579E-17,-5.93275428784068E-16,0.157));
#11850=CARTESIAN_POINT('',(0.0224671170242088,0.0548117760342258,0.157));
#11851=CARTESIAN_POINT('',(0.0213293047945319,0.0520359188098719,0.157));
#11852=CARTESIAN_POINT('',(1.06251812903579E-17,-5.93275428784068E-16,0.157));
#11853=CARTESIAN_POINT('',(0.0290325531931674,0.0516353851006413,0.157));
#11854=CARTESIAN_POINT('',(0.0275622446508504,0.0490203912592739,0.157));
#11855=CARTESIAN_POINT('',(1.06251812903579E-17,-5.93275428784068E-16,0.157));
#11856=CARTESIAN_POINT('',(0.0351578854498729,0.0476762543631444,0.157));
#11857=CARTESIAN_POINT('',(0.0333773689736672,0.0452617645458206,0.157));
#11858=CARTESIAN_POINT('',(1.06251812903579E-17,-5.93275428784068E-16,0.157));
#11859=CARTESIAN_POINT('',(0.0407502600011333,0.0429944002079999,0.157));
#11860=CARTESIAN_POINT('',(0.0386865264058597,0.0408170156191551,0.157));
#11861=CARTESIAN_POINT('',(1.06251812903579E-17,-5.93275428784068E-16,0.157));
#11862=CARTESIAN_POINT('',(0.0457249021493044,0.0376607947717805,0.157));
#11863=CARTESIAN_POINT('',(0.043409235532613,0.0357535223422778,0.157));
#11864=CARTESIAN_POINT('',(1.06251812903579E-17,-5.93275428784068E-16,0.157));
#11865=CARTESIAN_POINT('',(0.0500064013902907,0.0317562900761212,0.157));
#11866=CARTESIAN_POINT('',(0.0474739048976301,0.0301480421118255,0.157));
#11867=CARTESIAN_POINT('',(1.06251812903579E-17,-5.93275428784068E-16,0.157));
#11868=CARTESIAN_POINT('',(0.053529854559919,0.0253703923934877,0.157));
#11869=CARTESIAN_POINT('',(0.0508189182566331,0.0240855482941799,0.157));
#11870=CARTESIAN_POINT('',(1.06251812903579E-17,-5.93275428784068E-16,0.157));
#11871=CARTESIAN_POINT('',(0.0562418496997482,0.0185999054233228,0.157));
#11872=CARTESIAN_POINT('',(0.0533935686168184,0.0176579421158505,0.157));
#11873=CARTESIAN_POINT('',(1.06251812903579E-17,-5.93275428784068E-16,0.157));
#11874=CARTESIAN_POINT('',(0.0551588269031797,0.01096265953456,0.157));
#11875=CARTESIAN_POINT('',(0.,0.083,0.157));
#11876=CARTESIAN_POINT('',(0.,0.083,0.));
#11877=CARTESIAN_POINT('',(0.079,0.083,0.));
#11878=CARTESIAN_POINT('',(-0.079,0.083,0.));
#11879=CARTESIAN_POINT('',(-0.079,0.083,0.162));
#11880=CARTESIAN_POINT('',(-0.079,0.083,0.158));
#11881=CARTESIAN_POINT('',(0.083,0.083,0.158));
#11882=CARTESIAN_POINT('',(0.079,0.083,0.158));
#11883=CARTESIAN_POINT('',(0.079,0.083,0.157));
#11884=CARTESIAN_POINT('',(0.,0.078,0.157));
#11885=CARTESIAN_POINT('',(0.078,0.078,0.0584281435342407));
#11886=CARTESIAN_POINT('',(0.0555,0.078,0.0584281435342407));
#11887=CARTESIAN_POINT('',(0.077276608177156,0.078,0.0584281435342407));
#11888=CARTESIAN_POINT('',(0.074,0.078,0.0612289736870795));
#11889=CARTESIAN_POINT('',(-0.078,0.078,0.157));
#11890=CARTESIAN_POINT('',(-0.078,0.078,0.));
#11891=CARTESIAN_POINT('',(0.,0.078,0.));
#11892=CARTESIAN_POINT('',(0.074,0.078,0.0112690769905385));
#11893=CARTESIAN_POINT('',(0.077984778792367,0.078,0.0116190316446421));
#11894=CARTESIAN_POINT('',(0.0595,0.078,0.0116190316446421));
#11895=CARTESIAN_POINT('',(0.0555,0.078,0.0116190316446421));
#11896=CARTESIAN_POINT('',(0.0555,0.078,0.157));
#11897=CARTESIAN_POINT('',(-0.078,-1.38777878078145E-17,0.157));
#11898=CARTESIAN_POINT('',(-0.078,-1.38777878078145E-17,0.));
#11899=CARTESIAN_POINT('',(-0.083,-1.38777878078145E-17,0.157));
#11900=CARTESIAN_POINT('',(-0.083,-1.38777878078145E-17,0.158));
#11901=CARTESIAN_POINT('',(-0.083,-0.079,0.158));
#11902=CARTESIAN_POINT('',(-0.083,0.079,0.158));
#11903=CARTESIAN_POINT('',(-0.083,0.079,0.));
#11904=CARTESIAN_POINT('',(-0.083,0.079,0.));
#11905=CARTESIAN_POINT('',(-0.083,-1.38777878078145E-17,0.));
#11906=CARTESIAN_POINT('',(-0.083,-0.079,0.));
#11907=CARTESIAN_POINT('',(-0.083,-0.079,0.157));
#11908=CARTESIAN_POINT('',(0.,0.,0.));
#11909=CARTESIAN_POINT('',(0.079,-0.079,0.));
#11910=CARTESIAN_POINT('',(-0.079,-0.079,0.));
#11911=CARTESIAN_POINT('',(-0.079,0.079,0.));
#11912=CARTESIAN_POINT('',(0.079,0.079,0.));
#11913=CARTESIAN_POINT('',(0.00851800849437727,0.00947406585505929,0.162));
#11914=CARTESIAN_POINT('',(0.00408246703959743,0.0211660392724613,0.162));
#11915=CARTESIAN_POINT('',(0.00408246703959743,0.0211660392724613,0.162));
#11916=CARTESIAN_POINT('',(0.00851800849437727,0.00947406585505929,0.162));
#11917=CARTESIAN_POINT('',(-0.00304734013210153,0.0047181241461744,0.162));
#11918=CARTESIAN_POINT('',(-0.00304734013210153,0.0047181241461744,0.162));
#11919=CARTESIAN_POINT('',(5.63785129692462E-18,-1.12757025938492E-17,0.162));
#11920=CARTESIAN_POINT('',(5.63785129692462E-18,-1.12757025938492E-17,0.162));
#11921=CARTESIAN_POINT('',(0.0162209302325582,0.0155926720734607,0.162));
#11922=CARTESIAN_POINT('',(0.00752910062973835,0.0212028923429629,0.162));
#11923=CARTESIAN_POINT('',(0.00752910062973835,0.0212028923429629,0.162));
#11924=CARTESIAN_POINT('',(0.0162209302325582,0.0155926720734607,0.162));
#11925=CARTESIAN_POINT('',(1.00830802041152E-17,-1.7347234759768E-17,0.162));
#11926=CARTESIAN_POINT('',(1.00830802041152E-17,-1.7347234759768E-17,0.162));
#11927=CARTESIAN_POINT('',(-0.00179823803234976,0.0224280257708745,0.162));
#11928=CARTESIAN_POINT('',(-0.0117887549933492,0.0191644268295919,0.162));
#11929=CARTESIAN_POINT('',(-0.0117887549933492,0.0191644268295919,0.162));
#11930=CARTESIAN_POINT('',(-0.00179823803234976,0.0224280257708745,0.162));
#11931=CARTESIAN_POINT('',(0.00851800849437727,0.00947406585505929,0.162));
#11932=CARTESIAN_POINT('',(0.00851800849437727,0.00947406585505929,0.162));
#11933=CARTESIAN_POINT('',(-0.00429944981771886,0.00219476497688205,0.162));
#11934=CARTESIAN_POINT('',(-0.00106798905663691,0.0206715704792737,0.162));
#11935=CARTESIAN_POINT('',(-0.00106798905663692,0.0206715704792737,0.162));
#11936=CARTESIAN_POINT('',(-0.00429944981771886,0.00219476497688205,0.162));
#11937=CARTESIAN_POINT('',(-1.38777878078145E-17,1.57209315010398E-18,0.162));
#11938=CARTESIAN_POINT('',(-1.38777878078145E-17,1.57209315010398E-18,0.162));
#11939=CARTESIAN_POINT('',(-0.0185951760637579,0.0126676527880205,0.162));
#11940=CARTESIAN_POINT('',(-0.0223276859520636,0.00277928768320619,0.162));
#11941=CARTESIAN_POINT('',(-0.0223276859520636,0.00277928768320619,0.162));
#11942=CARTESIAN_POINT('',(-0.0185951760637579,0.0126676527880205,0.162));
#11943=CARTESIAN_POINT('',(-0.00181296161599886,0.0128456550299585,0.162));
#11944=CARTESIAN_POINT('',(-0.00440187774875271,-0.00190178661137184,0.162));
#11945=CARTESIAN_POINT('',(-0.00440187774875271,-0.00190178661137184,0.162));
#11946=CARTESIAN_POINT('',(-0.00181296161599886,0.0128456550299585,0.162));
#11947=CARTESIAN_POINT('',(-0.0167698004579664,0.0121510374644688,0.162));
#11948=CARTESIAN_POINT('',(-0.0167698004579665,0.0121510374644688,0.162));
#11949=CARTESIAN_POINT('',(1.99493199737333E-17,1.23599047663347E-17,0.162));
#11950=CARTESIAN_POINT('',(1.99493199737333E-17,1.23599047663347E-17,0.162));
#11951=CARTESIAN_POINT('',(-0.0215109545672184,-0.00659763848714542,0.162));
#11952=CARTESIAN_POINT('',(-0.0161082478277657,-0.0157090531834125,0.162));
#11953=CARTESIAN_POINT('',(-0.0161082478277657,-0.0157090531834125,0.162));
#11954=CARTESIAN_POINT('',(-0.0215109545672185,-0.00659763848714542,0.162));
#11955=CARTESIAN_POINT('',(-0.0111913879900579,0.00676398458857079,0.162));
#11956=CARTESIAN_POINT('',(-0.0111913879900579,0.00676398458857079,0.162));
#11957=CARTESIAN_POINT('',(-0.00128910077677648,-0.00460482985527654,0.162));
#11958=CARTESIAN_POINT('',(-0.0199724819167171,-0.0054915294097949,0.162));
#11959=CARTESIAN_POINT('',(-0.0199724819167171,-0.0054915294097949,0.162));
#11960=CARTESIAN_POINT('',(-0.00128910077677648,-0.00460482985527654,0.162));
#11961=CARTESIAN_POINT('',(-1.21430643318376E-17,-2.60208521396521E-17,
0.162));
#11962=CARTESIAN_POINT('',(-1.21430643318376E-17,-2.60208521396521E-17,
0.162));
#11963=CARTESIAN_POINT('',(-0.0082709279778118,-0.0209246684653748,0.162));
#11964=CARTESIAN_POINT('',(0.00222986595754747,-0.0223892317378549,0.162));
#11965=CARTESIAN_POINT('',(0.00222986595754747,-0.0223892317378549,0.162));
#11966=CARTESIAN_POINT('',(-0.0082709279778118,-0.0209246684653748,0.162));
#11967=CARTESIAN_POINT('',(-0.0123286589493094,-0.00449232790667011,0.162));
#11968=CARTESIAN_POINT('',(-0.0123286589493094,-0.00449232790667011,0.162));
#11969=CARTESIAN_POINT('',(0.00278069257384383,-0.00388338833432601,0.162));
#11970=CARTESIAN_POINT('',(-0.00817782769352793,-0.0190330951057902,0.162));
#11971=CARTESIAN_POINT('',(-0.00817782769352793,-0.0190330951057902,0.162));
#11972=CARTESIAN_POINT('',(0.00278069257384383,-0.00388338833432601,0.162));
#11973=CARTESIAN_POINT('',(-6.07153216591882E-18,1.47451495458029E-17,0.162));
#11974=CARTESIAN_POINT('',(-6.07153216591882E-18,1.47451495458029E-17,0.162));
#11975=CARTESIAN_POINT('',(0.0111959096663199,-0.0195167007135838,0.162));
#11976=CARTESIAN_POINT('',(0.0187037178178985,-0.012506835722453,0.162));
#11977=CARTESIAN_POINT('',(0.0187037178178985,-0.012506835722453,0.162));
#11978=CARTESIAN_POINT('',(0.0111959096663199,-0.0195167007135838,0.162));
#11979=CARTESIAN_POINT('',(-0.00420464825422482,-0.0124500677269035,0.162));
#11980=CARTESIAN_POINT('',(-0.00420464825422482,-0.0124500677269035,0.162));
#11981=CARTESIAN_POINT('',(0.00501518683500174,-0.000440009677280256,0.162));
#11982=CARTESIAN_POINT('',(0.00977500940960792,-0.0182652224995553,0.162));
#11983=CARTESIAN_POINT('',(0.00977500940960792,-0.0182652224995553,0.162));
#11984=CARTESIAN_POINT('',(0.00501518683500174,-0.000440009677280256,0.162));
#11985=CARTESIAN_POINT('',(-5.20417042793042E-18,-3.46944695195361E-18,
0.162));
#11986=CARTESIAN_POINT('',(-5.20417042793042E-18,-3.46944695195361E-18,
0.162));
#11987=CARTESIAN_POINT('',(0.0221993349948783,-0.00366599587904453,0.162));
#11988=CARTESIAN_POINT('',(0.0211880466472303,0.00757077798345665,0.162));
#11989=CARTESIAN_POINT('',(0.0211880466472304,0.00757077798345665,0.162));
#11990=CARTESIAN_POINT('',(0.0221993349948783,-0.00366599587904453,0.162));
#11991=CARTESIAN_POINT('',(0.00620904179350631,-0.0123848509870544,0.162));
#11992=CARTESIAN_POINT('',(0.00620904179350631,-0.0123848509870544,0.162));
#11993=CARTESIAN_POINT('',(0.00219324271495608,0.00355247195236777,0.162));
#11994=CARTESIAN_POINT('',(0.0203521733295205,-0.00401247169143486,0.162));
#11995=CARTESIAN_POINT('',(0.0203521733295205,-0.00401247169143486,0.162));
#11996=CARTESIAN_POINT('',(0.00219324271495608,0.00355247195236777,0.162));
#11997=CARTESIAN_POINT('',(0.00955574481578535,0.0486419340737704,0.162));
#11998=CARTESIAN_POINT('',(0.00955574481578535,0.0486419340737704,0.162));
#11999=CARTESIAN_POINT('',(0.0125557448157853,0.0486419340737704,0.162));
#12000=CARTESIAN_POINT('',(0.0162323977658567,0.0468386514770915,0.162));
#12001=CARTESIAN_POINT('',(0.0162323977658567,0.0468386514770915,0.162));
#12002=CARTESIAN_POINT('',(0.0192323977658567,0.0468386514770915,0.162));
#12003=CARTESIAN_POINT('',(0.0225931055574944,0.0441237078075873,0.162));
#12004=CARTESIAN_POINT('',(0.0225931055574944,0.0441237078075873,0.162));
#12005=CARTESIAN_POINT('',(0.0255931055574944,0.0441237078075873,0.162));
#12006=CARTESIAN_POINT('',(0.0285140642487323,0.0405499463555822,0.162));
#12007=CARTESIAN_POINT('',(0.0285140642487323,0.0405499463555822,0.162));
#12008=CARTESIAN_POINT('',(0.0315140642487323,0.0405499463555822,0.162));
#12009=CARTESIAN_POINT('',(0.0338800291136358,0.0361869263226461,0.162));
#12010=CARTESIAN_POINT('',(0.0338800291136358,0.0361869263226461,0.162));
#12011=CARTESIAN_POINT('',(0.0368800291136359,0.0361869263226461,0.162));
#12012=CARTESIAN_POINT('',(0.0385865577498045,0.0311195689308582,0.162));
#12013=CARTESIAN_POINT('',(0.0385865577498045,0.0311195689308582,0.162));
#12014=CARTESIAN_POINT('',(0.0415865577498045,0.0311195689308582,0.162));
#12015=CARTESIAN_POINT('',(0.042542042930932,0.0254465045278163,0.162));
#12016=CARTESIAN_POINT('',(0.042542042930932,0.0254465045278163,0.162));
#12017=CARTESIAN_POINT('',(0.045542042930932,0.0254465045278163,0.162));
#12018=CARTESIAN_POINT('',(0.0456694956372655,0.0192781528591102,0.162));
#12019=CARTESIAN_POINT('',(0.0456694956372655,0.0192781528591102,0.162));
#12020=CARTESIAN_POINT('',(0.0486694956372655,0.0192781528591102,0.162));
#12021=CARTESIAN_POINT('',(0.047908043559301,0.0127345738735754,0.162));
#12022=CARTESIAN_POINT('',(0.047908043559301,0.0127345738735754,0.162));
#12023=CARTESIAN_POINT('',(0.050908043559301,0.0127345738735754,0.162));
#12024=CARTESIAN_POINT('',(0.0492141159080466,0.00594313089295457,0.162));
#12025=CARTESIAN_POINT('',(0.0492141159080466,0.00594313089295457,0.162));
#12026=CARTESIAN_POINT('',(0.0522141159080466,0.00594313089295457,0.162));
#12027=CARTESIAN_POINT('',(0.0495622914708691,-0.000963988370286402,0.162));
#12028=CARTESIAN_POINT('',(0.0495622914708691,-0.000963988370286402,0.162));
#12029=CARTESIAN_POINT('',(0.0525622914708691,-0.000963988370286402,0.162));
#12030=CARTESIAN_POINT('',(0.0489457934064822,-0.00785234469642032,0.162));
#12031=CARTESIAN_POINT('',(0.0489457934064822,-0.00785234469642032,0.162));
#12032=CARTESIAN_POINT('',(0.0519457934064822,-0.00785234469642032,0.162));
#12033=CARTESIAN_POINT('',(0.0473766211484528,-0.0145878640649481,0.162));
#12034=CARTESIAN_POINT('',(0.0473766211484528,-0.0145878640649481,0.162));
#12035=CARTESIAN_POINT('',(0.0503766211484528,-0.0145878640649481,0.162));
#12036=CARTESIAN_POINT('',(0.0448853168498767,-0.0210394472529012,0.162));
#12037=CARTESIAN_POINT('',(0.0448853168498767,-0.0210394472529012,0.162));
#12038=CARTESIAN_POINT('',(0.0478853168498767,-0.0210394472529012,0.162));
#12039=CARTESIAN_POINT('',(0.0415203709151089,-0.027081521532093,0.162));
#12040=CARTESIAN_POINT('',(0.0415203709151089,-0.027081521532093,0.162));
#12041=CARTESIAN_POINT('',(0.0445203709151089,-0.027081521532093,0.162));
#12042=CARTESIAN_POINT('',(0.0373472781892004,-0.0325964847994367,0.162));
#12043=CARTESIAN_POINT('',(0.0373472781892004,-0.0325964847994367,0.162));
#12044=CARTESIAN_POINT('',(0.0403472781892004,-0.0325964847994367,0.162));
#12045=CARTESIAN_POINT('',(0.0324472631752384,-0.0374769945681114,0.162));
#12046=CARTESIAN_POINT('',(0.0324472631752384,-0.0374769945681114,0.162));
#12047=CARTESIAN_POINT('',(0.0354472631752384,-0.0374769945681114,0.162));
#12048=CARTESIAN_POINT('',(0.0269156990917852,-0.0416280572669672,0.162));
#12049=CARTESIAN_POINT('',(0.0269156990917852,-0.0416280572669672,0.162));
#12050=CARTESIAN_POINT('',(0.0299156990917852,-0.0416280572669672,0.162));
#12051=CARTESIAN_POINT('',(0.0208602515416643,-0.044968877182335,0.162));
#12052=CARTESIAN_POINT('',(0.0208602515416643,-0.044968877182335,0.162));
#12053=CARTESIAN_POINT('',(0.0238602515416643,-0.044968877182335,0.162));
#12054=CARTESIAN_POINT('',(0.0100217834059647,0.041532906885956,0.162));
#12055=CARTESIAN_POINT('',(0.0100217834059647,0.041532906885956,0.162));
#12056=CARTESIAN_POINT('',(0.0130217834059647,0.041532906885956,0.162));
#12057=CARTESIAN_POINT('',(0.01655435073428,0.039387459537269,0.162));
#12058=CARTESIAN_POINT('',(0.01655435073428,0.039387459537269,0.162));
#12059=CARTESIAN_POINT('',(0.01955435073428,0.039387459537269,0.162));
#12060=CARTESIAN_POINT('',(0.0226581690741777,0.0362218976758471,0.162));
#12061=CARTESIAN_POINT('',(0.0226581690741777,0.0362218976758471,0.162));
#12062=CARTESIAN_POINT('',(0.0256581690741777,0.0362218976758471,0.162));
#12063=CARTESIAN_POINT('',(0.0281751527368428,0.0321182076911079,0.162));
#12064=CARTESIAN_POINT('',(0.0281751527368428,0.0321182076911079,0.162));
#12065=CARTESIAN_POINT('',(0.0311751527368428,0.0321182076911079,0.162));
#12066=CARTESIAN_POINT('',(0.0329624147433501,0.0271826729980871,0.162));
#12067=CARTESIAN_POINT('',(0.0329624147433501,0.0271826729980871,0.162));
#12068=CARTESIAN_POINT('',(0.0359624147433502,0.0271826729980871,0.162));
#12069=CARTESIAN_POINT('',(0.0368959675223644,0.0215431213528169,0.162));
#12070=CARTESIAN_POINT('',(0.0368959675223644,0.0215431213528169,0.162));
#12071=CARTESIAN_POINT('',(0.0398959675223644,0.0215431213528169,0.162));
#12072=CARTESIAN_POINT('',(0.0398739341231091,0.0153456141805895,0.162));
#12073=CARTESIAN_POINT('',(0.0398739341231091,0.0153456141805895,0.162));
#12074=CARTESIAN_POINT('',(0.0428739341231092,0.0153456141805895,0.162));
#12075=CARTESIAN_POINT('',(0.0418191867748791,0.00875066366176508,0.162));
#12076=CARTESIAN_POINT('',(0.0418191867748791,0.00875066366176508,0.162));
#12077=CARTESIAN_POINT('',(0.0448191867748792,0.00875066366176508,0.162));
#12078=CARTESIAN_POINT('',(0.0426813444557875,0.00192907555061298,0.162));
#12079=CARTESIAN_POINT('',(0.0426813444557875,0.00192907555061298,0.162));
#12080=CARTESIAN_POINT('',(0.0456813444557876,0.00192907555061298,0.162));
#12081=CARTESIAN_POINT('',(0.0424380777347695,-0.00494247460400319,0.162));
#12082=CARTESIAN_POINT('',(0.0424380777347695,-0.00494247460400319,0.162));
#12083=CARTESIAN_POINT('',(0.0454380777347696,-0.00494247460400319,0.162));
#12084=CARTESIAN_POINT('',(0.0410956870921173,-0.0116860172625381,0.162));
#12085=CARTESIAN_POINT('',(0.0410956870921173,-0.0116860172625381,0.162));
#12086=CARTESIAN_POINT('',(0.0440956870921173,-0.0116860172625381,0.162));
#12087=CARTESIAN_POINT('',(0.0386889397403503,-0.0181268982123557,0.162));
#12088=CARTESIAN_POINT('',(0.0386889397403503,-0.0181268982123557,0.162));
#12089=CARTESIAN_POINT('',(0.0416889397403503,-0.0181268982123557,0.162));
#12090=CARTESIAN_POINT('',(0.0352801691716729,-0.0240983020200947,0.162));
#12091=CARTESIAN_POINT('',(0.0352801691716729,-0.0240983020200947,0.162));
#12092=CARTESIAN_POINT('',(0.0382801691716729,-0.0240983020200947,0.162));
#12093=CARTESIAN_POINT('',(0.0309576607532692,-0.0294455724637688,0.162));
#12094=CARTESIAN_POINT('',(0.0309576607532692,-0.0294455724637688,0.162));
#12095=CARTESIAN_POINT('',(0.0339576607532692,-0.0294455724637688,0.162));
#12096=CARTESIAN_POINT('',(0.0258333651826666,-0.0340302180476786,0.162));
#12097=CARTESIAN_POINT('',(0.0258333651826666,-0.0340302180476786,0.162));
#12098=CARTESIAN_POINT('',(0.0288333651826666,-0.0340302180476786,0.162));
#12099=CARTESIAN_POINT('',(0.0200399990234752,-0.0377334988594044,0.162));
#12100=CARTESIAN_POINT('',(0.0200399990234752,-0.0377334988594044,0.162));
#12101=CARTESIAN_POINT('',(0.0230399990234752,-0.0377334988594044,0.162));
#12102=CARTESIAN_POINT('',(0.00960257120808929,0.0344967603773857,0.162));
#12103=CARTESIAN_POINT('',(0.00960257120808929,0.0344967603773857,0.162));
#12104=CARTESIAN_POINT('',(0.0126025712080893,0.0344967603773857,0.162));
#12105=CARTESIAN_POINT('',(0.0161480445854553,0.0319605460905684,0.162));
#12106=CARTESIAN_POINT('',(0.0161480445854553,0.0319605460905684,0.162));
#12107=CARTESIAN_POINT('',(0.0191480445854552,0.0319605460905684,0.162));
#12108=CARTESIAN_POINT('',(0.0220729576653298,0.0281961059411713,0.162));
#12109=CARTESIAN_POINT('',(0.0220729576653298,0.0281961059411713,0.162));
#12110=CARTESIAN_POINT('',(0.0250729576653298,0.0281961059411713,0.162));
#12111=CARTESIAN_POINT('',(0.0271496193607831,0.0233481052530133,0.162));
#12112=CARTESIAN_POINT('',(0.0271496193607831,0.0233481052530133,0.162));
#12113=CARTESIAN_POINT('',(0.0301496193607831,0.0233481052530133,0.162));
#12114=CARTESIAN_POINT('',(0.0311829364098835,0.0176028499737502,0.162));
#12115=CARTESIAN_POINT('',(0.0311829364098835,0.0176028499737502,0.162));
#12116=CARTESIAN_POINT('',(0.0341829364098835,0.0176028499737502,0.162));
#12117=CARTESIAN_POINT('',(0.0340179107003442,0.011181127041788,0.162));
#12118=CARTESIAN_POINT('',(0.0340179107003442,0.011181127041788,0.162));
#12119=CARTESIAN_POINT('',(0.0370179107003442,0.011181127041788,0.162));
#12120=CARTESIAN_POINT('',(0.0355455957600548,0.00432971966805815,0.162));
#12121=CARTESIAN_POINT('',(0.0355455957600548,0.00432971966805815,0.162));
#12122=CARTESIAN_POINT('',(0.0385455957600548,0.00432971966805815,0.162));
#12123=CARTESIAN_POINT('',(0.0357072835089062,-0.00268807640438044,0.162));
#12124=CARTESIAN_POINT('',(0.0357072835089062,-0.00268807640438044,0.162));
#12125=CARTESIAN_POINT('',(0.0387072835089063,-0.00268807640438044,0.162));
#12126=CARTESIAN_POINT('',(0.0344967603773857,-0.00960257120808929,0.162));
#12127=CARTESIAN_POINT('',(0.0344967603773857,-0.00960257120808929,0.162));
#12128=CARTESIAN_POINT('',(0.0374967603773858,-0.00960257120808929,0.162));
#12129=CARTESIAN_POINT('',(0.0319605460905684,-0.0161480445854553,0.162));
#12130=CARTESIAN_POINT('',(0.0319605460905684,-0.0161480445854553,0.162));
#12131=CARTESIAN_POINT('',(0.0349605460905684,-0.0161480445854553,0.162));
#12132=CARTESIAN_POINT('',(0.0281961059411713,-0.0220729576653298,0.162));
#12133=CARTESIAN_POINT('',(0.0281961059411713,-0.0220729576653298,0.162));
#12134=CARTESIAN_POINT('',(0.0311961059411713,-0.0220729576653298,0.162));
#12135=CARTESIAN_POINT('',(0.0233481052530133,-0.0271496193607831,0.162));
#12136=CARTESIAN_POINT('',(0.0233481052530133,-0.0271496193607831,0.162));
#12137=CARTESIAN_POINT('',(0.0263481052530132,-0.0271496193607831,0.162));
#12138=CARTESIAN_POINT('',(0.0176028499737503,-0.0311829364098835,0.162));
#12139=CARTESIAN_POINT('',(0.0176028499737503,-0.0311829364098835,0.162));
#12140=CARTESIAN_POINT('',(0.0206028499737503,-0.0311829364098835,0.162));
#12141=CARTESIAN_POINT('',(0.00798541634835763,0.0278789010856487,0.162));
#12142=CARTESIAN_POINT('',(0.00798541634835763,0.0278789010856487,0.162));
#12143=CARTESIAN_POINT('',(0.0109854163483576,0.0278789010856487,0.162));
#12144=CARTESIAN_POINT('',(0.0144252323950972,0.025157755669921,0.162));
#12145=CARTESIAN_POINT('',(0.0144252323950972,0.025157755669921,0.162));
#12146=CARTESIAN_POINT('',(0.0174252323950972,0.025157755669921,0.162));
#12147=CARTESIAN_POINT('',(0.02002670636862,0.0209745329393785,0.162));
#12148=CARTESIAN_POINT('',(0.02002670636862,0.0209745329393785,0.162));
#12149=CARTESIAN_POINT('',(0.02302670636862,0.0209745329393785,0.162));
#12150=CARTESIAN_POINT('',(0.0244643009621144,0.0155723465937245,0.162));
#12151=CARTESIAN_POINT('',(0.0244643009621144,0.0155723465937245,0.162));
#12152=CARTESIAN_POINT('',(0.0274643009621144,0.0155723465937245,0.162));
#12153=CARTESIAN_POINT('',(0.0274801193078066,0.00926515206722019,0.162));
#12154=CARTESIAN_POINT('',(0.0274801193078066,0.00926515206722019,0.162));
#12155=CARTESIAN_POINT('',(0.0304801193078066,0.00926515206722019,0.162));
#12156=CARTESIAN_POINT('',(0.0288988930054985,0.00241950058002644,0.162));
#12157=CARTESIAN_POINT('',(0.0288988930054985,0.00241950058002644,0.162));
#12158=CARTESIAN_POINT('',(0.0318988930054986,0.00241950058002644,0.162));
#12159=CARTESIAN_POINT('',(0.0286381680849129,-0.0045667634863517,0.162));
#12160=CARTESIAN_POINT('',(0.0286381680849129,-0.0045667634863517,0.162));
#12161=CARTESIAN_POINT('',(0.0316381680849129,-0.0045667634863517,0.162));
#12162=CARTESIAN_POINT('',(0.0267130969307377,-0.0112876238584129,0.162));
#12163=CARTESIAN_POINT('',(0.0267130969307377,-0.0112876238584129,0.162));
#12164=CARTESIAN_POINT('',(0.0297130969307377,-0.0112876238584129,0.162));
#12165=CARTESIAN_POINT('',(0.0232355576811046,-0.0173524885606665,0.162));
#12166=CARTESIAN_POINT('',(0.0232355576811046,-0.0173524885606665,0.162));
#12167=CARTESIAN_POINT('',(0.0262355576811046,-0.0173524885606665,0.162));
#12168=CARTESIAN_POINT('',(0.0184076522768614,-0.0224088897015037,0.162));
#12169=CARTESIAN_POINT('',(0.0184076522768614,-0.0224088897015037,0.162));
#12170=CARTESIAN_POINT('',(0.0214076522768614,-0.0224088897015037,0.162));
#12171=CARTESIAN_POINT('',(0.0125099610313806,-0.0261629676258895,0.162));
#12172=CARTESIAN_POINT('',(0.0125099610313806,-0.0261629676258895,0.162));
#12173=CARTESIAN_POINT('',(0.0155099610313806,-0.0261629676258895,0.162));
#12174=CARTESIAN_POINT('',(0.0143987829234694,-0.0474344290546881,0.162));
#12175=CARTESIAN_POINT('',(0.0143987829234694,-0.0474344290546881,0.162));
#12176=CARTESIAN_POINT('',(0.0173987829234694,-0.0474344290546881,0.162));
#12177=CARTESIAN_POINT('',(0.00765705837404195,-0.0489767237213551,0.162));
#12178=CARTESIAN_POINT('',(0.00765705837404195,-0.0489767237213551,0.162));
#12179=CARTESIAN_POINT('',(0.010657058374042,-0.0489767237213551,0.162));
#12180=CARTESIAN_POINT('',(0.000766297893138635,-0.0495657421709834,0.162));
#12181=CARTESIAN_POINT('',(0.000766297893138635,-0.0495657421709834,0.162));
#12182=CARTESIAN_POINT('',(0.00376629789313864,-0.0495657421709834,0.162));
#12183=CARTESIAN_POINT('',(-0.00613937770460367,-0.0491900198294496,0.162));
#12184=CARTESIAN_POINT('',(-0.00613937770460367,-0.0491900198294496,0.162));
#12185=CARTESIAN_POINT('',(-0.00313937770460367,-0.0491900198294496,0.162));
#12186=CARTESIAN_POINT('',(-0.0129255572987646,-0.0478568697047538,0.162));
#12187=CARTESIAN_POINT('',(-0.0129255572987646,-0.0478568697047538,0.162));
#12188=CARTESIAN_POINT('',(-0.00992555729876456,-0.0478568697047538,0.162));
#12189=CARTESIAN_POINT('',(-0.0194601556227085,-0.0455922400476375,0.162));
#12190=CARTESIAN_POINT('',(-0.0194601556227085,-0.0455922400476375,0.162));
#12191=CARTESIAN_POINT('',(-0.0164601556227085,-0.0455922400476375,0.162));
#12192=CARTESIAN_POINT('',(-0.0256159841530553,-0.0424402092983983,0.162));
#12193=CARTESIAN_POINT('',(-0.0256159841530553,-0.0424402092983983,0.162));
#12194=CARTESIAN_POINT('',(-0.0226159841530553,-0.0424402092983983,0.162));
#12195=CARTESIAN_POINT('',(-0.0312732266896131,-0.0384621281501882,0.162));
#12196=CARTESIAN_POINT('',(-0.0312732266896131,-0.0384621281501882,0.162));
#12197=CARTESIAN_POINT('',(-0.0282732266896131,-0.0384621281501882,0.162));
#12198=CARTESIAN_POINT('',(-0.0363217714414256,-0.0337354254275572,0.162));
#12199=CARTESIAN_POINT('',(-0.0363217714414256,-0.0337354254275572,0.162));
#12200=CARTESIAN_POINT('',(-0.0333217714414256,-0.0337354254275572,0.162));
#12201=CARTESIAN_POINT('',(-0.0406633542275334,-0.0283521010224564,0.162));
#12202=CARTESIAN_POINT('',(-0.0406633542275334,-0.0283521010224564,0.162));
#12203=CARTESIAN_POINT('',(-0.0376633542275334,-0.0283521010224564,0.162));
#12204=CARTESIAN_POINT('',(-0.0442134710774822,-0.0224169352209903,0.162));
#12205=CARTESIAN_POINT('',(-0.0442134710774822,-0.0224169352209903,0.162));
#12206=CARTESIAN_POINT('',(-0.0412134710774822,-0.0224169352209903,0.162));
#12207=CARTESIAN_POINT('',(-0.0469030230049857,-0.0160454492743337,0.162));
#12208=CARTESIAN_POINT('',(-0.0469030230049857,-0.0160454492743337,0.162));
#12209=CARTESIAN_POINT('',(-0.0439030230049857,-0.0160454492743337,0.162));
#12210=CARTESIAN_POINT('',(-0.0486796609410951,-0.00936165690898004,0.162));
#12211=CARTESIAN_POINT('',(-0.0486796609410951,-0.00936165690898004,0.162));
#12212=CARTESIAN_POINT('',(-0.0456796609410951,-0.00936165690898004,0.162));
#12213=CARTESIAN_POINT('',(-0.0495088046492797,-0.00249565054062005,0.162));
#12214=CARTESIAN_POINT('',(-0.0495088046492797,-0.00249565054062005,0.162));
#12215=CARTESIAN_POINT('',(-0.0465088046492797,-0.00249565054062005,0.162));
#12216=CARTESIAN_POINT('',(-0.0493743157903966,0.00441893082675263,0.162));
#12217=CARTESIAN_POINT('',(-0.0493743157903966,0.00441893082675263,0.162));
#12218=CARTESIAN_POINT('',(-0.0463743157903966,0.00441893082675263,0.162));
#12219=CARTESIAN_POINT('',(-0.0482788120371053,0.011247502732042,0.162));
#12220=CARTESIAN_POINT('',(-0.0482788120371053,0.011247502732042,0.162));
#12221=CARTESIAN_POINT('',(-0.0452788120371053,0.011247502732042,0.162));
#12222=CARTESIAN_POINT('',(-0.0462436161238464,0.0178571547904968,0.162));
#12223=CARTESIAN_POINT('',(-0.0462436161238464,0.0178571547904968,0.162));
#12224=CARTESIAN_POINT('',(-0.0432436161238464,0.0178571547904968,0.162));
#12225=CARTESIAN_POINT('',(-0.0433083408240706,0.0241192376431671,0.162));
#12226=CARTESIAN_POINT('',(-0.0433083408240706,0.0241192376431671,0.162));
#12227=CARTESIAN_POINT('',(-0.0403083408240706,0.0241192376431671,0.162));
#12228=CARTESIAN_POINT('',(-0.0395301179326618,0.0299118669703394,0.162));
#12229=CARTESIAN_POINT('',(-0.0395301179326618,0.0299118669703394,0.162));
#12230=CARTESIAN_POINT('',(-0.0365301179326618,0.0299118669703394,0.162));
#12231=CARTESIAN_POINT('',(-0.0349824862605364,0.0351222958311784,0.162));
#12232=CARTESIAN_POINT('',(-0.0349824862605364,0.0351222958311784,0.162));
#12233=CARTESIAN_POINT('',(-0.0319824862605364,0.0351222958311784,0.162));
#12234=CARTESIAN_POINT('',(-0.029753960285338,0.0396491091546829,0.162));
#12235=CARTESIAN_POINT('',(-0.029753960285338,0.0396491091546829,0.162));
#12236=CARTESIAN_POINT('',(-0.026753960285338,0.0396491091546829,0.162));
#12237=CARTESIAN_POINT('',(-0.0239463073178138,0.0434041976686846,0.162));
#12238=CARTESIAN_POINT('',(-0.0239463073178138,0.0434041976686846,0.162));
#12239=CARTESIAN_POINT('',(-0.0209463073178138,0.0434041976686846,0.162));
#12240=CARTESIAN_POINT('',(-0.0176725667168691,0.0463144728466086,0.162));
#12241=CARTESIAN_POINT('',(-0.0176725667168691,0.0463144728466086,0.162));
#12242=CARTESIAN_POINT('',(-0.0146725667168691,0.0463144728466086,0.162));
#12243=CARTESIAN_POINT('',(-0.0110548497070272,0.0483232894925053,0.162));
#12244=CARTESIAN_POINT('',(-0.0110548497070272,0.0483232894925053,0.162));
#12245=CARTESIAN_POINT('',(-0.00805484970702722,0.0483232894925053,0.162));
#12246=CARTESIAN_POINT('',(-0.00422196262234326,0.0493915482753575,0.162));
#12247=CARTESIAN_POINT('',(-0.00422196262234326,0.0493915482753575,0.162));
#12248=CARTESIAN_POINT('',(-0.00122196262234326,0.0493915482753575,0.162));
#12249=CARTESIAN_POINT('',(0.0137276074161028,-0.0404595018711664,0.162));
#12250=CARTESIAN_POINT('',(0.0137276074161028,-0.0404595018711664,0.162));
#12251=CARTESIAN_POINT('',(0.0167276074161028,-0.0404595018711664,0.162));
#12252=CARTESIAN_POINT('',(0.00705967798743371,-0.0421376250368635,0.162));
#12253=CARTESIAN_POINT('',(0.00705967798743371,-0.0421376250368635,0.162));
#12254=CARTESIAN_POINT('',(0.0100596779874337,-0.0421376250368635,0.162));
#12255=CARTESIAN_POINT('',(0.000208906607168189,-0.0427244058479816,0.162));
#12256=CARTESIAN_POINT('',(0.000208906607168189,-0.0427244058479816,0.162));
#12257=CARTESIAN_POINT('',(0.00320890660716819,-0.0427244058479816,0.162));
#12258=CARTESIAN_POINT('',(-0.00664727534448932,-0.0422046469897345,0.162));
#12259=CARTESIAN_POINT('',(-0.00664727534448932,-0.0422046469897345,0.162));
#12260=CARTESIAN_POINT('',(-0.00364727534448932,-0.0422046469897345,0.162));
#12261=CARTESIAN_POINT('',(-0.0133312963563776,-0.0405918099435341,0.162));
#12262=CARTESIAN_POINT('',(-0.0133312963563776,-0.0405918099435341,0.162));
#12263=CARTESIAN_POINT('',(-0.0103312963563776,-0.0405918099435341,0.162));
#12264=CARTESIAN_POINT('',(-0.0196700437952435,-0.0379276663416927,0.162));
#12265=CARTESIAN_POINT('',(-0.0196700437952435,-0.0379276663416927,0.162));
#12266=CARTESIAN_POINT('',(-0.0166700437952435,-0.0379276663416927,0.162));
#12267=CARTESIAN_POINT('',(-0.0254993474320109,-0.0342812161040876,0.162));
#12268=CARTESIAN_POINT('',(-0.0254993474320109,-0.0342812161040876,0.162));
#12269=CARTESIAN_POINT('',(-0.022499347432011,-0.0342812161040876,0.162));
#12270=CARTESIAN_POINT('',(-0.0306682313644802,-0.0297469003764808,0.162));
#12271=CARTESIAN_POINT('',(-0.0306682313644802,-0.0297469003764808,0.162));
#12272=CARTESIAN_POINT('',(-0.0276682313644802,-0.0297469003764808,0.162));
#12273=CARTESIAN_POINT('',(-0.0350428242138899,-0.0244421555544508,0.162));
#12274=CARTESIAN_POINT('',(-0.0350428242138899,-0.0244421555544508,0.162));
#12275=CARTESIAN_POINT('',(-0.0320428242138899,-0.0244421555544508,0.162));
#12276=CARTESIAN_POINT('',(-0.0385098263233083,-0.0185043717424339,0.162));
#12277=CARTESIAN_POINT('',(-0.0385098263233083,-0.0185043717424339,0.162));
#12278=CARTESIAN_POINT('',(-0.0355098263233083,-0.0185043717424339,0.162));
#12279=CARTESIAN_POINT('',(-0.0409794441592339,-0.0120873344221872,0.162));
#12280=CARTESIAN_POINT('',(-0.0409794441592339,-0.0120873344221872,0.162));
#12281=CARTESIAN_POINT('',(-0.0379794441592339,-0.0120873344221872,0.162));
#12282=CARTESIAN_POINT('',(-0.0423877159169466,-0.00535724148959043,0.162));
#12283=CARTESIAN_POINT('',(-0.0423877159169466,-0.00535724148959043,0.162));
#12284=CARTESIAN_POINT('',(-0.0393877159169466,-0.00535724148959043,0.162));
#12285=CARTESIAN_POINT('',(-0.0426981680976529,0.00151160118355734,0.162));
#12286=CARTESIAN_POINT('',(-0.0426981680976529,0.00151160118355734,0.162));
#12287=CARTESIAN_POINT('',(-0.0396981680976529,0.00151160118355734,0.162));
#12288=CARTESIAN_POINT('',(-0.0419027601529455,0.0083412941800585,0.162));
#12289=CARTESIAN_POINT('',(-0.0419027601529455,0.0083412941800585,0.162));
#12290=CARTESIAN_POINT('',(-0.0389027601529455,0.0083412941800585,0.162));
#12291=CARTESIAN_POINT('',(-0.0400220927307838,0.0149549520387764,0.162));
#12292=CARTESIAN_POINT('',(-0.0400220927307838,0.0149549520387764,0.162));
#12293=CARTESIAN_POINT('',(-0.0370220927307838,0.0149549520387764,0.162));
#12294=CARTESIAN_POINT('',(-0.0371048741295326,0.0211812844951647,0.162));
#12295=CARTESIAN_POINT('',(-0.0371048741295326,0.0211812844951647,0.162));
#12296=CARTESIAN_POINT('',(-0.0341048741295326,0.0211812844951647,0.162));
#12297=CARTESIAN_POINT('',(-0.0332266587786198,0.026859032809145,0.162));
#12298=CARTESIAN_POINT('',(-0.0332266587786198,0.026859032809145,0.162));
#12299=CARTESIAN_POINT('',(-0.0302266587786198,0.026859032809145,0.162));
#12300=CARTESIAN_POINT('',(-0.0284878904185015,0.031841146281769,0.162));
#12301=CARTESIAN_POINT('',(-0.0284878904185015,0.031841146281769,0.162));
#12302=CARTESIAN_POINT('',(-0.0254878904185015,0.031841146281769,0.162));
#12303=CARTESIAN_POINT('',(-0.0230113006605441,0.0359985907910797,0.162));
#12304=CARTESIAN_POINT('',(-0.0230113006605441,0.0359985907910797,0.162));
#12305=CARTESIAN_POINT('',(-0.0200113006605441,0.0359985907910797,0.162));
#12306=CARTESIAN_POINT('',(-0.0169387303027586,0.0392236907080908,0.162));
#12307=CARTESIAN_POINT('',(-0.0169387303027586,0.0392236907080908,0.162));
#12308=CARTESIAN_POINT('',(-0.0139387303027586,0.0392236907080908,0.162));
#12309=CARTESIAN_POINT('',(-0.0104274557276371,0.0414329176390189,0.162));
#12310=CARTESIAN_POINT('',(-0.0104274557276371,0.0414329176390189,0.162));
#12311=CARTESIAN_POINT('',(-0.00742745572763714,0.0414329176390189,0.162));
#12312=CARTESIAN_POINT('',(-0.00364611552646035,0.0425690537668066,0.162));
#12313=CARTESIAN_POINT('',(-0.00364611552646035,0.0425690537668066,0.162));
#12314=CARTESIAN_POINT('',(-0.00064611552646035,0.0425690537668066,0.162));
#12315=CARTESIAN_POINT('',(0.011181127041788,-0.0340179107003442,0.162));
#12316=CARTESIAN_POINT('',(0.011181127041788,-0.0340179107003442,0.162));
#12317=CARTESIAN_POINT('',(0.014181127041788,-0.0340179107003442,0.162));
#12318=CARTESIAN_POINT('',(0.00432971966805812,-0.0355455957600549,0.162));
#12319=CARTESIAN_POINT('',(0.00432971966805812,-0.0355455957600549,0.162));
#12320=CARTESIAN_POINT('',(0.00732971966805812,-0.0355455957600549,0.162));
#12321=CARTESIAN_POINT('',(-0.00268807640438043,-0.0357072835089062,0.162));
#12322=CARTESIAN_POINT('',(-0.00268807640438043,-0.0357072835089062,0.162));
#12323=CARTESIAN_POINT('',(0.00031192359561957,-0.0357072835089062,0.162));
#12324=CARTESIAN_POINT('',(-0.00960257120808929,-0.0344967603773857,0.162));
#12325=CARTESIAN_POINT('',(-0.00960257120808929,-0.0344967603773857,0.162));
#12326=CARTESIAN_POINT('',(-0.00660257120808929,-0.0344967603773857,0.162));
#12327=CARTESIAN_POINT('',(-0.0161480445854553,-0.0319605460905684,0.162));
#12328=CARTESIAN_POINT('',(-0.0161480445854553,-0.0319605460905684,0.162));
#12329=CARTESIAN_POINT('',(-0.0131480445854553,-0.0319605460905684,0.162));
#12330=CARTESIAN_POINT('',(-0.0220729576653299,-0.0281961059411712,0.162));
#12331=CARTESIAN_POINT('',(-0.0220729576653299,-0.0281961059411712,0.162));
#12332=CARTESIAN_POINT('',(-0.0190729576653299,-0.0281961059411712,0.162));
#12333=CARTESIAN_POINT('',(-0.0271496193607831,-0.0233481052530133,0.162));
#12334=CARTESIAN_POINT('',(-0.0271496193607831,-0.0233481052530133,0.162));
#12335=CARTESIAN_POINT('',(-0.0241496193607832,-0.0233481052530133,0.162));
#12336=CARTESIAN_POINT('',(-0.0311829364098835,-0.0176028499737503,0.162));
#12337=CARTESIAN_POINT('',(-0.0311829364098835,-0.0176028499737503,0.162));
#12338=CARTESIAN_POINT('',(-0.0281829364098835,-0.0176028499737503,0.162));
#12339=CARTESIAN_POINT('',(-0.0340179107003442,-0.011181127041788,0.162));
#12340=CARTESIAN_POINT('',(-0.0340179107003442,-0.011181127041788,0.162));
#12341=CARTESIAN_POINT('',(-0.0310179107003442,-0.011181127041788,0.162));
#12342=CARTESIAN_POINT('',(-0.0355455957600549,-0.00432971966805814,0.162));
#12343=CARTESIAN_POINT('',(-0.0355455957600549,-0.00432971966805814,0.162));
#12344=CARTESIAN_POINT('',(-0.0325455957600548,-0.00432971966805814,0.162));
#12345=CARTESIAN_POINT('',(-0.0357072835089063,0.00268807640438043,0.162));
#12346=CARTESIAN_POINT('',(-0.0357072835089063,0.00268807640438043,0.162));
#12347=CARTESIAN_POINT('',(-0.0327072835089063,0.00268807640438043,0.162));
#12348=CARTESIAN_POINT('',(-0.0344967603773857,0.00960257120808928,0.162));
#12349=CARTESIAN_POINT('',(-0.0344967603773857,0.00960257120808928,0.162));
#12350=CARTESIAN_POINT('',(-0.0314967603773857,0.00960257120808928,0.162));
#12351=CARTESIAN_POINT('',(-0.0319605460905684,0.0161480445854553,0.162));
#12352=CARTESIAN_POINT('',(-0.0319605460905684,0.0161480445854553,0.162));
#12353=CARTESIAN_POINT('',(-0.0289605460905684,0.0161480445854553,0.162));
#12354=CARTESIAN_POINT('',(-0.0281961059411713,0.0220729576653299,0.162));
#12355=CARTESIAN_POINT('',(-0.0281961059411713,0.0220729576653299,0.162));
#12356=CARTESIAN_POINT('',(-0.0251961059411713,0.0220729576653299,0.162));
#12357=CARTESIAN_POINT('',(-0.0233481052530133,0.0271496193607831,0.162));
#12358=CARTESIAN_POINT('',(-0.0233481052530133,0.0271496193607831,0.162));
#12359=CARTESIAN_POINT('',(-0.0203481052530133,0.0271496193607831,0.162));
#12360=CARTESIAN_POINT('',(-0.0176028499737503,0.0311829364098835,0.162));
#12361=CARTESIAN_POINT('',(-0.0176028499737503,0.0311829364098835,0.162));
#12362=CARTESIAN_POINT('',(-0.0146028499737503,0.0311829364098835,0.162));
#12363=CARTESIAN_POINT('',(-0.011181127041788,0.0340179107003442,0.162));
#12364=CARTESIAN_POINT('',(-0.011181127041788,0.0340179107003442,0.162));
#12365=CARTESIAN_POINT('',(-0.008181127041788,0.0340179107003442,0.162));
#12366=CARTESIAN_POINT('',(-0.00432971966805815,0.0355455957600548,0.162));
#12367=CARTESIAN_POINT('',(-0.00432971966805815,0.0355455957600548,0.162));
#12368=CARTESIAN_POINT('',(-0.00132971966805815,0.0355455957600548,0.162));
#12369=CARTESIAN_POINT('',(0.00588523632261419,-0.0283965489703763,0.162));
#12370=CARTESIAN_POINT('',(0.00588523632261419,-0.0283965489703763,0.162));
#12371=CARTESIAN_POINT('',(0.00888523632261419,-0.0283965489703763,0.162));
#12372=CARTESIAN_POINT('',(-0.00108151692925895,-0.0289798261059608,0.162));
#12373=CARTESIAN_POINT('',(-0.00108151692925895,-0.0289798261059608,0.162));
#12374=CARTESIAN_POINT('',(0.00191848307074105,-0.0289798261059608,0.162));
#12375=CARTESIAN_POINT('',(-0.00798541634835763,-0.0278789010856487,0.162));
#12376=CARTESIAN_POINT('',(-0.00798541634835763,-0.0278789010856487,0.162));
#12377=CARTESIAN_POINT('',(-0.00498541634835763,-0.0278789010856487,0.162));
#12378=CARTESIAN_POINT('',(-0.0144252323950972,-0.0251577556699209,0.162));
#12379=CARTESIAN_POINT('',(-0.0144252323950972,-0.0251577556699209,0.162));
#12380=CARTESIAN_POINT('',(-0.0114252323950972,-0.0251577556699209,0.162));
#12381=CARTESIAN_POINT('',(-0.02002670636862,-0.0209745329393785,0.162));
#12382=CARTESIAN_POINT('',(-0.02002670636862,-0.0209745329393785,0.162));
#12383=CARTESIAN_POINT('',(-0.0170267063686201,-0.0209745329393785,0.162));
#12384=CARTESIAN_POINT('',(-0.0244643009621144,-0.0155723465937246,0.162));
#12385=CARTESIAN_POINT('',(-0.0244643009621144,-0.0155723465937246,0.162));
#12386=CARTESIAN_POINT('',(-0.0214643009621144,-0.0155723465937246,0.162));
#12387=CARTESIAN_POINT('',(-0.0274801193078066,-0.00926515206722018,0.162));
#12388=CARTESIAN_POINT('',(-0.0274801193078066,-0.00926515206722018,0.162));
#12389=CARTESIAN_POINT('',(-0.0244801193078066,-0.00926515206722018,0.162));
#12390=CARTESIAN_POINT('',(-0.0288988930054985,-0.00241950058002642,0.162));
#12391=CARTESIAN_POINT('',(-0.0288988930054985,-0.00241950058002642,0.162));
#12392=CARTESIAN_POINT('',(-0.0258988930054985,-0.00241950058002642,0.162));
#12393=CARTESIAN_POINT('',(-0.028638168084913,0.00456676348635169,0.162));
#12394=CARTESIAN_POINT('',(-0.028638168084913,0.00456676348635169,0.162));
#12395=CARTESIAN_POINT('',(-0.025638168084913,0.00456676348635169,0.162));
#12396=CARTESIAN_POINT('',(-0.0267130969307377,0.0112876238584129,0.162));
#12397=CARTESIAN_POINT('',(-0.0267130969307377,0.0112876238584129,0.162));
#12398=CARTESIAN_POINT('',(-0.0237130969307377,0.0112876238584129,0.162));
#12399=CARTESIAN_POINT('',(-0.0232355576811046,0.0173524885606665,0.162));
#12400=CARTESIAN_POINT('',(-0.0232355576811046,0.0173524885606665,0.162));
#12401=CARTESIAN_POINT('',(-0.0202355576811046,0.0173524885606665,0.162));
#12402=CARTESIAN_POINT('',(-0.0184076522768614,0.0224088897015037,0.162));
#12403=CARTESIAN_POINT('',(-0.0184076522768614,0.0224088897015037,0.162));
#12404=CARTESIAN_POINT('',(-0.0154076522768614,0.0224088897015037,0.162));
#12405=CARTESIAN_POINT('',(-0.0125099610313806,0.0261629676258895,0.162));
#12406=CARTESIAN_POINT('',(-0.0125099610313806,0.0261629676258895,0.162));
#12407=CARTESIAN_POINT('',(-0.00950996103138062,0.0261629676258895,0.162));
#12408=CARTESIAN_POINT('',(-0.0058852363226142,0.0283965489703763,0.162));
#12409=CARTESIAN_POINT('',(-0.0058852363226142,0.0283965489703763,0.162));
#12410=CARTESIAN_POINT('',(-0.0028852363226142,0.0283965489703763,0.162));
#12411=CARTESIAN_POINT('',(0.00108151692925894,0.0289798261059608,0.162));
#12412=CARTESIAN_POINT('',(0.00108151692925894,0.0289798261059608,0.162));
#12413=CARTESIAN_POINT('',(0.00408151692925894,0.0289798261059608,0.162));
#12414=CARTESIAN_POINT('',(0.00268807640438043,0.0357072835089062,0.162));
#12415=CARTESIAN_POINT('',(0.00268807640438043,0.0357072835089062,0.162));
#12416=CARTESIAN_POINT('',(0.00568807640438043,0.0357072835089062,0.162));
#12417=CARTESIAN_POINT('',(0.00322965715163544,0.0426026737625287,0.162));
#12418=CARTESIAN_POINT('',(0.00322965715163544,0.0426026737625287,0.162));
#12419=CARTESIAN_POINT('',(0.00622965715163544,0.0426026737625287,0.162));
#12420=CARTESIAN_POINT('',(0.00269310016237332,0.0494984567530833,0.162));
#12421=CARTESIAN_POINT('',(0.00269310016237332,0.0494984567530833,0.162));
#12422=CARTESIAN_POINT('',(0.00569310016237332,0.0494984567530833,0.162));
#12423=CARTESIAN_POINT('',(-0.00181296161599886,0.0128456550299585,0.162));
#12424=CARTESIAN_POINT('',(-0.0139837989597905,0.0162540034976926,0.162));
#12425=CARTESIAN_POINT('',(-0.0139837989597905,0.0162540034976926,0.162));
#12426=CARTESIAN_POINT('',(-0.00181296161599886,0.0128456550299585,0.162));
#12427=CARTESIAN_POINT('',(-0.00545734664257982,0.000743399921732998,0.162));
#12428=CARTESIAN_POINT('',(-0.00545734664257982,0.000743399921732998,0.162));
#12429=CARTESIAN_POINT('',(-0.0111913879900579,0.00676398458857079,0.162));
#12430=CARTESIAN_POINT('',(-0.0213748814243901,-0.00082642367386134,0.162));
#12431=CARTESIAN_POINT('',(-0.0213748814243901,-0.00082642367386134,0.162));
#12432=CARTESIAN_POINT('',(-0.0111913879900579,0.00676398458857079,0.162));
#12433=CARTESIAN_POINT('',(-0.00400931509600273,-0.00371149463970148,0.162));
#12434=CARTESIAN_POINT('',(-0.00400931509600273,-0.00371149463970148,0.162));
#12435=CARTESIAN_POINT('',(-0.0123286589493094,-0.00449232790667011,0.162));
#12436=CARTESIAN_POINT('',(-0.0126580158107055,-0.0172164783131984,0.162));
#12437=CARTESIAN_POINT('',(-0.0126580158107055,-0.0172164783131984,0.162));
#12438=CARTESIAN_POINT('',(-0.0123286589493094,-0.00449232790667011,0.162));
#12439=CARTESIAN_POINT('',(0.000364962345710651,-0.00543278414101363,0.162));
#12440=CARTESIAN_POINT('',(0.000364962345710651,-0.00543278414101363,0.162));
#12441=CARTESIAN_POINT('',(-0.00420464825422482,-0.0124500677269035,0.162));
#12442=CARTESIAN_POINT('',(0.00557079717197048,-0.0206203399790014,0.162));
#12443=CARTESIAN_POINT('',(0.00557079717197048,-0.0206203399790014,0.162));
#12444=CARTESIAN_POINT('',(-0.00420464825422482,-0.0124500677269035,0.162));
#12445=CARTESIAN_POINT('',(0.0044599831365475,-0.00311000108817077,0.162));
#12446=CARTESIAN_POINT('',(0.0044599831365475,-0.00311000108817077,0.162));
#12447=CARTESIAN_POINT('',(0.00620904179350631,-0.0123848509870544,0.162));
#12448=CARTESIAN_POINT('',(0.0193112681156759,-0.00820933220145382,0.162));
#12449=CARTESIAN_POINT('',(0.0193112681156759,-0.00820933220145382,0.162));
#12450=CARTESIAN_POINT('',(0.00620904179350631,-0.0123848509870544,0.162));
#12451=CARTESIAN_POINT('',(0.00557825188926112,0.0013521572688563,0.162));
#12452=CARTESIAN_POINT('',(0.00557825188926112,0.0013521572688563,0.162));
#12453=CARTESIAN_POINT('',(0.01225,1.7347234759768E-18,0.162));
#12454=CARTESIAN_POINT('',(0.0193965517241379,0.00994933658362311,0.162));
#12455=CARTESIAN_POINT('',(0.0193965517241379,0.00994933658362311,0.162));
#12456=CARTESIAN_POINT('',(0.01225,1.7347234759768E-18,0.162));
#12457=CARTESIAN_POINT('',(0.00103325262917389,0.00492413225036304,0.162));
#12458=CARTESIAN_POINT('',(0.00103325262917389,0.00492413225036304,0.162));
#12459=CARTESIAN_POINT('',(-0.00582648029337134,0.0559350356824467,0.162));
#12460=CARTESIAN_POINT('',(-0.00582648029337134,0.0559350356824467,0.162));
#12461=CARTESIAN_POINT('',(-0.00282648029337134,0.0559350356824467,0.162));
#12462=CARTESIAN_POINT('',(-0.0126560794656267,0.0547950704166476,0.162));
#12463=CARTESIAN_POINT('',(-0.0126560794656267,0.0547950704166476,0.162));
#12464=CARTESIAN_POINT('',(-0.00965607946562674,0.0547950704166476,0.162));
#12465=CARTESIAN_POINT('',(-0.0192938253740803,0.0528244677383514,0.162));
#12466=CARTESIAN_POINT('',(-0.0192938253740803,0.0528244677383514,0.162));
#12467=CARTESIAN_POINT('',(-0.0162938253740803,0.0528244677383514,0.162));
#12468=CARTESIAN_POINT('',(-0.0256390965569054,0.0500530999754392,0.162));
#12469=CARTESIAN_POINT('',(-0.0256390965569054,0.0500530999754392,0.162));
#12470=CARTESIAN_POINT('',(-0.0226390965569054,0.0500530999754392,0.162));
#12471=CARTESIAN_POINT('',(-0.0315957051709838,0.04652297823822,0.162));
#12472=CARTESIAN_POINT('',(-0.0315957051709838,0.04652297823822,0.162));
#12473=CARTESIAN_POINT('',(-0.0285957051709838,0.04652297823822,0.162));
#12474=CARTESIAN_POINT('',(-0.0370733551015585,0.0422876155738222,0.162));
#12475=CARTESIAN_POINT('',(-0.0370733551015585,0.0422876155738222,0.162));
#12476=CARTESIAN_POINT('',(-0.0340733551015585,0.0422876155738222,0.162));
#12477=CARTESIAN_POINT('',(-0.0419890107592909,0.0374112157629471,0.162));
#12478=CARTESIAN_POINT('',(-0.0419890107592909,0.0374112157629471,0.162));
#12479=CARTESIAN_POINT('',(-0.0389890107592909,0.0374112157629471,0.162));
#12480=CARTESIAN_POINT('',(-0.0462681558151533,0.0319677000559991,0.162));
#12481=CARTESIAN_POINT('',(-0.0462681558151533,0.0319677000559991,0.162));
#12482=CARTESIAN_POINT('',(-0.0432681558151533,0.0319677000559991,0.162));
#12483=CARTESIAN_POINT('',(-0.049845922792019,0.0260395866022814,0.162));
#12484=CARTESIAN_POINT('',(-0.049845922792019,0.0260395866022814,0.162));
#12485=CARTESIAN_POINT('',(-0.046845922792019,0.0260395866022814,0.162));
#12486=CARTESIAN_POINT('',(-0.0526680763894935,0.0197167395589661,0.162));
#12487=CARTESIAN_POINT('',(-0.0526680763894935,0.0197167395589661,0.162));
#12488=CARTESIAN_POINT('',(-0.0496680763894935,0.0197167395589661,0.162));
#12489=CARTESIAN_POINT('',(-0.0546918356357843,0.0130950068420745,0.162));
#12490=CARTESIAN_POINT('',(-0.0546918356357843,0.0130950068420745,0.162));
#12491=CARTESIAN_POINT('',(-0.0516918356357843,0.0130950068420745,0.162));
#12492=CARTESIAN_POINT('',(-0.0558865224036241,0.00627476716977201,0.162));
#12493=CARTESIAN_POINT('',(-0.0558865224036241,0.00627476716977201,0.162));
#12494=CARTESIAN_POINT('',(-0.0528865224036241,0.00627476716977201,0.162));
#12495=CARTESIAN_POINT('',(-0.056234026459409,-0.00064059157667873,0.162));
#12496=CARTESIAN_POINT('',(-0.056234026459409,-0.00064059157667873,0.162));
#12497=CARTESIAN_POINT('',(-0.053234026459409,-0.00064059157667873,0.162));
#12498=CARTESIAN_POINT('',(-0.0557290799958796,-0.00754623960781013,0.162));
#12499=CARTESIAN_POINT('',(-0.0557290799958796,-0.00754623960781013,0.162));
#12500=CARTESIAN_POINT('',(-0.0527290799958796,-0.00754623960781013,0.162));
#12501=CARTESIAN_POINT('',(-0.0543793374867087,-0.0143374943387003,0.162));
#12502=CARTESIAN_POINT('',(-0.0543793374867087,-0.0143374943387003,0.162));
#12503=CARTESIAN_POINT('',(-0.0513793374867087,-0.0143374943387003,0.162));
#12504=CARTESIAN_POINT('',(-0.0522052596524838,-0.0209114072702527,0.162));
#12505=CARTESIAN_POINT('',(-0.0522052596524838,-0.0209114072702527,0.162));
#12506=CARTESIAN_POINT('',(-0.0492052596524838,-0.0209114072702527,0.162));
#12507=CARTESIAN_POINT('',(-0.0492398032970387,-0.0271683245835029,0.162));
#12508=CARTESIAN_POINT('',(-0.0492398032970387,-0.0271683245835029,0.162));
#12509=CARTESIAN_POINT('',(-0.0462398032970387,-0.0271683245835029,0.162));
#12510=CARTESIAN_POINT('',(-0.0455279217159022,-0.0330133977899324,0.162));
#12511=CARTESIAN_POINT('',(-0.0455279217159022,-0.0330133977899324,0.162));
#12512=CARTESIAN_POINT('',(-0.0425279217159022,-0.0330133977899324,0.162));
#12513=CARTESIAN_POINT('',(-0.0411258832501606,-0.0383580215378711,0.162));
#12514=CARTESIAN_POINT('',(-0.0411258832501606,-0.0383580215378711,0.162));
#12515=CARTESIAN_POINT('',(-0.0381258832501606,-0.0383580215378711,0.162));
#12516=CARTESIAN_POINT('',(-0.0361004183157636,-0.04312117677931,0.162));
#12517=CARTESIAN_POINT('',(-0.0361004183157636,-0.04312117677931,0.162));
#12518=CARTESIAN_POINT('',(-0.0331004183157636,-0.04312117677931,0.162));
#12519=CARTESIAN_POINT('',(-0.0305277078384398,-0.0472306589360818,0.162));
#12520=CARTESIAN_POINT('',(-0.0305277078384398,-0.0472306589360818,0.162));
#12521=CARTESIAN_POINT('',(-0.0275277078384399,-0.0472306589360818,0.162));
#12522=CARTESIAN_POINT('',(-0.0244922284285173,-0.0506241724476653,0.162));
#12523=CARTESIAN_POINT('',(-0.0244922284285173,-0.0506241724476653,0.162));
#12524=CARTESIAN_POINT('',(-0.0214922284285173,-0.0506241724476653,0.162));
#12525=CARTESIAN_POINT('',(-0.0180854718016212,-0.0532502751083822,0.162));
#12526=CARTESIAN_POINT('',(-0.0180854718016212,-0.0532502751083822,0.162));
#12527=CARTESIAN_POINT('',(-0.0150854718016212,-0.0532502751083822,0.162));
#12528=CARTESIAN_POINT('',(-0.0114045578575275,-0.0550691578787976,0.162));
#12529=CARTESIAN_POINT('',(-0.0114045578575275,-0.0550691578787976,0.162));
#12530=CARTESIAN_POINT('',(-0.00840455785752752,-0.0550691578787976,0.162));
#12531=CARTESIAN_POINT('',(-0.00455076244147988,-0.056053248350179,0.162));
#12532=CARTESIAN_POINT('',(-0.00455076244147988,-0.056053248350179,0.162));
#12533=CARTESIAN_POINT('',(-0.00155076244147988,-0.056053248350179,0.162));
#12534=CARTESIAN_POINT('',(0.00237201789438885,-0.0561876287141069,0.162));
#12535=CARTESIAN_POINT('',(0.00237201789438885,-0.0561876287141069,0.162));
#12536=CARTESIAN_POINT('',(0.00537201789438885,-0.0561876287141069,0.162));
#12537=CARTESIAN_POINT('',(0.00925884085688056,-0.0554702619012439,0.162));
#12538=CARTESIAN_POINT('',(0.00925884085688056,-0.0554702619012439,0.162));
#12539=CARTESIAN_POINT('',(0.0122588408568806,-0.0554702619012439,0.162));
#12540=CARTESIAN_POINT('',(0.0160053092299246,-0.0539120224612295,0.162));
#12541=CARTESIAN_POINT('',(0.0160053092299246,-0.0539120224612295,0.162));
#12542=CARTESIAN_POINT('',(0.0190053092299245,-0.0539120224612295,0.162));
#12543=CARTESIAN_POINT('',(0.0225091534299569,-0.0515365317155926,0.162));
#12544=CARTESIAN_POINT('',(0.0225091534299569,-0.0515365317155926,0.162));
#12545=CARTESIAN_POINT('',(0.0255091534299569,-0.0515365317155926,0.162));
#12546=CARTESIAN_POINT('',(0.0286717818085587,-0.0483797996825952,0.162));
#12547=CARTESIAN_POINT('',(0.0286717818085587,-0.0483797996825952,0.162));
#12548=CARTESIAN_POINT('',(0.0316717818085587,-0.0483797996825952,0.162));
#12549=CARTESIAN_POINT('',(0.0343997752013477,-0.0444896792020618,0.162));
#12550=CARTESIAN_POINT('',(0.0343997752013477,-0.0444896792020618,0.162));
#12551=CARTESIAN_POINT('',(0.0373997752013477,-0.0444896792020618,0.162));
#12552=CARTESIAN_POINT('',(0.0396063030672844,-0.039925140535107,0.162));
#12553=CARTESIAN_POINT('',(0.0396063030672844,-0.039925140535107,0.162));
#12554=CARTESIAN_POINT('',(0.0426063030672844,-0.039925140535107,0.162));
#12555=CARTESIAN_POINT('',(0.0442124397511633,-0.0347553774350874,0.162));
#12556=CARTESIAN_POINT('',(0.0442124397511633,-0.0347553774350874,0.162));
#12557=CARTESIAN_POINT('',(0.0472124397511633,-0.0347553774350874,0.162));
#12558=CARTESIAN_POINT('',(0.0481483609160941,-0.0290587582408328,0.162));
#12559=CARTESIAN_POINT('',(0.0481483609160941,-0.0290587582408328,0.162));
#12560=CARTESIAN_POINT('',(0.0511483609160941,-0.0290587582408328,0.162));
#12561=CARTESIAN_POINT('',(0.0513544020092735,-0.0229216378925143,0.162));
#12562=CARTESIAN_POINT('',(0.0513544020092735,-0.0229216378925143,0.162));
#12563=CARTESIAN_POINT('',(0.0543544020092735,-0.0229216378925143,0.162));
#12564=CARTESIAN_POINT('',(0.0537819627157873,-0.0164370488787764,0.162));
#12565=CARTESIAN_POINT('',(0.0537819627157873,-0.0164370488787764,0.162));
#12566=CARTESIAN_POINT('',(0.0567819627157873,-0.0164370488787764,0.162));
#12567=CARTESIAN_POINT('',(0.0553942436898439,-0.00970329095904134,0.162));
#12568=CARTESIAN_POINT('',(0.0553942436898439,-0.00970329095904134,0.162));
#12569=CARTESIAN_POINT('',(0.0583942436898439,-0.00970329095904134,0.162));
#12570=CARTESIAN_POINT('',(0.0561668043953453,-0.00282244103935737,0.162));
#12571=CARTESIAN_POINT('',(0.0561668043953453,-0.00282244103935737,0.162));
#12572=CARTESIAN_POINT('',(0.0591668043953453,-0.00282244103935737,0.162));
#12573=CARTESIAN_POINT('',(0.056087933599501,0.00410119420944528,0.162));
#12574=CARTESIAN_POINT('',(0.056087933599501,0.00410119420944528,0.162));
#12575=CARTESIAN_POINT('',(0.059087933599501,0.00410119420944528,0.162));
#12576=CARTESIAN_POINT('',(0.0551588269031797,0.01096265953456,0.162));
#12577=CARTESIAN_POINT('',(0.0551588269031797,0.01096265953456,0.162));
#12578=CARTESIAN_POINT('',(0.0581588269031797,0.01096265953456,0.162));
#12579=CARTESIAN_POINT('',(0.0533935686168184,0.0176579421158505,0.162));
#12580=CARTESIAN_POINT('',(0.0533935686168184,0.0176579421158505,0.162));
#12581=CARTESIAN_POINT('',(0.0563935686168184,0.0176579421158505,0.162));
#12582=CARTESIAN_POINT('',(0.0508189182566331,0.0240855482941799,0.162));
#12583=CARTESIAN_POINT('',(0.0508189182566331,0.0240855482941799,0.162));
#12584=CARTESIAN_POINT('',(0.0538189182566331,0.0240855482941799,0.162));
#12585=CARTESIAN_POINT('',(0.0474739048976301,0.0301480421118255,0.162));
#12586=CARTESIAN_POINT('',(0.0474739048976301,0.0301480421118255,0.162));
#12587=CARTESIAN_POINT('',(0.0504739048976301,0.0301480421118255,0.162));
#12588=CARTESIAN_POINT('',(0.043409235532613,0.0357535223422778,0.162));
#12589=CARTESIAN_POINT('',(0.043409235532613,0.0357535223422778,0.162));
#12590=CARTESIAN_POINT('',(0.046409235532613,0.0357535223422778,0.162));
#12591=CARTESIAN_POINT('',(0.0386865264058597,0.0408170156191551,0.162));
#12592=CARTESIAN_POINT('',(0.0386865264058597,0.0408170156191551,0.162));
#12593=CARTESIAN_POINT('',(0.0416865264058597,0.0408170156191551,0.162));
#12594=CARTESIAN_POINT('',(0.0333773689736672,0.0452617645458206,0.162));
#12595=CARTESIAN_POINT('',(0.0333773689736672,0.0452617645458206,0.162));
#12596=CARTESIAN_POINT('',(0.0363773689736672,0.0452617645458206,0.162));
#12597=CARTESIAN_POINT('',(0.0275622446508504,0.0490203912592739,0.162));
#12598=CARTESIAN_POINT('',(0.0275622446508504,0.0490203912592739,0.162));
#12599=CARTESIAN_POINT('',(0.0305622446508504,0.0490203912592739,0.162));
#12600=CARTESIAN_POINT('',(0.0213293047945319,0.0520359188098719,0.162));
#12601=CARTESIAN_POINT('',(0.0213293047945319,0.0520359188098719,0.162));
#12602=CARTESIAN_POINT('',(0.0243293047945318,0.0520359188098719,0.162));
#12603=CARTESIAN_POINT('',(0.0147730344194244,0.0542626348738073,0.162));
#12604=CARTESIAN_POINT('',(0.0147730344194244,0.0542626348738073,0.162));
#12605=CARTESIAN_POINT('',(0.0177730344194244,0.0542626348738073,0.162));
#12606=CARTESIAN_POINT('',(0.00799281990132049,0.05566678470534,0.162));
#12607=CARTESIAN_POINT('',(0.00799281990132049,0.05566678470534,0.162));
#12608=CARTESIAN_POINT('',(0.0109928199013205,0.05566678470534,0.162));
#12609=CARTESIAN_POINT('',(0.00109144238094458,0.0562270828243357,0.162));
#12610=CARTESIAN_POINT('',(0.00109144238094458,0.0562270828243357,0.162));
#12611=CARTESIAN_POINT('',(0.00409144238094458,0.0562270828243357,0.162));
#12612=CARTESIAN_POINT('',(0.01225,1.0842021724855E-18,0.162));
#12613=CARTESIAN_POINT('',(0.01225,1.0842021724855E-18,0.162));
#12614=CARTESIAN_POINT('',(-0.00118002777827857,0.00476412152181973,0.162));
#12615=CARTESIAN_POINT('',(0.0152868852459017,0.0139226372502922,0.162));
#12616=CARTESIAN_POINT('',(0.0152868852459017,0.0139226372502922,0.162));
#12617=CARTESIAN_POINT('',(-0.00118002777827857,0.00476412152181973,0.162));
#12618=CARTESIAN_POINT('',(0.,0.,0.162));
#12619=CARTESIAN_POINT('',(0.079,0.083,0.162));
#12620=CARTESIAN_POINT('',(0.079,-0.079,0.162));
#12621=CARTESIAN_POINT('',(0.079,0.079,0.162));
#12622=CARTESIAN_POINT('',(-0.083,0.079,0.162));
#12623=CARTESIAN_POINT('',(-0.079,0.079,0.162));
#12624=CARTESIAN_POINT('',(-0.079,0.,0.162));
#12625=CARTESIAN_POINT('',(-0.079,-0.079,0.162));
#12626=CARTESIAN_POINT('',(1.32089787568354E-17,-0.079,0.162));
#12627=CARTESIAN_POINT('',(0.0212126978839948,-0.00350306272886477,0.162));
#12628=CARTESIAN_POINT('',(0.00194890547577194,0.00452216227074157,0.162));
#12629=CARTESIAN_POINT('',(0.0164795918367347,0.00588838287602184,0.162));
#12630=CARTESIAN_POINT('',(0.0106983136811502,-0.0186492917929801,0.162));
#12631=CARTESIAN_POINT('',(0.00562412257044694,0.000353209882550323,0.162));
#12632=CARTESIAN_POINT('',(0.0145473360805877,-0.0097275388952412,0.162));
#12633=CARTESIAN_POINT('',(-0.00790333117879794,-0.019994683200247,0.162));
#12634=CARTESIAN_POINT('',(0.00377988142960835,-0.0038431188605774,0.162));
#12635=CARTESIAN_POINT('',(0.00173434018920358,-0.0174138469072205,0.162));
#12636=CARTESIAN_POINT('',(-0.0205549121420088,-0.00630441010993896,0.162));
#12637=CARTESIAN_POINT('',(-0.000632304320582713,-0.00535889776676151,0.162));
#12638=CARTESIAN_POINT('',(-0.0125286371993733,-0.0122181524759875,0.162));
#12639=CARTESIAN_POINT('',(-0.0177687237942576,0.0121046459974418,0.162));
#12640=CARTESIAN_POINT('',(-0.00457478385331353,-0.00288672492365622,0.162));
#12641=CARTESIAN_POINT('',(-0.0173659779627162,0.00216166819804926,0.162));
#12642=CARTESIAN_POINT('',(-0.0017183163420231,0.0214312246255023,0.162));
#12643=CARTESIAN_POINT('',(-0.00516900385477099,0.0017009271728954,0.162));
#12644=CARTESIAN_POINT('',(-0.00916903166149383,0.0149056653119048,0.162));
#12645=CARTESIAN_POINT('',(-0.00212248586798233,0.00509844583914041,0.162));
#12646=CARTESIAN_POINT('',(0.00585596715646316,0.0164911384889711,0.162));
#12647=CARTESIAN_POINT('',(0.0155,0.0148996644257513,0.162));
#12648=CARTESIAN_POINT('',(0.0155,0.0148996644257513,0.162));
#12649=CARTESIAN_POINT('',(-0.0017183163420231,0.0214312246255023,0.162));
#12650=CARTESIAN_POINT('',(-0.0205549121420088,-0.00630441010993896,0.162));
#12651=CARTESIAN_POINT('',(-0.00790333117879794,-0.019994683200247,0.162));
#12652=CARTESIAN_POINT('',(0.0106983136811502,-0.0186492917929801,0.162));
#12653=CARTESIAN_POINT('',(0.0212126978839948,-0.00350306272886477,0.162));
#12654=CARTESIAN_POINT('',(-0.00457478385331353,-0.00288672492365622,0.162));
#12655=CARTESIAN_POINT('',(-0.000632304320582713,-0.00535889776676151,0.162));
#12656=CARTESIAN_POINT('',(0.00377988142960835,-0.0038431188605774,0.162));
#12657=CARTESIAN_POINT('',(0.00562412257044694,0.000353209882550323,0.162));
#12658=CARTESIAN_POINT('',(0.00194890547577194,0.00452216227074157,0.162));
#12659=CARTESIAN_POINT('',(-0.00212248586798233,0.00509844583914041,0.162));
#12660=CARTESIAN_POINT('',(-0.00516900385477099,0.0017009271728954,0.162));
#12661=CARTESIAN_POINT('',(-0.0177687237942576,0.0121046459974418,0.162));
#12662=CARTESIAN_POINT('',(0.00173434018920358,-0.0174138469072205,0.162));
#12663=CARTESIAN_POINT('',(-0.0125286371993733,-0.0122181524759875,0.162));
#12664=CARTESIAN_POINT('',(-0.0173659779627162,0.00216166819804926,0.162));
#12665=CARTESIAN_POINT('',(-0.00916903166149383,0.0149056653119048,0.162));
#12666=CARTESIAN_POINT('',(0.00585596715646316,0.0164911384889711,0.162));
#12667=CARTESIAN_POINT('',(0.0164795918367347,0.00588838287602184,0.162));
#12668=CARTESIAN_POINT('',(0.0145473360805877,-0.0097275388952412,0.162));
#12669=CARTESIAN_POINT('',(1.06251812903579E-17,-5.93275428784068E-16,0.153));
#12670=CARTESIAN_POINT('',(1.06251812903579E-17,-5.93275428784068E-16,0.153));
#12671=CARTESIAN_POINT('',(0.0592376750000006,-5.93275428784068E-16,0.153));
#12672=CARTESIAN_POINT('',(0.,3.9334231536709E-18,0.153));
#12673=CARTESIAN_POINT('',(0.,3.9334231536709E-18,0.155));
#12674=CARTESIAN_POINT('',(0.064237675,3.9334231536709E-18,0.155));
#12675=CARTESIAN_POINT('',(0.,3.9334231536709E-18,0.153));
#12676=CARTESIAN_POINT('',(0.064237675,3.9334231536709E-18,0.153));
#12677=CARTESIAN_POINT('',(0.,0.,0.153));
#12678=CARTESIAN_POINT('',(-0.0525,0.0525,0.153));
#12679=CARTESIAN_POINT('',(-0.0525,0.0525,0.15375));
#12680=CARTESIAN_POINT('',(-0.04955,0.0525,0.15375));
#12681=CARTESIAN_POINT('',(-0.0525,0.0525,0.157));
#12682=CARTESIAN_POINT('',(-0.04955,0.0525,0.157));
#12683=CARTESIAN_POINT('',(-0.0525,0.0525,0.153));
#12684=CARTESIAN_POINT('',(-0.0525,0.0525,0.155));
#12685=CARTESIAN_POINT('',(-0.047,0.0525,0.155));
#12686=CARTESIAN_POINT('',(-0.0525,0.0525,0.153));
#12687=CARTESIAN_POINT('',(-0.047,0.0525,0.153));
#12688=CARTESIAN_POINT('',(0.,0.,0.153));
#12689=CARTESIAN_POINT('',(-0.0525,0.0525,0.153));
#12690=CARTESIAN_POINT('',(-0.0488,0.0525,0.153));
#12691=CARTESIAN_POINT('',(0.,0.,0.157));
#12692=CARTESIAN_POINT('',(0.0525,0.0525,0.153));
#12693=CARTESIAN_POINT('',(0.0525,0.0525,0.15375));
#12694=CARTESIAN_POINT('',(0.05545,0.0525,0.15375));
#12695=CARTESIAN_POINT('',(0.0525,0.0525,0.157));
#12696=CARTESIAN_POINT('',(0.05545,0.0525,0.157));
#12697=CARTESIAN_POINT('',(0.0525,0.0525,0.153));
#12698=CARTESIAN_POINT('',(0.0525,0.0525,0.155));
#12699=CARTESIAN_POINT('',(0.058,0.0525,0.155));
#12700=CARTESIAN_POINT('',(0.0525,0.0525,0.153));
#12701=CARTESIAN_POINT('',(0.058,0.0525,0.153));
#12702=CARTESIAN_POINT('',(0.,0.,0.153));
#12703=CARTESIAN_POINT('',(0.0525,0.0525,0.153));
#12704=CARTESIAN_POINT('',(0.0562,0.0525,0.153));
#12705=CARTESIAN_POINT('',(0.,0.,0.157));
#12706=CARTESIAN_POINT('',(0.0525,-0.0525,0.153));
#12707=CARTESIAN_POINT('',(0.0525,-0.0525,0.15375));
#12708=CARTESIAN_POINT('',(0.05545,-0.0525,0.15375));
#12709=CARTESIAN_POINT('',(0.0525,-0.0525,0.157));
#12710=CARTESIAN_POINT('',(0.05545,-0.0525,0.157));
#12711=CARTESIAN_POINT('',(0.0525,-0.0525,0.153));
#12712=CARTESIAN_POINT('',(0.0525,-0.0525,0.153));
#12713=CARTESIAN_POINT('',(0.058,-0.0525,0.153));
#12714=CARTESIAN_POINT('',(0.,0.,0.153));
#12715=CARTESIAN_POINT('',(0.0525,-0.0525,0.153));
#12716=CARTESIAN_POINT('',(0.0562,-0.0525,0.153));
#12717=CARTESIAN_POINT('',(0.,0.,0.157));
#12718=CARTESIAN_POINT('',(-0.0525,-0.0525,0.153));
#12719=CARTESIAN_POINT('',(-0.0525,-0.0525,0.15375));
#12720=CARTESIAN_POINT('',(-0.04955,-0.0525,0.15375));
#12721=CARTESIAN_POINT('',(-0.0525,-0.0525,0.157));
#12722=CARTESIAN_POINT('',(-0.04955,-0.0525,0.157));
#12723=CARTESIAN_POINT('',(-0.0525,-0.0525,0.153));
#12724=CARTESIAN_POINT('',(-0.0525,-0.0525,0.155));
#12725=CARTESIAN_POINT('',(-0.047,-0.0525,0.155));
#12726=CARTESIAN_POINT('',(-0.0525,-0.0525,0.153));
#12727=CARTESIAN_POINT('',(-0.047,-0.0525,0.153));
#12728=CARTESIAN_POINT('',(0.,0.,0.153));
#12729=CARTESIAN_POINT('',(-0.0525,-0.0525,0.153));
#12730=CARTESIAN_POINT('',(-0.0488,-0.0525,0.153));
#12731=CARTESIAN_POINT('',(0.,0.,0.157));
#12732=CARTESIAN_POINT('',(-0.0525,-0.0525,0.153));
#12733=CARTESIAN_POINT('',(0.0525,-0.0525,0.153));
#12734=CARTESIAN_POINT('',(0.0525,0.0525,0.153));
#12735=CARTESIAN_POINT('',(-0.0525,0.0525,0.153));
#12736=CARTESIAN_POINT('',(0.0525,0.0525,0.155));
#12737=CARTESIAN_POINT('',(-0.0525,0.0525,0.155));
#12738=CARTESIAN_POINT('',(0.,3.9334231536709E-18,0.155));
#12739=CARTESIAN_POINT('',(-0.0525,-0.0525,0.155));
#12740=CARTESIAN_POINT('',(0.,-0.078,0.02565));
#12741=CARTESIAN_POINT('',(-0.015,-0.0815,0.023615));
#12742=CARTESIAN_POINT('',(-0.0377750603854657,-0.081875,0.013095));
#12743=CARTESIAN_POINT('',(0.00425,-0.081875,0.01919));
#12744=CARTESIAN_POINT('',(0.00425,-0.081875,0.02644));
#12745=CARTESIAN_POINT('',(0.00425,-0.081875,0.01194));
#12746=CARTESIAN_POINT('',(-0.02275,-0.081875,0.02644));
#12747=CARTESIAN_POINT('',(-0.04975,-0.081875,0.02644));
#12748=CARTESIAN_POINT('',(-0.04975,-0.081875,0.01919));
#12749=CARTESIAN_POINT('',(-0.04975,-0.081875,0.01194));
#12750=CARTESIAN_POINT('',(-0.02275,-0.081875,0.01194));
#12751=CARTESIAN_POINT('',(-0.02275,-0.081875,0.02644));
#12752=CARTESIAN_POINT('',(-0.04975,-0.081875,0.02644));
#12753=CARTESIAN_POINT('',(0.00425,-0.081875,0.02644));
#12754=CARTESIAN_POINT('',(0.00425,-0.081875,0.01919));
#12755=CARTESIAN_POINT('',(0.00425,-0.081875,0.01194));
#12756=CARTESIAN_POINT('',(-0.02275,-0.081875,0.01194));
#12757=CARTESIAN_POINT('',(-0.04975,-0.081875,0.01194));
#12758=CARTESIAN_POINT('',(-0.04975,-0.081875,0.01919));
#12759=CARTESIAN_POINT('',(0.064,-0.0805,0.00921872165881482));
#12760=CARTESIAN_POINT('',(0.064,-0.0805,0.00921872165881482));
#12761=CARTESIAN_POINT('',(0.064,-0.00763877191084761,0.081));
#12762=CARTESIAN_POINT('',(0.064,-0.081,0.148705934745577));
#12763=CARTESIAN_POINT('',(0.064,-0.0137259159809894,0.150576375096159));
#12764=CARTESIAN_POINT('',(0.064,-0.0977546093652093,0.143224817014143));
#12765=CARTESIAN_POINT('',(0.064,-0.0977546093652093,0.143224817014143));
#12766=CARTESIAN_POINT('',(0.064,-0.0940687793289527,0.135516726657652));
#12767=CARTESIAN_POINT('',(0.064,-0.0948096031423079,0.143984381591432));
#12768=CARTESIAN_POINT('',(0.059,-0.0980160765934523,0.146213401108418));
#12769=CARTESIAN_POINT('',(0.079,-0.0982775438216952,0.149201985202693));
#12770=CARTESIAN_POINT('',(0.079,-0.0977546093652093,0.143224817014143));
#12771=CARTESIAN_POINT('',(0.079,-0.0980779343745462,0.146920438781655));
#12772=CARTESIAN_POINT('',(0.059,-0.0980779343745462,0.146920438781655));
#12773=CARTESIAN_POINT('',(0.0618008301528388,-0.0980779343745462,0.146920438781655));
#12774=CARTESIAN_POINT('',(0.0618008301528388,-0.0977546093652093,0.143224817014143));
#12775=CARTESIAN_POINT('',(0.0618008301528388,-0.097754873786232,0.143227839360262));
#12776=CARTESIAN_POINT('',(0.0632567110899037,-0.0987474880218252,0.154573471989558));
#12777=CARTESIAN_POINT('',(0.0618935272894633,-0.0977546093652093,0.143224817014143));
#12778=CARTESIAN_POINT('',(0.059,-0.0977546093652093,0.143224817014143));
#12779=CARTESIAN_POINT('',(0.059,-0.0977546093652093,0.143224817014143));
#12780=CARTESIAN_POINT('',(0.059,-0.0977546093652093,0.143224817014143));
#12781=CARTESIAN_POINT('',(0.059,-0.0962603173180717,0.143355550628264));
#12782=CARTESIAN_POINT('',(0.059,-0.0980160765934523,0.146213401108418));
#12783=CARTESIAN_POINT('',(0.0519134119006609,-0.0795432100065081,0.158463529416443));
#12784=CARTESIAN_POINT('',(0.0580420596696952,-0.0954560301958657,0.147149825674141));
#12785=CARTESIAN_POINT('',(0.0542604164198288,-0.0856371253863136,0.154130874838728));
#12786=CARTESIAN_POINT('',(0.0545160874050135,-0.0856371253863136,0.146071162002151));
#12787=CARTESIAN_POINT('',(0.0569501489668963,-0.0856371253863136,0.0693403698821454));
#12788=CARTESIAN_POINT('',(0.0569501489668966,-0.0914468751502721,0.135746113550138));
#12789=CARTESIAN_POINT('',(0.0569501489668966,-0.091510092550913,0.136468691745907));
#12790=CARTESIAN_POINT('',(0.0584414733192498,-0.0965441746215584,0.1469963501243));
#12791=CARTESIAN_POINT('',(0.0580420596696952,-0.0951959225871696,0.144176782102398));
#12792=CARTESIAN_POINT('',(0.0580420596696952,-0.0956556396430147,0.149431372095179));
#12793=CARTESIAN_POINT('',(0.078,-0.0948096031423079,0.143984381591432));
#12794=CARTESIAN_POINT('',(0.079,-0.0948096031423079,0.143984381591432));
#12795=CARTESIAN_POINT('',(0.079,-0.0940687793289527,0.135516726657652));
#12796=CARTESIAN_POINT('',(0.078,-0.0940687793289527,0.135516726657652));
#12797=CARTESIAN_POINT('',(0.064,-0.0948096031423079,0.143984381591432));
#12798=CARTESIAN_POINT('',(0.0607089194500397,-0.0829999999999986,0.00900000000000152));
#12799=CARTESIAN_POINT('',(0.0607089194500402,-0.0940690437499754,0.135519749003771));
#12800=CARTESIAN_POINT('',(0.0607089194500397,-0.083015221207633,0.00917397919937429));
#12801=CARTESIAN_POINT('',(0.061202181689567,-0.083,0.009000000000001));
#12802=CARTESIAN_POINT('',(0.0610222177271411,-0.083,0.00900000000000123));
#12803=CARTESIAN_POINT('',(0.0608367626627146,-0.0830043600928401,0.00904983608922447));
#12804=CARTESIAN_POINT('',(0.0607089194500397,-0.083015221207633,0.00917397919937415));
#12805=CARTESIAN_POINT('',(0.059,-0.0940687793289527,0.135516726657652));
#12806=CARTESIAN_POINT('',(0.0608016165866647,-0.0940687793289527,0.135516726657652));
#12807=CARTESIAN_POINT('',(0.0621648003871051,-0.0950616579855687,0.146865381633067));
#12808=CARTESIAN_POINT('',(0.059,-0.0977546093652093,0.143224817014143));
#12809=CARTESIAN_POINT('',(0.061847028336329,-0.0975976485096397,0.142896568439124));
#12810=CARTESIAN_POINT('',(0.059,-0.0977546093652093,0.143224817014143));
#12811=CARTESIAN_POINT('',(0.079,-0.0977546093652093,0.143224817014143));
#12812=CARTESIAN_POINT('',(0.0641,0.055472801202121,0.1545));
#12813=CARTESIAN_POINT('',(0.078,0.055472801202121,0.153));
#12814=CARTESIAN_POINT('',(0.0641,0.055472801202121,0.153));
#12815=CARTESIAN_POINT('',(0.074,0.055472801202121,0.153));
#12816=CARTESIAN_POINT('',(0.074,0.055472801202121,0.1545));
#12817=CARTESIAN_POINT('',(0.074,0.055472801202121,0.147));
#12818=CARTESIAN_POINT('',(0.0641,0.055472801202121,0.147));
#12819=CARTESIAN_POINT('',(0.0641,0.055472801202121,0.147));
#12820=CARTESIAN_POINT('',(0.0641,0.055472801202121,0.1545));
#12821=CARTESIAN_POINT('',(0.0641,-0.00763877191084761,0.081));
#12822=CARTESIAN_POINT('',(0.0641,0.0401312005777498,0.156292082082785));
#12823=CARTESIAN_POINT('',(0.0641,0.0476026608134379,0.156945750153393));
#12824=CARTESIAN_POINT('',(0.0641,0.034834051827557,0.155828641618133));
#12825=CARTESIAN_POINT('',(0.0641,0.0346597403420617,0.157821031014316));
#12826=CARTESIAN_POINT('',(0.0641,0.059472801202121,0.153));
#12827=CARTESIAN_POINT('',(0.0641,0.051972801202121,0.147));
#12828=CARTESIAN_POINT('',(0.0641,0.048472801202121,0.147));
#12829=CARTESIAN_POINT('',(0.0641,0.0480377310077795,0.151972875076697));
#12830=CARTESIAN_POINT('',(0.0641,0.0401312005777498,0.156292082082785));
#12831=CARTESIAN_POINT('',(0.0641,0.034834051827557,0.155828641618133));
#12832=CARTESIAN_POINT('',(0.0641,0.0476026608134379,0.156945750153393));
#12833=CARTESIAN_POINT('',(0.0641,0.0480377310077795,0.151972875076697));
#12834=CARTESIAN_POINT('',(0.0641,0.048472801202121,0.147));
#12835=CARTESIAN_POINT('',(0.074,0.048472801202121,0.147));
#12836=CARTESIAN_POINT('',(0.074,0.0488227558562247,0.143));
#12837=CARTESIAN_POINT('',(0.0641,0.051972801202121,0.147));
#12838=CARTESIAN_POINT('',(0.074,0.051972801202121,0.147));
#12839=CARTESIAN_POINT('',(0.0595,-0.00763877191084761,0.081));
#12840=CARTESIAN_POINT('',(0.0595,-0.044,0.153));
#12841=CARTESIAN_POINT('',(0.0595,-0.048,0.153));
#12842=CARTESIAN_POINT('',(0.0595,-0.048,0.152790800564651));
#12843=CARTESIAN_POINT('',(0.0595,-0.048,0.142));
#12844=CARTESIAN_POINT('',(0.0595,-0.0542132034355964,0.142));
#12845=CARTESIAN_POINT('',(0.0595,-0.0586066017177982,0.137606601717798));
#12846=CARTESIAN_POINT('',(0.0595,-0.0729226786692789,0.151922678669279));
#12847=CARTESIAN_POINT('',(0.0595,-0.0542132034355964,0.142));
#12848=CARTESIAN_POINT('',(0.0595,-0.0542132034355964,0.139));
#12849=CARTESIAN_POINT('',(0.0595,-0.0729226786692789,0.151922678669279));
#12850=CARTESIAN_POINT('',(0.0625,-0.063225979528178,0.142225979528178));
#12851=CARTESIAN_POINT('',(0.0625,-0.0586066017177982,0.137606601717798));
#12852=CARTESIAN_POINT('',(0.0625,-0.0704831917961628,0.149483191796163));
#12853=CARTESIAN_POINT('',(0.0595,-0.0704831917961628,0.149483191796163));
#12854=CARTESIAN_POINT('',(0.0625,-0.0586066017177982,0.137606601717798));
#12855=CARTESIAN_POINT('',(0.0595,-0.048,0.152790800564651));
#12856=CARTESIAN_POINT('',(0.074,-0.048,0.152790800564651));
#12857=CARTESIAN_POINT('',(0.074,-0.048,0.153));
#12858=CARTESIAN_POINT('',(0.074,-0.048,0.151330594651355));
#12859=CARTESIAN_POINT('',(0.0595,-0.048,0.151330594651355));
#12860=CARTESIAN_POINT('',(0.0625,-0.048,0.151330594651355));
#12861=CARTESIAN_POINT('',(0.0625,-0.048,0.145290800564651));
#12862=CARTESIAN_POINT('',(0.0625,-0.048,0.142));
#12863=CARTESIAN_POINT('',(0.0625,-0.048,0.142));
#12864=CARTESIAN_POINT('',(0.078,-0.048,0.153));
#12865=CARTESIAN_POINT('',(0.0595,0.0488420743597818,0.026));
#12866=CARTESIAN_POINT('',(0.074,0.0488420743597818,0.026));
#12867=CARTESIAN_POINT('',(0.074,0.0481331855667889,0.0178973640192502));
#12868=CARTESIAN_POINT('',(0.074,0.0443108622360932,0.019245494107819));
#12869=CARTESIAN_POINT('',(0.0595,0.0443108622360932,0.019245494107819));
#12870=CARTESIAN_POINT('',(0.0625,0.0443108622360932,0.019245494107819));
#12871=CARTESIAN_POINT('',(0.0625,0.0488420743597818,0.026));
#12872=CARTESIAN_POINT('',(0.0625,0.044176840666217,0.0326626442004507));
#12873=CARTESIAN_POINT('',(0.0625,0.044176840666217,0.0326626442004507));
#12874=CARTESIAN_POINT('',(0.0595,0.044176840666217,0.0326626442004507));
#12875=CARTESIAN_POINT('',(0.0595,0.0488420743597818,0.026));
#12876=CARTESIAN_POINT('',(0.0595,0.0481331855667889,0.0178973640192502));
#12877=CARTESIAN_POINT('',(0.0595,0.0481331855667889,0.0178973640192502));
#12878=CARTESIAN_POINT('',(0.0595,0.0655665927833945,0.0163721385211663));
#12879=CARTESIAN_POINT('',(0.078,0.0743486229709906,0.0156038104370092));
#12880=CARTESIAN_POINT('',(0.059484778792367,0.0743486229709906,0.0156038104370092));
#12881=CARTESIAN_POINT('',(0.074,0.0743486229709906,0.0156038104370092));
#12882=CARTESIAN_POINT('',(0.074,0.0481331855667889,0.0178973640192502));
#12883=CARTESIAN_POINT('',(0.0595,0.0655665927833945,0.0163721385211663));
#12884=CARTESIAN_POINT('',(0.0595,0.074,0.0156343109948156));
#12885=CARTESIAN_POINT('',(0.0555,0.074,0.0156343109948155));
#12886=CARTESIAN_POINT('',(0.0595,0.0703253085596697,0.0509719985320808));
#12887=CARTESIAN_POINT('',(0.0625,0.0509137288927782,0.037379864120765));
#12888=CARTESIAN_POINT('',(0.0625,0.0590694300791718,0.0430905475708638));
#12889=CARTESIAN_POINT('',(0.0595,0.0590694300791718,0.0430905475708638));
#12890=CARTESIAN_POINT('',(0.074,0.0590694300791718,0.0430905475708638));
#12891=CARTESIAN_POINT('',(0.074,0.078,0.0563458753320337));
#12892=CARTESIAN_POINT('',(0.074,0.0762943057454042,0.0551515353570847));
#12893=CARTESIAN_POINT('',(0.0595,0.0762943057454042,0.0551515353570847));
#12894=CARTESIAN_POINT('',(0.058776608177156,0.0762943057454042,0.0551515353570847));
#12895=CARTESIAN_POINT('',(0.0555,0.074,0.0535450451791948));
#12896=CARTESIAN_POINT('',(0.0595,0.074,0.0535450451791948));
#12897=CARTESIAN_POINT('',(0.0595,0.0703253085596697,0.0509719985320808));
#12898=CARTESIAN_POINT('',(0.0595,-0.00763877191084761,0.081));
#12899=CARTESIAN_POINT('',(0.0595,0.074,0.081));
#12900=CARTESIAN_POINT('',(0.0595,0.0488420743597818,0.026));
#12901=CARTESIAN_POINT('',(0.0595,0.0488420743597818,0.023));
#12902=CARTESIAN_POINT('',(0.0625,0.0488420743597818,0.026));
#12903=CARTESIAN_POINT('',(0.0625,0.0488420743597818,0.026));
#12904=CARTESIAN_POINT('',(0.0625,0.0488420743597818,0.023));
#12905=CARTESIAN_POINT('',(0.0625,-0.00763877191084761,0.081));
#12906=CARTESIAN_POINT('',(0.0625,0.0607901593882249,0.0406330914379968));
#12907=CARTESIAN_POINT('',(0.0625,0.0445894116800192,0.0196607171891721));
#12908=CARTESIAN_POINT('',(0.0625,-0.0542132034355964,0.142));
#12909=CARTESIAN_POINT('',(0.0625,-0.0542132034355964,0.142));
#12910=CARTESIAN_POINT('',(0.0625,-0.0542132034355964,0.142));
#12911=CARTESIAN_POINT('',(0.0625,-0.0542132034355964,0.142));
#12912=CARTESIAN_POINT('',(0.0625,-0.0542132034355964,0.139));
#12913=CARTESIAN_POINT('',(0.0625,-0.00763877191084761,0.081));
#12914=CARTESIAN_POINT('',(0.0625,-0.051,0.151330594651355));
#12915=CARTESIAN_POINT('',(0.0625,-0.0648263375466704,0.155140046045655));
#12916=CARTESIAN_POINT('',(0.0595,-0.044,0.153));
#12917=CARTESIAN_POINT('',(0.074,-0.044,0.153));
#12918=CARTESIAN_POINT('',(0.074,-0.044,0.152790800564651));
#12919=CARTESIAN_POINT('',(0.074,-0.044,0.151943015296037));
#12920=CARTESIAN_POINT('',(0.0641,0.059472801202121,0.153));
#12921=CARTESIAN_POINT('',(0.074,0.059472801202121,0.153));
#12922=CARTESIAN_POINT('',(0.074,0.059472801202121,0.1545));
#12923=CARTESIAN_POINT('',(0.074,0.059472801202121,0.143));
#12924=CARTESIAN_POINT('',(0.074,0.051972801202121,0.143));
#12925=CARTESIAN_POINT('',(0.074,0.0488420743597818,0.026));
#12926=CARTESIAN_POINT('',(0.078,0.0388227752688587,0.0191562018765198));
#12927=CARTESIAN_POINT('',(0.078,0.0394416030225973,0.0191781675417737));
#12928=CARTESIAN_POINT('',(0.0777966347193547,0.0406658678352448,0.0192139251817587));
#12929=CARTESIAN_POINT('',(0.0769968371158976,0.0423444710883573,0.0192397777621917));
#12930=CARTESIAN_POINT('',(0.0757881353570244,0.0437624475117314,0.0192454655882329));
#12931=CARTESIAN_POINT('',(0.0746242699749607,0.0443108622360928,0.019245494107819));
#12932=CARTESIAN_POINT('',(0.074,0.0443108622360928,0.019245494107819));
#12933=CARTESIAN_POINT('',(0.074,0.0477845625957983,0.0139125852268833));
#12934=CARTESIAN_POINT('',(0.074,-0.0120604569726324,0.019148346007608));
#12935=CARTESIAN_POINT('',(0.074,0.074,0.0116190316446422));
#12936=CARTESIAN_POINT('',(0.074,0.0706588777659712,0.0560886645598936));
#12937=CARTESIAN_POINT('',(0.074,0.06008568790671,0.0486852373175165));
#12938=CARTESIAN_POINT('',(0.074,0.074,0.0584281435342407));
#12939=CARTESIAN_POINT('',(0.0595,0.074,0.0116190316446421));
#12940=CARTESIAN_POINT('',(0.0555,0.074,0.0116190316446421));
#12941=CARTESIAN_POINT('',(0.0595,0.074,0.0584281435342407));
#12942=CARTESIAN_POINT('',(0.0555,0.074,0.0584281435342406));
#12943=CARTESIAN_POINT('',(0.0555,0.074,0.157));
#12944=CARTESIAN_POINT('',(0.0595,0.0445894116800192,0.0196607171891721));
#12945=CARTESIAN_POINT('',(0.074,0.0445894116800192,0.0196607171891721));
#12946=CARTESIAN_POINT('',(0.074,0.0443108622360931,0.019245494107819));
#12947=CARTESIAN_POINT('',(0.074,0.0431335894456129,0.0200352591663243));
#12948=CARTESIAN_POINT('',(0.074,0.0445458338086454,0.020158814538218));
#12949=CARTESIAN_POINT('',(0.0743032812387767,0.0443108622300213,0.0192454941118922));
#12950=CARTESIAN_POINT('',(0.0741698601630909,0.043133589446774,0.0200352591664232));
#12951=CARTESIAN_POINT('',(0.0743411913936202,0.0445458337998679,0.0201588145374501));
#12952=CARTESIAN_POINT('',(0.0748907151198044,0.0441868005338701,0.0192454003162384));
#12953=CARTESIAN_POINT('',(0.0744884766257437,0.0431618250123364,0.020037729458322));
#12954=CARTESIAN_POINT('',(0.0750020545097854,0.0444224821909477,0.0201480226700419));
#12955=CARTESIAN_POINT('',(0.0756960861969906,0.043709167150623,0.019244826905997));
#12956=CARTESIAN_POINT('',(0.0752078437882441,0.0430447108374095,0.0200274832956763));
#12957=CARTESIAN_POINT('',(0.0759080969716005,0.0439429502679359,0.0201060690629796));
#12958=CARTESIAN_POINT('',(0.0763804262918162,0.0430598152572565,0.0192426914709146));
#12959=CARTESIAN_POINT('',(0.0759613452394924,0.0426552578253582,0.019993410572146));
#12960=CARTESIAN_POINT('',(0.0766779795783435,0.0432813326536217,0.020048185022138));
#12961=CARTESIAN_POINT('',(0.0771372491357285,0.0420625559439862,0.0192354819893064));
#12962=CARTESIAN_POINT('',(0.0768213230758554,0.0419124949304849,0.019928427239157));
#12963=CARTESIAN_POINT('',(0.0775294052774282,0.0422496036870748,0.0199579204337338));
#12964=CARTESIAN_POINT('',(0.0778122074554023,0.0406238986402336,0.0192131586323145));
#12965=CARTESIAN_POINT('',(0.0776676330385743,0.0406367942160819,0.0198168178885938));
#12966=CARTESIAN_POINT('',(0.0782887333894729,0.0407292267511993,0.0198249046875584));
#12967=CARTESIAN_POINT('',(0.0780046487561875,0.0393920472100687,0.0191765761988562));
#12968=CARTESIAN_POINT('',(0.0779747488819957,0.0393662350364854,0.019705658364043));
#12969=CARTESIAN_POINT('',(0.078505229846204,0.0393983743722282,0.019708470191572));
#12970=CARTESIAN_POINT('',(0.0779998276361914,0.0387789014388933,0.0191546383214082));
#12971=CARTESIAN_POINT('',(0.078002083564463,0.0387355028763606,0.0196504764503091));
#12972=CARTESIAN_POINT('',(0.0784998060907153,0.038731485681854,0.0196501249913306));
#12973=CARTESIAN_POINT('',(0.0595,-0.0648263375466704,0.155140046045655));
#12974=CARTESIAN_POINT('',(0.0641,0.0346597403420617,0.157821031014316));
#12975=CARTESIAN_POINT('',(0.079,0.079,0.157));
#12976=CARTESIAN_POINT('',(0.079,0.079,0.158));
#12977=CARTESIAN_POINT('',(0.079,0.,0.158));
#12978=CARTESIAN_POINT('',(0.079,-0.079,0.158));
#12979=CARTESIAN_POINT('',(0.079,0.079,0.158));
#12980=CARTESIAN_POINT('',(-6.6880905097901E-19,-0.079,0.158));
#12981=CARTESIAN_POINT('',(0.0559878671968272,-0.079,0.158));
#12982=CARTESIAN_POINT('',(0.0559878671968272,-0.0813178121925756,0.161260022490712));
#12983=CARTESIAN_POINT('',(0.083002,-0.0813178121925756,0.161260022490712));
#12984=CARTESIAN_POINT('',(0.079,-0.0813178121925756,0.161260022490712));
#12985=CARTESIAN_POINT('',(0.079,-0.079,0.158));
#12986=CARTESIAN_POINT('',(-0.079,-0.079,0.158));
#12987=CARTESIAN_POINT('',(-0.079,-0.079,0.157));
#12988=CARTESIAN_POINT('',(-0.079,-0.079,0.158));
#12989=CARTESIAN_POINT('',(0.079,0.079,0.158));
#12990=CARTESIAN_POINT('',(0.079,0.079,0.158));
#12991=CARTESIAN_POINT('',(-0.079,-0.079,0.158));
#12992=CARTESIAN_POINT('',(-0.079,-0.079,0.158));
#12993=CARTESIAN_POINT('',(-1.32089787568354E-17,0.079,0.158));
#12994=CARTESIAN_POINT('',(-0.079,0.079,0.158));
#12995=CARTESIAN_POINT('',(-0.079,-1.38777878078145E-17,0.158));
#12996=CARTESIAN_POINT('',(-0.079,0.079,0.158));
#12997=CARTESIAN_POINT('',(-0.079,0.079,0.158));
#12998=CARTESIAN_POINT('',(-0.079,0.079,0.158));
#12999=CARTESIAN_POINT('',(-0.079,0.079,0.157));
#13000=CARTESIAN_POINT('',(0.0595,0.0607901593882249,0.0406330914379968));
#13001=CARTESIAN_POINT('',(0.074,0.0607901593882249,0.0406330914379968));
#13002=CARTESIAN_POINT('',(0.074,0.0578015752939497,0.0403716242097539));
#13003=CARTESIAN_POINT('',(0.074,0.0576506171193394,0.0420970840410795));
#13004=CARTESIAN_POINT('',(0.074,0.0590694300791718,0.0430905475708638));
#13005=CARTESIAN_POINT('',(0.0749217956507174,0.0578015752939506,0.0403716242097435));
#13006=CARTESIAN_POINT('',(0.074658425468832,0.0576506171193604,0.0420970840410691));
#13007=CARTESIAN_POINT('',(0.0745267403718449,0.0590694300791686,0.0430905475708616));
#13008=CARTESIAN_POINT('',(0.0767649466630243,0.0577644471131818,0.040796001257837));
#13009=CARTESIAN_POINT('',(0.0759912212064368,0.057617952890317,0.0424704378871251));
#13010=CARTESIAN_POINT('',(0.075579969521725,0.0591229905217422,0.043385407842291));
#13011=CARTESIAN_POINT('',(0.0791040799373564,0.05760595366663,0.0426075896415698));
#13012=CARTESIAN_POINT('',(0.077547020445333,0.0574817665238774,0.0440270551785991));
#13013=CARTESIAN_POINT('',(0.0769166171070624,0.0593516303033343,0.0446441126779089));
#13014=CARTESIAN_POINT('',(0.0806568389412423,0.0573690628522485,0.0453152640399933));
#13015=CARTESIAN_POINT('',(0.0783140437487099,0.0572874244932369,0.0462483947533714));
#13016=CARTESIAN_POINT('',(0.0778039079664211,0.0596933647109046,0.0465254246189462));
#13017=CARTESIAN_POINT('',(0.0810083767004543,0.0571832286956945,0.0474393581690454));
#13018=CARTESIAN_POINT('',(0.0781834085775365,0.0571532664876599,0.0477818277740513));
#13019=CARTESIAN_POINT('',(0.07800478668598,0.0599614457066317,0.0480012607280499));
#13020=CARTESIAN_POINT('',(0.0809996891097626,0.057090464423435,0.0484996586527989));
#13021=CARTESIAN_POINT('',(0.0779856190883538,0.0570926086168803,0.0484751504095717));
#13022=CARTESIAN_POINT('',(0.0779998223484358,0.0600952657692894,0.0487379652455243));
#13023=CARTESIAN_POINT('',(0.0595,-0.051,0.151330594651355));
#13024=CARTESIAN_POINT('',(0.074,-0.051,0.151330594651355));
#13025=CARTESIAN_POINT('',(0.074,-0.048,0.151330594651355));
#13026=CARTESIAN_POINT('',(0.074,-0.048,0.148581601129303));
#13027=CARTESIAN_POINT('',(0.074,-0.050738532771757,0.14834201055708));
#13028=CARTESIAN_POINT('',(0.0750534807436887,-0.048,0.151330594651381));
#13029=CARTESIAN_POINT('',(0.0751168227949408,-0.0480000000000064,0.148581601129252));
#13030=CARTESIAN_POINT('',(0.0758435913014329,-0.0507385327717548,0.14834201055708));
#13031=CARTESIAN_POINT('',(0.0771518327551838,-0.047122266539987,0.151464980174233));
#13032=CARTESIAN_POINT('',(0.0773539318831284,-0.0469811530365174,0.148670738688578));
#13033=CARTESIAN_POINT('',(0.0795157073215909,-0.0492024992167284,0.14847639607994));
#13034=CARTESIAN_POINT('',(0.0780097510235406,-0.0450157354017523,0.151787500963584));
#13035=CARTESIAN_POINT('',(0.0780753526975849,-0.0447467724092173,0.148866221663207));
#13036=CARTESIAN_POINT('',(0.08101706429118,-0.0455160697248373,0.148798916869368));
#13037=CARTESIAN_POINT('',(0.0779998223484358,-0.0439623014462674,0.151948787139182));
#13038=CARTESIAN_POINT('',(0.0779973561980673,-0.0437006425129187,0.148957746169868));
#13039=CARTESIAN_POINT('',(0.0809996891097626,-0.043672560302725,0.148960203044906));
#13040=CARTESIAN_POINT('',(0.083002,-0.0897976780071354,0.155231003846702));
#13041=CARTESIAN_POINT('',(0.0622040365853457,-0.097457879214517,0.149784750697641));
#13042=CARTESIAN_POINT('',(0.0618008301528389,-0.0964109677747549,0.150529084243358));
#13043=CARTESIAN_POINT('',(0.083002,-0.0964109677747549,0.150529084243358));
#13044=CARTESIAN_POINT('',(0.079,-0.0964109677747549,0.150529084243358));
#13045=CARTESIAN_POINT('',(0.079,-0.0859030614521965,0.158));
#13046=CARTESIAN_POINT('',(0.079,-0.079,0.157));
#13047=CARTESIAN_POINT('',(0.079,-0.079,0.0091746437716515));
#13048=CARTESIAN_POINT('',(0.079,-0.0908248243499409,0.144333004562422));
#13049=CARTESIAN_POINT('',(0.079,-0.0901472179372266,0.136587927824412));
#13050=CARTESIAN_POINT('',(0.079,-0.0813148974084668,0.118117101979628));
#13051=CARTESIAN_POINT('',(0.079,-0.0938330479734831,0.144296018180903));
#13052=CARTESIAN_POINT('',(0.079,-0.0942232921992679,0.148756530092473));
#13053=CARTESIAN_POINT('',(0.079,-0.0940931555821792,0.147269061752646));
#13054=CARTESIAN_POINT('',(0.079,-0.0269977584575735,0.194972576057897));
#13055=CARTESIAN_POINT('',(0.079,-0.0940931555821792,0.147269061752646));
#13056=CARTESIAN_POINT('',(0.079,-0.079,0.158));
#13057=CARTESIAN_POINT('',(0.079,-0.079,0.158));
#13058=CARTESIAN_POINT('',(0.0612727901159828,-0.083,0.00905364440077602));
#13059=CARTESIAN_POINT('',(0.061131378209935,-0.0829999999999999,0.00922807031165527));
#13060=CARTESIAN_POINT('',(0.0609908547830113,-0.0830251316639128,0.00940140031919205));
#13061=CARTESIAN_POINT('',(0.0607795183511414,-0.083,0.00865373535331353));
#13062=CARTESIAN_POINT('',(0.060762522339968,-0.0829999999999613,0.00882897778092451));
#13063=CARTESIAN_POINT('',(0.06074421890061,-0.0830077707947277,0.00900301015096907));
#13064=CARTESIAN_POINT('',(0.0597924758654888,-0.083,0.00891704520108017));
#13065=CARTESIAN_POINT('',(0.0600189089036441,-0.0830000000000179,0.00909368117155576));
#13066=CARTESIAN_POINT('',(0.0602506976577553,-0.0830192016133205,0.00926531993169861));
#13067=CARTESIAN_POINT('',(0.0583840058644521,-0.083,0.0122927126622024));
#13068=CARTESIAN_POINT('',(0.0589700252058059,-0.0829999999999951,0.0124835609835035));
#13069=CARTESIAN_POINT('',(0.0595464626572484,-0.0831657462391649,0.012628166399357));
#13070=CARTESIAN_POINT('',(0.0571067751348871,-0.083,0.018178932000518));
#13071=CARTESIAN_POINT('',(0.0580470492038447,-0.0830000000000014,0.0183896002020469));
#13072=CARTESIAN_POINT('',(0.0589078472924627,-0.0834212790545033,0.018492029513172));
#13073=CARTESIAN_POINT('',(0.0561833988971833,-0.083,0.0246609109738252));
#13074=CARTESIAN_POINT('',(0.0574170190110452,-0.0829999999999998,0.0248614228855535));
#13075=CARTESIAN_POINT('',(0.0584461591736117,-0.0837026750136065,0.0249493895300956));
#13076=CARTESIAN_POINT('',(0.0555372330150655,-0.083,0.0304701208021463));
#13077=CARTESIAN_POINT('',(0.0570024836722126,-0.0830000000000001,0.0306419998887085));
#13078=CARTESIAN_POINT('',(0.0581230762325526,-0.0839548646886989,0.0307365356207876));
#13079=CARTESIAN_POINT('',(0.0550987999695876,-0.083,0.0350639873405254));
#13080=CARTESIAN_POINT('',(0.056734899814525,-0.0829999999999998,0.035232853129621));
#13081=CARTESIAN_POINT('',(0.0579038597098138,-0.0841542938269082,0.0353129543703977));
#13082=CARTESIAN_POINT('',(0.0547064677983092,-0.083,0.0398229825248105));
#13083=CARTESIAN_POINT('',(0.0565119098997036,-0.0830000000000005,0.039986898868295));
#13084=CARTESIAN_POINT('',(0.0577076936241742,-0.0843608915372254,0.0400538745971156));
#13085=CARTESIAN_POINT('',(0.0542404815745375,-0.083,0.046311906876178));
#13086=CARTESIAN_POINT('',(0.0562685477724693,-0.0829999999999972,0.0465078175230421));
#13087=CARTESIAN_POINT('',(0.0574747005122903,-0.084642589009394,0.0465181536131442));
#13088=CARTESIAN_POINT('',(0.0536944427291972,-0.083,0.0557359395597885));
#13089=CARTESIAN_POINT('',(0.0560377228141041,-0.0830000000000234,0.0560330279631009));
#13090=CARTESIAN_POINT('',(0.057201681089606,-0.0850517055347621,0.0559063932385729));
#13091=CARTESIAN_POINT('',(0.0533401020600487,-0.083,0.064532806280584));
#13092=CARTESIAN_POINT('',(0.0559820323807123,-0.0829999999999491,0.0647187705144844));
#13093=CARTESIAN_POINT('',(0.0570245107550707,-0.0854335955037874,0.0646698489167809));
#13094=CARTESIAN_POINT('',(0.0531913784837527,-0.083,0.0692211338036406));
#13095=CARTESIAN_POINT('',(0.0559949275158714,-0.083,0.069310068255474));
#13096=CARTESIAN_POINT('',(0.0569501489668963,-0.0856371253863136,0.0693403698821455));
#13097=CARTESIAN_POINT('',(0.0607089194500401,-0.087,0.100615062193729));
#13098=CARTESIAN_POINT('',(0.0531913784837527,-0.087,0.0692211338036405));
#13099=CARTESIAN_POINT('',(0.0607089194500403,-0.0910427137068101,0.146823491307652));
#13100=CARTESIAN_POINT('',(0.0607089194500402,-0.0901472179372266,0.136587927824412));
#13101=CARTESIAN_POINT('',(0.0507573169218699,-0.087,0.145951925923646));
#13102=CARTESIAN_POINT('',(0.0505016459366852,-0.087,0.154011638760223));
#13103=CARTESIAN_POINT('',(0.0622002438023935,-0.095181300007872,0.147115586202804));
#13104=CARTESIAN_POINT('',(0.0618008301528388,-0.0938330479734832,0.144296018180903));
#13105=CARTESIAN_POINT('',(0.0543111380407878,-0.0848612283354273,0.156676703077567));
#13106=CARTESIAN_POINT('',(0.0532274653547159,-0.083,0.157137744816234));
#13107=CARTESIAN_POINT('',(0.0512007456182949,-0.083,0.158));
#13108=CARTESIAN_POINT('',(0.0541346863117277,-0.085057095960673,0.155945385539167));
#13109=CARTESIAN_POINT('',(0.052997977332095,-0.0829999999999956,0.156206298166195));
#13110=CARTESIAN_POINT('',(0.0506969696347567,-0.083,0.156815881020123));
#13111=CARTESIAN_POINT('',(0.0541172216556655,-0.0853242557041263,0.155068796540235));
#13112=CARTESIAN_POINT('',(0.0530312858145219,-0.0829999999999647,0.155128613797491));
#13113=CARTESIAN_POINT('',(0.0504562530459019,-0.083,0.155442593720805));
#13114=CARTESIAN_POINT('',(0.0542604164198288,-0.0856371253863135,0.154130874838728));
#13115=CARTESIAN_POINT('',(0.0533051949688038,-0.083,0.154100573212056));
#13116=CARTESIAN_POINT('',(0.0505016459366851,-0.083,0.154011638760223));
#13117=CARTESIAN_POINT('',(0.0512007456182949,-0.087,0.158));
#13118=CARTESIAN_POINT('',(0.0543111380407878,-0.0848612283354274,0.156676703077567));
#13119=CARTESIAN_POINT('',(0.0590689792542024,-0.087,0.152312156559215));
#13120=CARTESIAN_POINT('',(0.0512007456182948,-0.083,0.158));
#13121=CARTESIAN_POINT('',(0.0532274653547159,-0.083,0.157137744816234));
#13122=CARTESIAN_POINT('',(0.0543111380407877,-0.0848612283354274,0.156676703077567));
#13123=CARTESIAN_POINT('',(0.0517411946619367,-0.083,0.158635159268406));
#13124=CARTESIAN_POINT('',(0.053394636235225,-0.0831323858720285,0.157716879674925));
#13125=CARTESIAN_POINT('',(0.0545004348142531,-0.0846511022591891,0.157461257874027));
#13126=CARTESIAN_POINT('',(0.0531906825437429,-0.0826915894059857,0.159904878480205));
#13127=CARTESIAN_POINT('',(0.0540568241453485,-0.0831218248991245,0.159258489756056));
#13128=CARTESIAN_POINT('',(0.0550081300028196,-0.0837791321496185,0.159131656872589));
#13129=CARTESIAN_POINT('',(0.0550551789577648,-0.0818354705670106,0.160891977517012));
#13130=CARTESIAN_POINT('',(0.0553581821677533,-0.082016784721476,0.160763066701471));
#13131=CARTESIAN_POINT('',(0.0556611853822321,-0.0821980988709551,0.160634155889508));
#13132=CARTESIAN_POINT('',(0.0559878671968272,-0.0813178121925756,0.161260022490712));
#13133=CARTESIAN_POINT('',(0.0559878671968272,-0.0813178121925756,0.161260022490712));
#13134=CARTESIAN_POINT('',(0.0559878671968272,-0.0813178121925756,0.161260022490712));
#13135=CARTESIAN_POINT('',(0.0559878671968272,-0.079,0.158));
#13136=CARTESIAN_POINT('',(0.0618008301528388,-0.0940312978010853,0.146562024079409));
#13137=CARTESIAN_POINT('',(0.0618008301528388,-0.0940931555821792,0.147269061752646));
#13138=CARTESIAN_POINT('',(0.0626379710031873,-0.0962667626039546,0.14572366969744));
#13139=CARTESIAN_POINT('',(0.0618008301528389,-0.0940931555821793,0.147269061752646));
#13140=CARTESIAN_POINT('',(0.0618008301528389,-0.0940931555821792,0.147269061752646));
#13141=CARTESIAN_POINT('',(0.0618008301528388,-0.0940931555821793,0.147269061752646));
#13142=CARTESIAN_POINT('',(0.083002,-0.0940931555821793,0.147269061752646));
#13143=CARTESIAN_POINT('',(0.079,-0.0940931555821793,0.147269061752646));
#13144=CARTESIAN_POINT('',(0.079,-0.0940931555821792,0.147269061752646));
#13145=CARTESIAN_POINT('',(0.064,-0.081,0.148705934745577));
#13146=CARTESIAN_POINT('',(0.03895,-0.077998,0.0502500000000014));
#13147=CARTESIAN_POINT('',(0.03895,-0.077998,0.0861250000000014));
#13148=CARTESIAN_POINT('',(0.03895,-0.08,0.0861250000000014));
#13149=CARTESIAN_POINT('',(0.03895,-0.081,0.0861250000000014));
#13150=CARTESIAN_POINT('',(0.03895,-0.081,0.0502500000000014));
#13151=CARTESIAN_POINT('',(0.03895,-0.081,0.0143750000000014));
#13152=CARTESIAN_POINT('',(0.03895,-0.077998,0.0143750000000014));
#13153=CARTESIAN_POINT('',(0.03895,-0.08,0.0143750000000014));
#13154=CARTESIAN_POINT('',(0.03895,-0.08,0.0502500000000014));
#13155=CARTESIAN_POINT('',(0.03745,-0.077998,0.0861250000000014));
#13156=CARTESIAN_POINT('',(0.039701,-0.080249,0.0861250000000014));
#13157=CARTESIAN_POINT('',(0.03745,-0.08,0.0861250000000014));
#13158=CARTESIAN_POINT('',(0.03595,-0.08,0.0861250000000014));
#13159=CARTESIAN_POINT('',(0.03595,-0.077998,0.0861250000000014));
#13160=CARTESIAN_POINT('',(0.0417,-0.077998,0.0143750000000014));
#13161=CARTESIAN_POINT('',(0.0417,-0.081,0.0143750000000014));
#13162=CARTESIAN_POINT('',(0.04445,-0.081,0.0143750000000014));
#13163=CARTESIAN_POINT('',(0.04445,-0.077998,0.0143750000000014));
#13164=CARTESIAN_POINT('',(0.04445,-0.08,0.0143750000000014));
#13165=CARTESIAN_POINT('',(0.0417,-0.08,0.0143750000000014));
#13166=CARTESIAN_POINT('',(0.03595,-0.077998,0.0926250000000013));
#13167=CARTESIAN_POINT('',(0.03595,-0.08,0.0926250000000013));
#13168=CARTESIAN_POINT('',(0.03595,-0.08,0.0991250000000014));
#13169=CARTESIAN_POINT('',(0.03595,-0.077998,0.0991250000000014));
#13170=CARTESIAN_POINT('',(0.03745,-0.077998,0.0991250000000014));
#13171=CARTESIAN_POINT('',(0.03895,-0.077998,0.0991250000000014));
#13172=CARTESIAN_POINT('',(0.03895,-0.08,0.0991250000000014));
#13173=CARTESIAN_POINT('',(0.03895,-0.081,0.0991250000000014));
#13174=CARTESIAN_POINT('',(0.03695,-0.083,0.0991250000000014));
#13175=CARTESIAN_POINT('',(0.03745,-0.08,0.0991250000000014));
#13176=CARTESIAN_POINT('',(0.03895,-0.077998,0.102625000000001));
#13177=CARTESIAN_POINT('',(0.03895,-0.077998,0.106125000000001));
#13178=CARTESIAN_POINT('',(0.03895,-0.08,0.106125000000001));
#13179=CARTESIAN_POINT('',(0.03895,-0.081,0.106125000000001));
#13180=CARTESIAN_POINT('',(0.03895,-0.081,0.102625000000001));
#13181=CARTESIAN_POINT('',(0.03895,-0.08,0.102625000000001));
#13182=CARTESIAN_POINT('',(0.0417,-0.077998,0.106125000000001));
#13183=CARTESIAN_POINT('',(0.04445,-0.077998,0.106125000000001));
#13184=CARTESIAN_POINT('',(0.04445,-0.08,0.106125000000001));
#13185=CARTESIAN_POINT('',(0.04445,-0.081,0.106125000000001));
#13186=CARTESIAN_POINT('',(0.03895,-0.081,0.106125000000001));
#13187=CARTESIAN_POINT('',(0.0417,-0.08,0.106125000000001));
#13188=CARTESIAN_POINT('',(0.04445,-0.077998,0.0602500000000014));
#13189=CARTESIAN_POINT('',(0.04445,-0.081,0.106125000000001));
#13190=CARTESIAN_POINT('',(0.04445,-0.08,0.0602500000000014));
#13191=CARTESIAN_POINT('',(0.042575,-0.08,0.111500000000001));
#13192=CARTESIAN_POINT('',(0.0512,-0.08,0.111500000000001));
#13193=CARTESIAN_POINT('',(0.0512,-0.08,0.111500000000001));
#13194=CARTESIAN_POINT('',(0.042575,-0.08,0.111500000000001));
#13195=CARTESIAN_POINT('',(0.03395,-0.08,0.111500000000001));
#13196=CARTESIAN_POINT('',(0.03395,-0.08,0.111500000000001));
#13197=CARTESIAN_POINT('',(0.03395,-0.08,0.0602500000000014));
#13198=CARTESIAN_POINT('',(0.03395,-0.08,0.0602500000000014));
#13199=CARTESIAN_POINT('',(0.03395,-0.08,0.00900000000000138));
#13200=CARTESIAN_POINT('',(0.03395,-0.08,0.00900000000000138));
#13201=CARTESIAN_POINT('',(0.042575,-0.08,0.00900000000000138));
#13202=CARTESIAN_POINT('',(0.042575,-0.08,0.00900000000000138));
#13203=CARTESIAN_POINT('',(0.0512,-0.08,0.00900000000000138));
#13204=CARTESIAN_POINT('',(0.0512,-0.08,0.00900000000000138));
#13205=CARTESIAN_POINT('',(0.0512,-0.08,0.0602500000000014));
#13206=CARTESIAN_POINT('',(0.0512,-0.08,0.0602500000000014));
#13207=CARTESIAN_POINT('',(-5.01606788234258E-19,-0.08,0.079));
#13208=CARTESIAN_POINT('',(0.03695,-0.083,0.157));
#13209=CARTESIAN_POINT('',(0.0398666666666667,-0.0800833333333333,0.105208333333335));
#13210=CARTESIAN_POINT('',(0.0417,-0.081,0.106125000000001));
#13211=CARTESIAN_POINT('',(0.0291583333333333,-0.0657083333333333,0.0908333333333348));
#13212=CARTESIAN_POINT('',(0.04445,-0.081,0.0602500000000014));
#13213=CARTESIAN_POINT('',(0.0309666666666666,-0.0675166666666666,0.0278583333333346));
#13214=CARTESIAN_POINT('',(4.56153423114806E-17,-0.083,0.0123750000000014));
#13215=CARTESIAN_POINT('',(0.0851583333333326,-0.0347916666666672,0.0605833333333335));
#13216=CARTESIAN_POINT('',(0.03695,-0.083,0.157));
#13217=CARTESIAN_POINT('',(-0.062,-0.083002,0.141));
#13218=CARTESIAN_POINT('',(-0.062,-0.082,0.141));
#13219=CARTESIAN_POINT('',(-0.062,-0.082,0.13075));
#13220=CARTESIAN_POINT('',(-0.0325,-0.07,0.149));
#13221=CARTESIAN_POINT('',(-0.0325,-0.07,0.141));
#13222=CARTESIAN_POINT('',(-0.0325,-0.07,0.141));
#13223=CARTESIAN_POINT('',(-0.0325,-0.07,0.149));
#13224=CARTESIAN_POINT('',(-0.039,-0.07,0.141));
#13225=CARTESIAN_POINT('',(-0.039,-0.07,0.1345));
#13226=CARTESIAN_POINT('',(-0.039,-0.07,0.1345));
#13227=CARTESIAN_POINT('',(-0.039,-0.07,0.141));
#13228=CARTESIAN_POINT('',(-0.0437407470827021,-0.07,0.1345));
#13229=CARTESIAN_POINT('',(-0.0484814941654042,-0.07,0.1345));
#13230=CARTESIAN_POINT('',(-0.0484814941654042,-0.07,0.1345));
#13231=CARTESIAN_POINT('',(-0.0437407470827021,-0.07,0.1345));
#13232=CARTESIAN_POINT('',(-0.062,-0.07,0.141));
#13233=CARTESIAN_POINT('',(-0.077,-0.07,0.141));
#13234=CARTESIAN_POINT('',(-0.077,-0.07,0.141));
#13235=CARTESIAN_POINT('',(-0.062,-0.07,0.141));
#13236=CARTESIAN_POINT('',(-0.062,-0.07,0.141));
#13237=CARTESIAN_POINT('',(-0.062,-0.072,0.141));
#13238=CARTESIAN_POINT('',(-0.062,-0.072,0.1535));
#13239=CARTESIAN_POINT('',(-0.077,-0.07,0.149));
#13240=CARTESIAN_POINT('',(-0.077,-0.07,0.149));
#13241=CARTESIAN_POINT('',(-0.039,-0.07,0.141));
#13242=CARTESIAN_POINT('',(-0.039,-0.071,0.141));
#13243=CARTESIAN_POINT('',(-0.039,-0.071,0.1435));
#13244=CARTESIAN_POINT('',(-0.039,-0.078,0.141));
#13245=CARTESIAN_POINT('',(-0.0415,-0.078,0.141));
#13246=CARTESIAN_POINT('',(-1.42336285208353E-18,-0.07,0.0785));
#13247=CARTESIAN_POINT('',(-0.062,-0.07,0.141));
#13248=CARTESIAN_POINT('',(-0.0765,-0.07,0.141));
#13249=CARTESIAN_POINT('',(-0.039,-0.07,0.141));
#13250=CARTESIAN_POINT('',(-0.0425,-0.07,0.141));
#13251=CARTESIAN_POINT('',(0.,-0.078,0.157));
#13252=CARTESIAN_POINT('',(-0.039,-0.071,0.141));
#13253=CARTESIAN_POINT('',(-0.062,-0.083,0.141));
#13254=CARTESIAN_POINT('',(-0.062,-0.072,0.141));
#13255=MECHANICAL_DESIGN_GEOMETRIC_PRESENTATION_REPRESENTATION('',(#7599),
#13256);
#13256=(
GEOMETRIC_REPRESENTATION_CONTEXT(3)
GLOBAL_UNCERTAINTY_ASSIGNED_CONTEXT((#13257))
GLOBAL_UNIT_ASSIGNED_CONTEXT((#13260,#13259,#13258))
REPRESENTATION_CONTEXT('Hood','TOP_LEVEL_ASSEMBLY_PART')
);
#13257=UNCERTAINTY_MEASURE_WITH_UNIT(LENGTH_MEASURE(2.E-5),#13260,
'DISTANCE_ACCURACY_VALUE','Maximum Tolerance applied to model');
#13258=(
NAMED_UNIT(*)
SI_UNIT($,.STERADIAN.)
SOLID_ANGLE_UNIT()
);
#13259=(
NAMED_UNIT(*)
PLANE_ANGLE_UNIT()
SI_UNIT($,.RADIAN.)
);
#13260=(
LENGTH_UNIT()
NAMED_UNIT(*)
SI_UNIT($,.METRE.)
);
#13261=PRODUCT_DEFINITION_SHAPE('','',#13262);
#13262=PRODUCT_DEFINITION('','',#13264,#13263);
#13263=PRODUCT_DEFINITION_CONTEXT('',#13270,'design');
#13264=PRODUCT_DEFINITION_FORMATION_WITH_SPECIFIED_SOURCE('','',#13266,
 .NOT_KNOWN.);
#13265=PRODUCT_RELATED_PRODUCT_CATEGORY('','',(#13266));
#13266=PRODUCT('Hood','Hood','Hood',(#13268));
#13267=PRODUCT_CATEGORY('','');
#13268=PRODUCT_CONTEXT('',#13270,'mechanical');
#13269=APPLICATION_PROTOCOL_DEFINITION('international standard',
'ap242_managed_model_based_3d_engineering',2020,#13270);
#13270=APPLICATION_CONTEXT('managed model based 3d engineering');
ENDSEC;
END-ISO-10303-21;
