ISO-10303-21;
HEADER;
/* Generated by software containing ST-Developer
 * from STEP Tools, Inc. (www.steptools.com) 
 */
/* OPTION: using custom renumber hook */

FILE_DESCRIPTION(
/* description */ ('STEP AP242 Edition 2',
'CAx-IF Rec.Pracs.---Representation and Presentation of Product Manufa
cturing Information (PMI)---4.0---2014-10-13',
'CAx-IF Rec.Pracs.---3D Tessellated Geometry---0.4---2014-09-14','2;1',
'CAx-IF Rec.Pracs.---User Defined Attributes---1.5---2016-08-15'),
/* implementation_level */ '2;1');

FILE_NAME(
/* name */ 'Chassis - Base',
/* time_stamp */ '2026-07-28T04:27:53Z',
/* author */ (''),
/* organization */ (''),
/* preprocessor_version */ 'ST-DEVELOPER v20',
/* originating_system */ 'ONSHAPE BY PTC INC, 1.218',
/* authorisation */ '  ');

FILE_SCHEMA (('AP242_MANAGED_MODEL_BASED_3D_ENGINEERING_MIM_LF { 1 0 10303 442 3 1 4 }'));
ENDSEC;

DATA;
#10=SHAPE_REPRESENTATION_RELATIONSHIP('','',#3755,#11);
#11=ADVANCED_BREP_SHAPE_REPRESENTATION('',(#3753),#6797);
#12=CONICAL_SURFACE('',#4150,0.00375,0.785398163397449);
#13=CONICAL_SURFACE('',#4151,0.00375,0.785398163397449);
#14=CONICAL_SURFACE('',#4152,0.00375,0.785398163397449);
#15=CONICAL_SURFACE('',#4153,0.00375,0.785398163397449);
#16=CONICAL_SURFACE('',#4174,0.003,0.785398163397448);
#17=SPHERICAL_SURFACE('',#4134,0.004);
#18=SPHERICAL_SURFACE('',#4141,0.004);
#19=SPHERICAL_SURFACE('',#4143,0.004);
#20=SPHERICAL_SURFACE('',#4149,0.004);
#21=B_SPLINE_SURFACE_WITH_KNOTS('',1,3,((#6376,#6377,#6378,#6379),(#6380,
#6381,#6382,#6383)),.RULED_SURF.,.F.,.F.,.F.,(2,2),(4,4),(0.,1.),(0.,0.00369062844130091),
 .PIECEWISE_BEZIER_KNOTS.);
#22=B_SPLINE_SURFACE_WITH_KNOTS('',1,3,((#6388,#6389,#6390,#6391),(#6392,
#6393,#6394,#6395)),.RULED_SURF.,.F.,.F.,.F.,(2,2),(4,4),(0.,1.),(4.13924799132101,
4.71238898038469),.PIECEWISE_BEZIER_KNOTS.);
#23=B_SPLINE_SURFACE_WITH_KNOTS('',1,3,((#6405,#6406,#6407,#6408,#6409,
#6410),(#6411,#6412,#6413,#6414,#6415,#6416)),.RULED_SURF.,.F.,.F.,.F.,
(2,2),(4,2,4),(0.,1.),(1.5707963267949,2.35619449019234,3.1415926535898),
 .UNSPECIFIED.);
#24=B_SPLINE_SURFACE_WITH_KNOTS('',1,3,((#6426,#6427,#6428,#6429,#6430,
#6431),(#6432,#6433,#6434,#6435,#6436,#6437)),.RULED_SURF.,.F.,.F.,.F.,
(2,2),(4,2,4),(0.,1.),(3.1415926535898,3.92699081698724,4.71238898038469),
 .UNSPECIFIED.);
#25=B_SPLINE_SURFACE_WITH_KNOTS('',1,3,((#6447,#6448,#6449,#6450),(#6451,
#6452,#6453,#6454)),.RULED_SURF.,.F.,.F.,.F.,(2,2),(4,4),(0.,1.),(4.71238898038469,
5.28552996944837),.PIECEWISE_BEZIER_KNOTS.);
#26=B_SPLINE_SURFACE_WITH_KNOTS('',1,3,((#6459,#6460,#6461,#6462),(#6463,
#6464,#6465,#6466)),.RULED_SURF.,.F.,.F.,.F.,(2,2),(4,4),(0.,1.),(0.,0.00369062844130091),
 .PIECEWISE_BEZIER_KNOTS.);
#27=B_SPLINE_SURFACE_WITH_KNOTS('',1,3,((#6467,#6468,#6469,#6470),(#6471,
#6472,#6473,#6474)),.RULED_SURF.,.F.,.F.,.F.,(2,2),(4,4),(0.,1.),(0.,0.00369062844130091),
 .PIECEWISE_BEZIER_KNOTS.);
#28=B_SPLINE_SURFACE_WITH_KNOTS('',1,3,((#6479,#6480,#6481,#6482),(#6483,
#6484,#6485,#6486)),.RULED_SURF.,.F.,.F.,.F.,(2,2),(4,4),(0.,1.),(4.13924799132102,
4.71238898038469),.PIECEWISE_BEZIER_KNOTS.);
#29=B_SPLINE_SURFACE_WITH_KNOTS('',1,3,((#6496,#6497,#6498,#6499,#6500,
#6501),(#6502,#6503,#6504,#6505,#6506,#6507)),.RULED_SURF.,.F.,.F.,.F.,
(2,2),(4,2,4),(0.,1.),(1.5707963267949,2.35619449019234,3.1415926535898),
 .UNSPECIFIED.);
#30=B_SPLINE_SURFACE_WITH_KNOTS('',1,3,((#6517,#6518,#6519,#6520,#6521,
#6522),(#6523,#6524,#6525,#6526,#6527,#6528)),.RULED_SURF.,.F.,.F.,.F.,
(2,2),(4,2,4),(0.,1.),(2.44433355765166E-16,0.785398163397449,1.5707963267949),
 .UNSPECIFIED.);
#31=B_SPLINE_SURFACE_WITH_KNOTS('',1,3,((#6538,#6539,#6540,#6541),(#6542,
#6543,#6544,#6545)),.RULED_SURF.,.F.,.F.,.F.,(2,2),(4,4),(0.,1.),(4.71238898038469,
5.28552996944836),.PIECEWISE_BEZIER_KNOTS.);
#32=B_SPLINE_SURFACE_WITH_KNOTS('',1,3,((#6550,#6551,#6552,#6553),(#6554,
#6555,#6556,#6557)),.RULED_SURF.,.F.,.F.,.F.,(2,2),(4,4),(0.,1.),(0.,0.00369062844130091),
 .PIECEWISE_BEZIER_KNOTS.);
#33=(
BOUNDED_SURFACE()
B_SPLINE_SURFACE(3,2,((#6194,#6195,#6196),(#6197,#6198,#6199),(#6200,#6201,
#6202),(#6203,#6204,#6205),(#6206,#6207,#6208),(#6209,#6210,#6211),(#6212,
#6213,#6214),(#6215,#6216,#6217),(#6218,#6219,#6220)),.UNSPECIFIED.,.F.,
 .F.,.F.)
B_SPLINE_SURFACE_WITH_KNOTS((4,1,1,1,1,1,4),(3,3),(0.30834240498781,0.414989164237104,
0.468312543861751,0.521635923486398,0.574959303111045,0.628282682735692,
0.734929441984986),(0.,1.),.UNSPECIFIED.)
GEOMETRIC_REPRESENTATION_ITEM()
RATIONAL_B_SPLINE_SURFACE(((1.,0.70710678118655,1.),(1.,0.763395870547864,
1.),(1.,0.833723128519855,1.),(1.,0.897021382369238,1.),(1.,0.930734092396356,
1.),(1.,0.95976378751436,1.),(1.,0.986583423874582,1.),(1.,0.987459889240573,
1.),(1.,0.976846842930021,1.)))
REPRESENTATION_ITEM('')
SURFACE()
);
#34=(
BOUNDED_SURFACE()
B_SPLINE_SURFACE(3,2,((#6254,#6255,#6256),(#6257,#6258,#6259),(#6260,#6261,
#6262),(#6263,#6264,#6265),(#6266,#6267,#6268),(#6269,#6270,#6271),(#6272,
#6273,#6274),(#6275,#6276,#6277),(#6278,#6279,#6280)),.UNSPECIFIED.,.F.,
 .F.,.F.)
B_SPLINE_SURFACE_WITH_KNOTS((4,1,1,1,1,1,4),(3,3),(0.265070558015013,0.371717317264307,
0.425040696888954,0.478364076513601,0.531687456138248,0.585010835762895,
0.691657595012189),(0.,1.),.UNSPECIFIED.)
GEOMETRIC_REPRESENTATION_ITEM()
RATIONAL_B_SPLINE_SURFACE(((1.,0.976846842930018,1.),(1.,0.987459889237244,
1.),(1.,0.986583423875319,1.),(1.,0.959763787514237,1.),(1.,0.930734092396311,
1.),(1.,0.897021382369523,1.),(1.,0.833723128518257,1.),(1.,0.763395870554962,
1.),(1.,0.707106781186545,1.)))
REPRESENTATION_ITEM('')
SURFACE()
);
#35=ELLIPSE('',#3787,0.0116952176006523,0.004);
#36=ELLIPSE('',#3788,0.0116952176006523,0.004);
#37=ELLIPSE('',#3992,0.00141421356237309,0.001);
#38=ELLIPSE('',#3995,0.00141421356237309,0.001);
#39=ELLIPSE('',#4012,0.00141421356237309,0.001);
#40=ELLIPSE('',#4014,0.00141421356237309,0.001);
#41=ELLIPSE('',#4031,0.00203085322377149,0.002);
#42=ELLIPSE('',#4033,0.00282842712474619,0.002);
#43=ELLIPSE('',#4035,0.00282842712474619,0.002);
#44=ELLIPSE('',#4037,0.00203085322377149,0.002);
#45=ELLIPSE('',#4044,0.011170412468956,0.002);
#46=ELLIPSE('',#4047,0.00282842712474619,0.002);
#47=ELLIPSE('',#4049,0.00282842712474619,0.002);
#48=ELLIPSE('',#4051,0.00203085322377149,0.002);
#49=ELLIPSE('',#4058,0.011170412468956,0.002);
#50=ELLIPSE('',#4061,0.00282842712474619,0.002);
#51=ELLIPSE('',#4063,0.00282842712474619,0.002);
#52=ELLIPSE('',#4065,0.00203085322377149,0.002);
#53=ELLIPSE('',#4088,0.00108239220029239,0.001);
#54=ELLIPSE('',#4097,0.00108239220029239,0.001);
#55=ELLIPSE('',#4180,0.00424264068711928,0.003);
#56=ELLIPSE('',#4181,0.00424264068711928,0.003);
#57=ELLIPSE('',#4183,0.00424264068711928,0.003);
#58=ELLIPSE('',#4185,0.00424264068711928,0.003);
#59=ELLIPSE('',#4189,0.00424264068711928,0.003);
#60=ELLIPSE('',#4191,0.00424264068711928,0.003);
#61=B_SPLINE_CURVE_WITH_KNOTS('',3,(#5338,#5339,#5340,#5341,#5342,#5343),
 .UNSPECIFIED.,.F.,.F.,(4,1,1,4),(0.000817724341862211,0.00215615932319603,
0.00349459430452985,0.00617146426719749),.UNSPECIFIED.);
#62=B_SPLINE_CURVE_WITH_KNOTS('',3,(#5347,#5348,#5349,#5350,#5351,#5352,
#5353),.UNSPECIFIED.,.F.,.F.,(4,1,1,1,4),(0.0153834452243216,0.0167917380438333,
0.018200030863345,0.0196083236828567,0.0210166165023684),.UNSPECIFIED.);
#63=B_SPLINE_CURVE_WITH_KNOTS('',3,(#5853,#5854,#5855,#5856),
 .UNSPECIFIED.,.F.,.F.,(4,4),(0.,1.),.UNSPECIFIED.);
#64=B_SPLINE_CURVE_WITH_KNOTS('',3,(#5859,#5860,#5861,#5862,#5863,#5864,
#5865,#5866,#5867,#5868,#5869,#5870,#5871),.UNSPECIFIED.,.F.,.F.,(4,1,1,
1,1,1,1,1,1,1,4),(0.,0.25,0.375,0.4375,0.46875,0.5,0.53125,0.5625,0.625,
0.75,1.),.UNSPECIFIED.);
#65=B_SPLINE_CURVE_WITH_KNOTS('',3,(#5875,#5876,#5877,#5878,#5879,#5880,
#5881,#5882,#5883,#5884,#5885,#5886,#5887),.UNSPECIFIED.,.F.,.F.,(4,1,1,
1,1,1,1,1,1,1,4),(0.,0.25,0.375,0.4375,0.46875,0.5,0.53125,0.5625,0.625,
0.75,1.),.UNSPECIFIED.);
#66=B_SPLINE_CURVE_WITH_KNOTS('',3,(#5889,#5890,#5891,#5892),
 .UNSPECIFIED.,.F.,.F.,(4,4),(0.,1.),.UNSPECIFIED.);
#67=B_SPLINE_CURVE_WITH_KNOTS('',3,(#5896,#5897,#5898,#5899,#5900),
 .UNSPECIFIED.,.F.,.F.,(4,1,4),(0.,0.5,1.),.UNSPECIFIED.);
#68=B_SPLINE_CURVE_WITH_KNOTS('',3,(#5904,#5905,#5906,#5907,#5908),
 .UNSPECIFIED.,.F.,.F.,(4,1,4),(0.,0.5,1.),.UNSPECIFIED.);
#69=B_SPLINE_CURVE_WITH_KNOTS('',3,(#5911,#5912,#5913,#5914),
 .UNSPECIFIED.,.F.,.F.,(4,4),(0.,1.),.UNSPECIFIED.);
#70=B_SPLINE_CURVE_WITH_KNOTS('',3,(#5917,#5918,#5919,#5920,#5921,#5922,
#5923,#5924,#5925,#5926,#5927,#5928,#5929),.UNSPECIFIED.,.F.,.F.,(4,1,1,
1,1,1,1,1,1,1,4),(0.,0.25,0.375,0.4375,0.46875,0.5,0.53125,0.5625,0.625,
0.75,1.),.UNSPECIFIED.);
#71=B_SPLINE_CURVE_WITH_KNOTS('',3,(#5933,#5934,#5935,#5936,#5937,#5938,
#5939,#5940,#5941,#5942,#5943,#5944,#5945),.UNSPECIFIED.,.F.,.F.,(4,1,1,
1,1,1,1,1,1,1,4),(0.,0.25,0.375,0.4375,0.46875,0.5,0.53125,0.5625,0.625,
0.75,1.),.UNSPECIFIED.);
#72=B_SPLINE_CURVE_WITH_KNOTS('',3,(#5947,#5948,#5949,#5950),
 .UNSPECIFIED.,.F.,.F.,(4,4),(0.,1.),.UNSPECIFIED.);
#73=B_SPLINE_CURVE_WITH_KNOTS('',3,(#5954,#5955,#5956,#5957,#5958),
 .UNSPECIFIED.,.F.,.F.,(4,1,4),(0.,0.5,1.),.UNSPECIFIED.);
#74=B_SPLINE_CURVE_WITH_KNOTS('',3,(#5962,#5963,#5964,#5965,#5966),
 .UNSPECIFIED.,.F.,.F.,(4,1,4),(0.,0.5,1.),.UNSPECIFIED.);
#75=B_SPLINE_CURVE_WITH_KNOTS('',3,(#6032,#6033,#6034,#6035),
 .UNSPECIFIED.,.F.,.F.,(4,4),(0.,0.00105505877764486),.UNSPECIFIED.);
#76=B_SPLINE_CURVE_WITH_KNOTS('',3,(#6036,#6037,#6038,#6039),
 .UNSPECIFIED.,.F.,.F.,(4,4),(0.,0.00105449914947239),.UNSPECIFIED.);
#77=B_SPLINE_CURVE_WITH_KNOTS('',3,(#6142,#6143,#6144,#6145,#6146,#6147,
#6148,#6149,#6150,#6151,#6152,#6153,#6154,#6155,#6156,#6157,#6158,#6159,
#6160),.UNSPECIFIED.,.F.,.F.,(4,1,1,1,1,1,1,1,1,1,1,1,1,1,1,1,4),(0.,0.0625,
0.125,0.1875,0.21875,0.234375,0.25,0.265625,0.28125,0.3125,0.375,0.4375,
0.5,0.5625,0.625,0.75,1.),.UNSPECIFIED.);
#78=B_SPLINE_CURVE_WITH_KNOTS('',3,(#6167,#6168,#6169,#6170,#6171,#6172,
#6173,#6174,#6175,#6176,#6177,#6178,#6179,#6180,#6181,#6182,#6183,#6184,
#6185),.UNSPECIFIED.,.F.,.F.,(4,1,1,1,1,1,1,1,1,1,1,1,1,1,1,1,4),(0.,0.25,
0.375,0.4375,0.5,0.5625,0.625,0.6875,0.71875,0.734375,0.75,0.765625,0.78125,
0.8125,0.875,0.9375,1.),.UNSPECIFIED.);
#79=B_SPLINE_CURVE_WITH_KNOTS('',3,(#6229,#6230,#6231,#6232,#6233,#6234,
#6235,#6236,#6237,#6238,#6239,#6240,#6241,#6242,#6243,#6244,#6245,#6246,
#6247),.UNSPECIFIED.,.F.,.F.,(4,1,1,1,1,1,1,1,1,1,1,1,1,1,1,1,4),(0.,0.25,
0.375,0.4375,0.5,0.5625,0.625,0.6875,0.71875,0.734375,0.75,0.765625,0.78125,
0.8125,0.875,0.9375,1.),.UNSPECIFIED.);
#80=B_SPLINE_CURVE_WITH_KNOTS('',3,(#6289,#6290,#6291,#6292,#6293,#6294,
#6295,#6296,#6297,#6298,#6299,#6300,#6301,#6302,#6303,#6304,#6305,#6306,
#6307),.UNSPECIFIED.,.F.,.F.,(4,1,1,1,1,1,1,1,1,1,1,1,1,1,1,1,4),(0.,0.0625,
0.125,0.1875,0.21875,0.234375,0.25,0.265625,0.28125,0.3125,0.375,0.4375,
0.5,0.5625,0.625,0.75,1.),.UNSPECIFIED.);
#81=B_SPLINE_CURVE_WITH_KNOTS('',3,(#6311,#6312,#6313,#6314),
 .UNSPECIFIED.,.F.,.F.,(4,4),(0.,1.),.UNSPECIFIED.);
#82=B_SPLINE_CURVE_WITH_KNOTS('',3,(#6316,#6317,#6318,#6319),
 .UNSPECIFIED.,.F.,.F.,(4,4),(0.,1.),.UNSPECIFIED.);
#83=B_SPLINE_CURVE_WITH_KNOTS('',3,(#6325,#6326,#6327,#6328),
 .UNSPECIFIED.,.F.,.F.,(4,4),(0.,1.),.UNSPECIFIED.);
#84=B_SPLINE_CURVE_WITH_KNOTS('',3,(#6332,#6333,#6334,#6335),
 .UNSPECIFIED.,.F.,.F.,(4,4),(0.,1.),.UNSPECIFIED.);
#85=B_SPLINE_CURVE_WITH_KNOTS('',3,(#6341,#6342,#6343,#6344),
 .UNSPECIFIED.,.F.,.F.,(4,4),(0.,1.),.UNSPECIFIED.);
#86=B_SPLINE_CURVE_WITH_KNOTS('',3,(#6348,#6349,#6350,#6351),
 .UNSPECIFIED.,.F.,.F.,(4,4),(0.,1.),.UNSPECIFIED.);
#87=B_SPLINE_CURVE_WITH_KNOTS('',3,(#6361,#6362,#6363,#6364),
 .UNSPECIFIED.,.F.,.F.,(4,4),(0.,1.),.UNSPECIFIED.);
#88=B_SPLINE_CURVE_WITH_KNOTS('',3,(#6366,#6367,#6368,#6369),
 .UNSPECIFIED.,.F.,.F.,(4,4),(0.,1.),.UNSPECIFIED.);
#89=B_SPLINE_CURVE_WITH_KNOTS('',3,(#6384,#6385,#6386,#6387),
 .UNSPECIFIED.,.F.,.F.,(4,4),(0.,1.),.UNSPECIFIED.);
#90=B_SPLINE_CURVE_WITH_KNOTS('',3,(#6396,#6397,#6398,#6399),
 .UNSPECIFIED.,.F.,.F.,(4,4),(0.,1.),.UNSPECIFIED.);
#91=B_SPLINE_CURVE_WITH_KNOTS('',3,(#6401,#6402,#6403,#6404),
 .UNSPECIFIED.,.F.,.F.,(4,4),(0.,1.),.UNSPECIFIED.);
#92=B_SPLINE_CURVE_WITH_KNOTS('',3,(#6417,#6418,#6419,#6420),
 .UNSPECIFIED.,.F.,.F.,(4,4),(0.,1.),.UNSPECIFIED.);
#93=B_SPLINE_CURVE_WITH_KNOTS('',3,(#6422,#6423,#6424,#6425),
 .UNSPECIFIED.,.F.,.F.,(4,4),(0.,1.),.UNSPECIFIED.);
#94=B_SPLINE_CURVE_WITH_KNOTS('',3,(#6438,#6439,#6440,#6441),
 .UNSPECIFIED.,.F.,.F.,(4,4),(0.,1.),.UNSPECIFIED.);
#95=B_SPLINE_CURVE_WITH_KNOTS('',3,(#6443,#6444,#6445,#6446),
 .UNSPECIFIED.,.F.,.F.,(4,4),(0.,1.),.UNSPECIFIED.);
#96=B_SPLINE_CURVE_WITH_KNOTS('',3,(#6455,#6456,#6457,#6458),
 .UNSPECIFIED.,.F.,.F.,(4,4),(0.,1.),.UNSPECIFIED.);
#97=B_SPLINE_CURVE_WITH_KNOTS('',3,(#6475,#6476,#6477,#6478),
 .UNSPECIFIED.,.F.,.F.,(4,4),(0.,1.),.UNSPECIFIED.);
#98=B_SPLINE_CURVE_WITH_KNOTS('',3,(#6487,#6488,#6489,#6490),
 .UNSPECIFIED.,.F.,.F.,(4,4),(0.,1.),.UNSPECIFIED.);
#99=B_SPLINE_CURVE_WITH_KNOTS('',3,(#6492,#6493,#6494,#6495),
 .UNSPECIFIED.,.F.,.F.,(4,4),(0.,1.),.UNSPECIFIED.);
#100=B_SPLINE_CURVE_WITH_KNOTS('',3,(#6508,#6509,#6510,#6511),
 .UNSPECIFIED.,.F.,.F.,(4,4),(0.,1.),.UNSPECIFIED.);
#101=B_SPLINE_CURVE_WITH_KNOTS('',3,(#6513,#6514,#6515,#6516),
 .UNSPECIFIED.,.F.,.F.,(4,4),(0.,1.),.UNSPECIFIED.);
#102=B_SPLINE_CURVE_WITH_KNOTS('',3,(#6529,#6530,#6531,#6532),
 .UNSPECIFIED.,.F.,.F.,(4,4),(0.,1.),.UNSPECIFIED.);
#103=B_SPLINE_CURVE_WITH_KNOTS('',3,(#6534,#6535,#6536,#6537),
 .UNSPECIFIED.,.F.,.F.,(4,4),(0.,1.),.UNSPECIFIED.);
#104=B_SPLINE_CURVE_WITH_KNOTS('',3,(#6546,#6547,#6548,#6549),
 .UNSPECIFIED.,.F.,.F.,(4,4),(0.,1.),.UNSPECIFIED.);
#105=B_SPLINE_CURVE_WITH_KNOTS('',3,(#6726,#6727,#6728,#6729,#6730,#6731),
 .UNSPECIFIED.,.F.,.F.,(4,1,1,4),(0.000126005548148037,0.00278147916056503,
0.00410921596677353,0.00543695277298202),.UNSPECIFIED.);
#106=B_SPLINE_CURVE_WITH_KNOTS('',3,(#6732,#6733,#6734,#6735,#6736,#6737),
 .UNSPECIFIED.,.F.,.F.,(4,1,1,4),(0.00186936951017949,0.00309217667658118,
0.00431498384298286,0.00676059817578623),.UNSPECIFIED.);
#107=B_SPLINE_CURVE_WITH_KNOTS('',3,(#6739,#6740,#6741,#6742,#6743,#6744,
#6745),.UNSPECIFIED.,.F.,.F.,(4,1,1,1,4),(0.0012662589531607,0.00373461038552751,
0.00620296181789431,0.00867131325026111,0.0111396646826279),
 .UNSPECIFIED.);
#108=B_SPLINE_CURVE_WITH_KNOTS('',3,(#6747,#6748,#6749,#6750,#6751,#6752,
#6753),.UNSPECIFIED.,.F.,.F.,(4,1,1,1,4),(-1.3646454093118E-5,0.00277149096786585,
0.00555662838982482,0.00834176581178379,0.0111269032337428),
 .UNSPECIFIED.);
#109=B_SPLINE_CURVE_WITH_KNOTS('',3,(#6763,#6764,#6765,#6766,#6767,#6768,
#6769),.UNSPECIFIED.,.F.,.F.,(4,1,1,1,4),(0.0150308895955934,0.0164414553230821,
0.0178520210505707,0.0192625867780594,0.020673152505548),.UNSPECIFIED.);
#110=B_SPLINE_CURVE_WITH_KNOTS('',3,(#6770,#6771,#6772,#6773,#6774,#6775,
#6776),.UNSPECIFIED.,.F.,.F.,(4,1,1,1,4),(0.0179007846576632,0.0193110388814402,
0.0207212931052172,0.0221315473289942,0.0235418015527713),.UNSPECIFIED.);
#111=B_SPLINE_CURVE_WITH_KNOTS('',3,(#6778,#6779,#6780,#6781,#6782),
 .UNSPECIFIED.,.F.,.F.,(4,1,4),(0.0196456714084895,0.0209752858868666,0.0223049003652438),
 .UNSPECIFIED.);
#112=B_SPLINE_CURVE_WITH_KNOTS('',3,(#6784,#6785,#6786,#6787,#6788),
 .UNSPECIFIED.,.F.,.F.,(4,1,4),(0.0196603065516658,0.0209329041327325,0.0222055017137991),
 .UNSPECIFIED.);
#113=TOROIDAL_SURFACE('',#3769,0.0085,0.003);
#114=TOROIDAL_SURFACE('',#4041,0.008,0.002);
#115=TOROIDAL_SURFACE('',#4055,0.008,0.002);
#116=TOROIDAL_SURFACE('',#4067,0.011,0.001);
#117=TOROIDAL_SURFACE('',#4071,0.007,0.001);
#118=TOROIDAL_SURFACE('',#4074,0.011,0.001);
#119=TOROIDAL_SURFACE('',#4078,0.007,0.001);
#120=TOROIDAL_SURFACE('',#4081,0.011,0.001);
#121=TOROIDAL_SURFACE('',#4085,0.007,0.001);
#122=TOROIDAL_SURFACE('',#4090,0.011,0.001);
#123=TOROIDAL_SURFACE('',#4094,0.007,0.001);
#124=TOROIDAL_SURFACE('',#4186,0.0085,0.003);
#125=TOROIDAL_SURFACE('',#4187,0.0085,0.003);
#126=TOROIDAL_SURFACE('',#4196,0.0085,0.003);
#127=TOROIDAL_SURFACE('',#4197,0.0085,0.003);
#128=PLANE('',#3760);
#129=PLANE('',#3763);
#130=PLANE('',#3766);
#131=PLANE('',#3771);
#132=PLANE('',#3772);
#133=PLANE('',#3774);
#134=PLANE('',#3775);
#135=PLANE('',#3776);
#136=PLANE('',#3850);
#137=PLANE('',#3984);
#138=PLANE('',#3989);
#139=PLANE('',#3990);
#140=PLANE('',#3991);
#141=PLANE('',#3996);
#142=PLANE('',#3997);
#143=PLANE('',#3998);
#144=PLANE('',#4000);
#145=PLANE('',#4002);
#146=PLANE('',#4004);
#147=PLANE('',#4006);
#148=PLANE('',#4007);
#149=PLANE('',#4009);
#150=PLANE('',#4011);
#151=PLANE('',#4013);
#152=PLANE('',#4099);
#153=PLANE('',#4100);
#154=PLANE('',#4101);
#155=PLANE('',#4102);
#156=PLANE('',#4103);
#157=PLANE('',#4104);
#158=PLANE('',#4111);
#159=PLANE('',#4118);
#160=PLANE('',#4119);
#161=PLANE('',#4124);
#162=PLANE('',#4127);
#163=PLANE('',#4130);
#164=PLANE('',#4133);
#165=PLANE('',#4154);
#166=PLANE('',#4157);
#167=PLANE('',#4158);
#168=PLANE('',#4159);
#169=PLANE('',#4162);
#170=PLANE('',#4163);
#171=PLANE('',#4167);
#172=PLANE('',#4168);
#173=PLANE('',#4169);
#174=PLANE('',#4170);
#175=PLANE('',#4171);
#176=PLANE('',#4178);
#177=PLANE('',#4198);
#178=PLANE('',#4199);
#179=PLANE('',#4200);
#180=PLANE('',#4201);
#181=PLANE('',#4202);
#182=PLANE('',#4203);
#183=LINE('',#5310,#388);
#184=LINE('',#5314,#389);
#185=LINE('',#5321,#390);
#186=LINE('',#5322,#391);
#187=LINE('',#5329,#392);
#188=LINE('',#5336,#393);
#189=LINE('',#5355,#394);
#190=LINE('',#5358,#395);
#191=LINE('',#5360,#396);
#192=LINE('',#5362,#397);
#193=LINE('',#5364,#398);
#194=LINE('',#5368,#399);
#195=LINE('',#5370,#400);
#196=LINE('',#5372,#401);
#197=LINE('',#5374,#402);
#198=LINE('',#5377,#403);
#199=LINE('',#5379,#404);
#200=LINE('',#5381,#405);
#201=LINE('',#5383,#406);
#202=LINE('',#5386,#407);
#203=LINE('',#5388,#408);
#204=LINE('',#5390,#409);
#205=LINE('',#5395,#410);
#206=LINE('',#5399,#411);
#207=LINE('',#5400,#412);
#208=LINE('',#5402,#413);
#209=LINE('',#5403,#414);
#210=LINE('',#5406,#415);
#211=LINE('',#5410,#416);
#212=LINE('',#5414,#417);
#213=LINE('',#5416,#418);
#214=LINE('',#5418,#419);
#215=LINE('',#5420,#420);
#216=LINE('',#5422,#421);
#217=LINE('',#5424,#422);
#218=LINE('',#5428,#423);
#219=LINE('',#5432,#424);
#220=LINE('',#5436,#425);
#221=LINE('',#5440,#426);
#222=LINE('',#5444,#427);
#223=LINE('',#5447,#428);
#224=LINE('',#5450,#429);
#225=LINE('',#5452,#430);
#226=LINE('',#5454,#431);
#227=LINE('',#5456,#432);
#228=LINE('',#5458,#433);
#229=LINE('',#5460,#434);
#230=LINE('',#5462,#435);
#231=LINE('',#5466,#436);
#232=LINE('',#5470,#437);
#233=LINE('',#5472,#438);
#234=LINE('',#5474,#439);
#235=LINE('',#5598,#440);
#236=LINE('',#5600,#441);
#237=LINE('',#5602,#442);
#238=LINE('',#5607,#443);
#239=LINE('',#5608,#444);
#240=LINE('',#5613,#445);
#241=LINE('',#5614,#446);
#242=LINE('',#5619,#447);
#243=LINE('',#5620,#448);
#244=LINE('',#5625,#449);
#245=LINE('',#5626,#450);
#246=LINE('',#5631,#451);
#247=LINE('',#5632,#452);
#248=LINE('',#5637,#453);
#249=LINE('',#5638,#454);
#250=LINE('',#5643,#455);
#251=LINE('',#5644,#456);
#252=LINE('',#5649,#457);
#253=LINE('',#5650,#458);
#254=LINE('',#5655,#459);
#255=LINE('',#5656,#460);
#256=LINE('',#5661,#461);
#257=LINE('',#5662,#462);
#258=LINE('',#5667,#463);
#259=LINE('',#5668,#464);
#260=LINE('',#5673,#465);
#261=LINE('',#5674,#466);
#262=LINE('',#5679,#467);
#263=LINE('',#5680,#468);
#264=LINE('',#5685,#469);
#265=LINE('',#5686,#470);
#266=LINE('',#5691,#471);
#267=LINE('',#5692,#472);
#268=LINE('',#5697,#473);
#269=LINE('',#5698,#474);
#270=LINE('',#5845,#475);
#271=LINE('',#5848,#476);
#272=LINE('',#5850,#477);
#273=LINE('',#5852,#478);
#274=LINE('',#5873,#479);
#275=LINE('',#5894,#480);
#276=LINE('',#5902,#481);
#277=LINE('',#5910,#482);
#278=LINE('',#5931,#483);
#279=LINE('',#5952,#484);
#280=LINE('',#5960,#485);
#281=LINE('',#5968,#486);
#282=LINE('',#5970,#487);
#283=LINE('',#5973,#488);
#284=LINE('',#5975,#489);
#285=LINE('',#5977,#490);
#286=LINE('',#5979,#491);
#287=LINE('',#5982,#492);
#288=LINE('',#5984,#493);
#289=LINE('',#5986,#494);
#290=LINE('',#5988,#495);
#291=LINE('',#5991,#496);
#292=LINE('',#5993,#497);
#293=LINE('',#5995,#498);
#294=LINE('',#5999,#499);
#295=LINE('',#6001,#500);
#296=LINE('',#6003,#501);
#297=LINE('',#6007,#502);
#298=LINE('',#6011,#503);
#299=LINE('',#6013,#504);
#300=LINE('',#6015,#505);
#301=LINE('',#6019,#506);
#302=LINE('',#6021,#507);
#303=LINE('',#6024,#508);
#304=LINE('',#6025,#509);
#305=LINE('',#6027,#510);
#306=LINE('',#6030,#511);
#307=LINE('',#6041,#512);
#308=LINE('',#6043,#513);
#309=LINE('',#6047,#514);
#310=LINE('',#6049,#515);
#311=LINE('',#6051,#516);
#312=LINE('',#6054,#517);
#313=LINE('',#6056,#518);
#314=LINE('',#6060,#519);
#315=LINE('',#6062,#520);
#316=LINE('',#6063,#521);
#317=LINE('',#6068,#522);
#318=LINE('',#6069,#523);
#319=LINE('',#6071,#524);
#320=LINE('',#6073,#525);
#321=LINE('',#6076,#526);
#322=LINE('',#6078,#527);
#323=LINE('',#6080,#528);
#324=LINE('',#6081,#529);
#325=LINE('',#6083,#530);
#326=LINE('',#6087,#531);
#327=LINE('',#6089,#532);
#328=LINE('',#6091,#533);
#329=LINE('',#6093,#534);
#330=LINE('',#6096,#535);
#331=LINE('',#6098,#536);
#332=LINE('',#6100,#537);
#333=LINE('',#6101,#538);
#334=LINE('',#6103,#539);
#335=LINE('',#6107,#540);
#336=LINE('',#6110,#541);
#337=LINE('',#6112,#542);
#338=LINE('',#6116,#543);
#339=LINE('',#6118,#544);
#340=LINE('',#6119,#545);
#341=LINE('',#6121,#546);
#342=LINE('',#6124,#547);
#343=LINE('',#6562,#548);
#344=LINE('',#6563,#549);
#345=LINE('',#6568,#550);
#346=LINE('',#6572,#551);
#347=LINE('',#6590,#552);
#348=LINE('',#6594,#553);
#349=LINE('',#6600,#554);
#350=LINE('',#6601,#555);
#351=LINE('',#6603,#556);
#352=LINE('',#6608,#557);
#353=LINE('',#6609,#558);
#354=LINE('',#6611,#559);
#355=LINE('',#6639,#560);
#356=LINE('',#6644,#561);
#357=LINE('',#6646,#562);
#358=LINE('',#6648,#563);
#359=LINE('',#6650,#564);
#360=LINE('',#6652,#565);
#361=LINE('',#6653,#566);
#362=LINE('',#6655,#567);
#363=LINE('',#6657,#568);
#364=LINE('',#6659,#569);
#365=LINE('',#6661,#570);
#366=LINE('',#6663,#571);
#367=LINE('',#6665,#572);
#368=LINE('',#6670,#573);
#369=LINE('',#6672,#574);
#370=LINE('',#6674,#575);
#371=LINE('',#6678,#576);
#372=LINE('',#6680,#577);
#373=LINE('',#6684,#578);
#374=LINE('',#6688,#579);
#375=LINE('',#6690,#580);
#376=LINE('',#6691,#581);
#377=LINE('',#6693,#582);
#378=LINE('',#6694,#583);
#379=LINE('',#6696,#584);
#380=LINE('',#6698,#585);
#381=LINE('',#6700,#586);
#382=LINE('',#6702,#587);
#383=LINE('',#6704,#588);
#384=LINE('',#6706,#589);
#385=LINE('',#6708,#590);
#386=LINE('',#6714,#591);
#387=LINE('',#6790,#592);
#388=VECTOR('',#4210,1.);
#389=VECTOR('',#4213,1.);
#390=VECTOR('',#4220,1.);
#391=VECTOR('',#4221,1.);
#392=VECTOR('',#4228,1.);
#393=VECTOR('',#4235,1.);
#394=VECTOR('',#4242,1.);
#395=VECTOR('',#4243,1.);
#396=VECTOR('',#4244,1.);
#397=VECTOR('',#4245,1.);
#398=VECTOR('',#4248,1.);
#399=VECTOR('',#4251,1.);
#400=VECTOR('',#4252,1.);
#401=VECTOR('',#4253,1.);
#402=VECTOR('',#4256,1.);
#403=VECTOR('',#4257,1.);
#404=VECTOR('',#4258,1.);
#405=VECTOR('',#4259,1.);
#406=VECTOR('',#4262,1.);
#407=VECTOR('',#4263,1.);
#408=VECTOR('',#4264,1.);
#409=VECTOR('',#4265,1.);
#410=VECTOR('',#4270,1.);
#411=VECTOR('',#4273,1.);
#412=VECTOR('',#4274,1.);
#413=VECTOR('',#4275,1.);
#414=VECTOR('',#4276,1.);
#415=VECTOR('',#4277,1.);
#416=VECTOR('',#4280,1.);
#417=VECTOR('',#4283,1.);
#418=VECTOR('',#4284,1.);
#419=VECTOR('',#4285,1.);
#420=VECTOR('',#4286,1.);
#421=VECTOR('',#4287,1.);
#422=VECTOR('',#4288,1.);
#423=VECTOR('',#4291,1.);
#424=VECTOR('',#4294,1.);
#425=VECTOR('',#4297,1.);
#426=VECTOR('',#4300,1.);
#427=VECTOR('',#4303,1.);
#428=VECTOR('',#4306,1.);
#429=VECTOR('',#4307,1.);
#430=VECTOR('',#4308,1.);
#431=VECTOR('',#4309,1.);
#432=VECTOR('',#4310,1.);
#433=VECTOR('',#4311,1.);
#434=VECTOR('',#4312,1.);
#435=VECTOR('',#4313,1.);
#436=VECTOR('',#4316,1.);
#437=VECTOR('',#4319,1.);
#438=VECTOR('',#4320,1.);
#439=VECTOR('',#4321,1.);
#440=VECTOR('',#4446,1.);
#441=VECTOR('',#4447,1.);
#442=VECTOR('',#4448,1.);
#443=VECTOR('',#4453,1.);
#444=VECTOR('',#4454,1.);
#445=VECTOR('',#4459,1.);
#446=VECTOR('',#4460,1.);
#447=VECTOR('',#4465,1.);
#448=VECTOR('',#4466,1.);
#449=VECTOR('',#4471,1.);
#450=VECTOR('',#4472,1.);
#451=VECTOR('',#4477,1.);
#452=VECTOR('',#4478,1.);
#453=VECTOR('',#4483,1.);
#454=VECTOR('',#4484,1.);
#455=VECTOR('',#4489,1.);
#456=VECTOR('',#4490,1.);
#457=VECTOR('',#4495,1.);
#458=VECTOR('',#4496,1.);
#459=VECTOR('',#4501,1.);
#460=VECTOR('',#4502,1.);
#461=VECTOR('',#4507,1.);
#462=VECTOR('',#4508,1.);
#463=VECTOR('',#4513,1.);
#464=VECTOR('',#4514,1.);
#465=VECTOR('',#4519,1.);
#466=VECTOR('',#4520,1.);
#467=VECTOR('',#4525,1.);
#468=VECTOR('',#4526,1.);
#469=VECTOR('',#4531,1.);
#470=VECTOR('',#4532,1.);
#471=VECTOR('',#4537,1.);
#472=VECTOR('',#4538,1.);
#473=VECTOR('',#4543,1.);
#474=VECTOR('',#4544,1.);
#475=VECTOR('',#4757,1.);
#476=VECTOR('',#4758,1.);
#477=VECTOR('',#4759,1.);
#478=VECTOR('',#4760,1.);
#479=VECTOR('',#4761,1.);
#480=VECTOR('',#4762,1.);
#481=VECTOR('',#4763,1.);
#482=VECTOR('',#4764,1.);
#483=VECTOR('',#4765,1.);
#484=VECTOR('',#4766,1.);
#485=VECTOR('',#4767,1.);
#486=VECTOR('',#4768,1.);
#487=VECTOR('',#4771,1.);
#488=VECTOR('',#4772,1.);
#489=VECTOR('',#4773,1.);
#490=VECTOR('',#4774,1.);
#491=VECTOR('',#4777,1.);
#492=VECTOR('',#4778,1.);
#493=VECTOR('',#4779,1.);
#494=VECTOR('',#4780,1.);
#495=VECTOR('',#4783,1.);
#496=VECTOR('',#4784,1.);
#497=VECTOR('',#4785,1.);
#498=VECTOR('',#4786,1.);
#499=VECTOR('',#4789,1.);
#500=VECTOR('',#4790,1.);
#501=VECTOR('',#4791,1.);
#502=VECTOR('',#4794,1.);
#503=VECTOR('',#4797,1.);
#504=VECTOR('',#4798,1.);
#505=VECTOR('',#4799,1.);
#506=VECTOR('',#4802,1.);
#507=VECTOR('',#4805,1.);
#508=VECTOR('',#4806,1.);
#509=VECTOR('',#4807,1.);
#510=VECTOR('',#4810,1.);
#511=VECTOR('',#4811,1.);
#512=VECTOR('',#4812,1.);
#513=VECTOR('',#4815,1.);
#514=VECTOR('',#4818,1.);
#515=VECTOR('',#4819,1.);
#516=VECTOR('',#4822,1.);
#517=VECTOR('',#4823,1.);
#518=VECTOR('',#4824,1.);
#519=VECTOR('',#4827,1.);
#520=VECTOR('',#4828,1.);
#521=VECTOR('',#4829,1.);
#522=VECTOR('',#4834,1.);
#523=VECTOR('',#4835,1.);
#524=VECTOR('',#4836,1.);
#525=VECTOR('',#4839,1.);
#526=VECTOR('',#4840,1.);
#527=VECTOR('',#4841,1.);
#528=VECTOR('',#4842,1.);
#529=VECTOR('',#4843,1.);
#530=VECTOR('',#4844,1.);
#531=VECTOR('',#4849,1.);
#532=VECTOR('',#4850,1.);
#533=VECTOR('',#4851,1.);
#534=VECTOR('',#4854,1.);
#535=VECTOR('',#4855,1.);
#536=VECTOR('',#4856,1.);
#537=VECTOR('',#4857,1.);
#538=VECTOR('',#4858,1.);
#539=VECTOR('',#4859,1.);
#540=VECTOR('',#4864,1.);
#541=VECTOR('',#4865,1.);
#542=VECTOR('',#4866,1.);
#543=VECTOR('',#4869,1.);
#544=VECTOR('',#4870,1.);
#545=VECTOR('',#4871,1.);
#546=VECTOR('',#4874,1.);
#547=VECTOR('',#4879,1.);
#548=VECTOR('',#5066,1.);
#549=VECTOR('',#5067,1.);
#550=VECTOR('',#5074,1.);
#551=VECTOR('',#5077,1.);
#552=VECTOR('',#5102,1.);
#553=VECTOR('',#5105,1.);
#554=VECTOR('',#5112,1.);
#555=VECTOR('',#5113,1.);
#556=VECTOR('',#5116,1.);
#557=VECTOR('',#5121,1.);
#558=VECTOR('',#5122,1.);
#559=VECTOR('',#5125,1.);
#560=VECTOR('',#5176,1.);
#561=VECTOR('',#5179,1.);
#562=VECTOR('',#5180,1.);
#563=VECTOR('',#5181,1.);
#564=VECTOR('',#5182,1.);
#565=VECTOR('',#5185,1.);
#566=VECTOR('',#5186,1.);
#567=VECTOR('',#5189,1.);
#568=VECTOR('',#5190,1.);
#569=VECTOR('',#5191,1.);
#570=VECTOR('',#5192,1.);
#571=VECTOR('',#5195,1.);
#572=VECTOR('',#5196,1.);
#573=VECTOR('',#5203,1.);
#574=VECTOR('',#5204,1.);
#575=VECTOR('',#5205,1.);
#576=VECTOR('',#5210,1.);
#577=VECTOR('',#5211,1.);
#578=VECTOR('',#5214,1.);
#579=VECTOR('',#5219,1.);
#580=VECTOR('',#5220,1.);
#581=VECTOR('',#5221,1.);
#582=VECTOR('',#5224,1.);
#583=VECTOR('',#5225,1.);
#584=VECTOR('',#5228,1.);
#585=VECTOR('',#5229,1.);
#586=VECTOR('',#5230,1.);
#587=VECTOR('',#5233,1.);
#588=VECTOR('',#5234,1.);
#589=VECTOR('',#5235,1.);
#590=VECTOR('',#5238,1.);
#591=VECTOR('',#5247,1.);
#592=VECTOR('',#5294,1.);
#593=ORIENTED_EDGE('',*,*,#1597,.F.);
#594=ORIENTED_EDGE('',*,*,#1598,.T.);
#595=ORIENTED_EDGE('',*,*,#1599,.T.);
#596=ORIENTED_EDGE('',*,*,#1600,.T.);
#597=ORIENTED_EDGE('',*,*,#1601,.F.);
#598=ORIENTED_EDGE('',*,*,#1602,.T.);
#599=ORIENTED_EDGE('',*,*,#1603,.T.);
#600=ORIENTED_EDGE('',*,*,#1597,.T.);
#601=ORIENTED_EDGE('',*,*,#1604,.T.);
#602=ORIENTED_EDGE('',*,*,#1605,.F.);
#603=ORIENTED_EDGE('',*,*,#1606,.T.);
#604=ORIENTED_EDGE('',*,*,#1607,.T.);
#605=ORIENTED_EDGE('',*,*,#1608,.F.);
#606=ORIENTED_EDGE('',*,*,#1609,.T.);
#607=ORIENTED_EDGE('',*,*,#1610,.T.);
#608=ORIENTED_EDGE('',*,*,#1599,.F.);
#609=ORIENTED_EDGE('',*,*,#1611,.T.);
#610=ORIENTED_EDGE('',*,*,#1612,.F.);
#611=ORIENTED_EDGE('',*,*,#1613,.T.);
#612=ORIENTED_EDGE('',*,*,#1614,.T.);
#613=ORIENTED_EDGE('',*,*,#1615,.T.);
#614=ORIENTED_EDGE('',*,*,#1616,.T.);
#615=ORIENTED_EDGE('',*,*,#1617,.T.);
#616=ORIENTED_EDGE('',*,*,#1618,.F.);
#617=ORIENTED_EDGE('',*,*,#1619,.T.);
#618=ORIENTED_EDGE('',*,*,#1615,.F.);
#619=ORIENTED_EDGE('',*,*,#1620,.T.);
#620=ORIENTED_EDGE('',*,*,#1621,.T.);
#621=ORIENTED_EDGE('',*,*,#1622,.F.);
#622=ORIENTED_EDGE('',*,*,#1623,.T.);
#623=ORIENTED_EDGE('',*,*,#1624,.T.);
#624=ORIENTED_EDGE('',*,*,#1625,.T.);
#625=ORIENTED_EDGE('',*,*,#1626,.T.);
#626=ORIENTED_EDGE('',*,*,#1627,.T.);
#627=ORIENTED_EDGE('',*,*,#1628,.T.);
#628=ORIENTED_EDGE('',*,*,#1629,.T.);
#629=ORIENTED_EDGE('',*,*,#1630,.T.);
#630=ORIENTED_EDGE('',*,*,#1631,.F.);
#631=ORIENTED_EDGE('',*,*,#1632,.F.);
#632=ORIENTED_EDGE('',*,*,#1633,.T.);
#633=ORIENTED_EDGE('',*,*,#1634,.F.);
#634=ORIENTED_EDGE('',*,*,#1612,.T.);
#635=ORIENTED_EDGE('',*,*,#1635,.F.);
#636=ORIENTED_EDGE('',*,*,#1636,.F.);
#637=ORIENTED_EDGE('',*,*,#1637,.T.);
#638=ORIENTED_EDGE('',*,*,#1638,.F.);
#639=ORIENTED_EDGE('',*,*,#1639,.T.);
#640=ORIENTED_EDGE('',*,*,#1640,.T.);
#641=ORIENTED_EDGE('',*,*,#1641,.T.);
#642=ORIENTED_EDGE('',*,*,#1642,.T.);
#643=ORIENTED_EDGE('',*,*,#1643,.T.);
#644=ORIENTED_EDGE('',*,*,#1644,.T.);
#645=ORIENTED_EDGE('',*,*,#1645,.T.);
#646=ORIENTED_EDGE('',*,*,#1646,.T.);
#647=ORIENTED_EDGE('',*,*,#1647,.T.);
#648=ORIENTED_EDGE('',*,*,#1648,.F.);
#649=ORIENTED_EDGE('',*,*,#1649,.F.);
#650=ORIENTED_EDGE('',*,*,#1650,.T.);
#651=ORIENTED_EDGE('',*,*,#1651,.F.);
#652=ORIENTED_EDGE('',*,*,#1652,.T.);
#653=ORIENTED_EDGE('',*,*,#1653,.F.);
#654=ORIENTED_EDGE('',*,*,#1654,.T.);
#655=ORIENTED_EDGE('',*,*,#1655,.T.);
#656=ORIENTED_EDGE('',*,*,#1656,.T.);
#657=ORIENTED_EDGE('',*,*,#1657,.T.);
#658=ORIENTED_EDGE('',*,*,#1658,.F.);
#659=ORIENTED_EDGE('',*,*,#1659,.T.);
#660=ORIENTED_EDGE('',*,*,#1660,.T.);
#661=ORIENTED_EDGE('',*,*,#1661,.T.);
#662=ORIENTED_EDGE('',*,*,#1662,.T.);
#663=ORIENTED_EDGE('',*,*,#1663,.T.);
#664=ORIENTED_EDGE('',*,*,#1664,.T.);
#665=ORIENTED_EDGE('',*,*,#1665,.T.);
#666=ORIENTED_EDGE('',*,*,#1666,.T.);
#667=ORIENTED_EDGE('',*,*,#1667,.T.);
#668=ORIENTED_EDGE('',*,*,#1668,.F.);
#669=ORIENTED_EDGE('',*,*,#1669,.T.);
#670=ORIENTED_EDGE('',*,*,#1670,.T.);
#671=ORIENTED_EDGE('',*,*,#1671,.T.);
#672=ORIENTED_EDGE('',*,*,#1672,.T.);
#673=ORIENTED_EDGE('',*,*,#1673,.F.);
#674=ORIENTED_EDGE('',*,*,#1674,.F.);
#675=ORIENTED_EDGE('',*,*,#1675,.F.);
#676=ORIENTED_EDGE('',*,*,#1676,.F.);
#677=ORIENTED_EDGE('',*,*,#1677,.F.);
#678=ORIENTED_EDGE('',*,*,#1678,.F.);
#679=ORIENTED_EDGE('',*,*,#1679,.F.);
#680=ORIENTED_EDGE('',*,*,#1680,.F.);
#681=ORIENTED_EDGE('',*,*,#1681,.F.);
#682=ORIENTED_EDGE('',*,*,#1682,.F.);
#683=ORIENTED_EDGE('',*,*,#1683,.F.);
#684=ORIENTED_EDGE('',*,*,#1684,.F.);
#685=ORIENTED_EDGE('',*,*,#1685,.F.);
#686=ORIENTED_EDGE('',*,*,#1686,.F.);
#687=ORIENTED_EDGE('',*,*,#1687,.F.);
#688=ORIENTED_EDGE('',*,*,#1688,.F.);
#689=ORIENTED_EDGE('',*,*,#1689,.F.);
#690=ORIENTED_EDGE('',*,*,#1690,.F.);
#691=ORIENTED_EDGE('',*,*,#1691,.F.);
#692=ORIENTED_EDGE('',*,*,#1692,.F.);
#693=ORIENTED_EDGE('',*,*,#1693,.F.);
#694=ORIENTED_EDGE('',*,*,#1694,.F.);
#695=ORIENTED_EDGE('',*,*,#1695,.F.);
#696=ORIENTED_EDGE('',*,*,#1696,.F.);
#697=ORIENTED_EDGE('',*,*,#1697,.F.);
#698=ORIENTED_EDGE('',*,*,#1698,.F.);
#699=ORIENTED_EDGE('',*,*,#1699,.F.);
#700=ORIENTED_EDGE('',*,*,#1700,.F.);
#701=ORIENTED_EDGE('',*,*,#1701,.F.);
#702=ORIENTED_EDGE('',*,*,#1702,.F.);
#703=ORIENTED_EDGE('',*,*,#1703,.F.);
#704=ORIENTED_EDGE('',*,*,#1704,.F.);
#705=ORIENTED_EDGE('',*,*,#1705,.F.);
#706=ORIENTED_EDGE('',*,*,#1706,.F.);
#707=ORIENTED_EDGE('',*,*,#1707,.F.);
#708=ORIENTED_EDGE('',*,*,#1708,.F.);
#709=ORIENTED_EDGE('',*,*,#1709,.F.);
#710=ORIENTED_EDGE('',*,*,#1710,.F.);
#711=ORIENTED_EDGE('',*,*,#1711,.F.);
#712=ORIENTED_EDGE('',*,*,#1712,.F.);
#713=ORIENTED_EDGE('',*,*,#1713,.F.);
#714=ORIENTED_EDGE('',*,*,#1714,.F.);
#715=ORIENTED_EDGE('',*,*,#1715,.F.);
#716=ORIENTED_EDGE('',*,*,#1716,.F.);
#717=ORIENTED_EDGE('',*,*,#1717,.F.);
#718=ORIENTED_EDGE('',*,*,#1718,.F.);
#719=ORIENTED_EDGE('',*,*,#1719,.F.);
#720=ORIENTED_EDGE('',*,*,#1720,.F.);
#721=ORIENTED_EDGE('',*,*,#1721,.F.);
#722=ORIENTED_EDGE('',*,*,#1722,.F.);
#723=ORIENTED_EDGE('',*,*,#1723,.F.);
#724=ORIENTED_EDGE('',*,*,#1724,.F.);
#725=ORIENTED_EDGE('',*,*,#1725,.F.);
#726=ORIENTED_EDGE('',*,*,#1726,.F.);
#727=ORIENTED_EDGE('',*,*,#1727,.F.);
#728=ORIENTED_EDGE('',*,*,#1728,.F.);
#729=ORIENTED_EDGE('',*,*,#1729,.F.);
#730=ORIENTED_EDGE('',*,*,#1730,.F.);
#731=ORIENTED_EDGE('',*,*,#1731,.F.);
#732=ORIENTED_EDGE('',*,*,#1732,.F.);
#733=ORIENTED_EDGE('',*,*,#1733,.F.);
#734=ORIENTED_EDGE('',*,*,#1734,.T.);
#735=ORIENTED_EDGE('',*,*,#1735,.T.);
#736=ORIENTED_EDGE('',*,*,#1736,.T.);
#737=ORIENTED_EDGE('',*,*,#1659,.F.);
#738=ORIENTED_EDGE('',*,*,#1737,.F.);
#739=ORIENTED_EDGE('',*,*,#1738,.F.);
#740=ORIENTED_EDGE('',*,*,#1732,.T.);
#741=ORIENTED_EDGE('',*,*,#1739,.T.);
#742=ORIENTED_EDGE('',*,*,#1740,.F.);
#743=ORIENTED_EDGE('',*,*,#1741,.F.);
#744=ORIENTED_EDGE('',*,*,#1730,.T.);
#745=ORIENTED_EDGE('',*,*,#1742,.T.);
#746=ORIENTED_EDGE('',*,*,#1743,.F.);
#747=ORIENTED_EDGE('',*,*,#1744,.F.);
#748=ORIENTED_EDGE('',*,*,#1728,.T.);
#749=ORIENTED_EDGE('',*,*,#1745,.T.);
#750=ORIENTED_EDGE('',*,*,#1746,.F.);
#751=ORIENTED_EDGE('',*,*,#1747,.F.);
#752=ORIENTED_EDGE('',*,*,#1726,.T.);
#753=ORIENTED_EDGE('',*,*,#1748,.T.);
#754=ORIENTED_EDGE('',*,*,#1749,.F.);
#755=ORIENTED_EDGE('',*,*,#1750,.F.);
#756=ORIENTED_EDGE('',*,*,#1724,.T.);
#757=ORIENTED_EDGE('',*,*,#1751,.T.);
#758=ORIENTED_EDGE('',*,*,#1752,.F.);
#759=ORIENTED_EDGE('',*,*,#1753,.F.);
#760=ORIENTED_EDGE('',*,*,#1722,.T.);
#761=ORIENTED_EDGE('',*,*,#1754,.T.);
#762=ORIENTED_EDGE('',*,*,#1755,.F.);
#763=ORIENTED_EDGE('',*,*,#1756,.F.);
#764=ORIENTED_EDGE('',*,*,#1720,.T.);
#765=ORIENTED_EDGE('',*,*,#1757,.T.);
#766=ORIENTED_EDGE('',*,*,#1758,.F.);
#767=ORIENTED_EDGE('',*,*,#1759,.F.);
#768=ORIENTED_EDGE('',*,*,#1718,.T.);
#769=ORIENTED_EDGE('',*,*,#1760,.T.);
#770=ORIENTED_EDGE('',*,*,#1761,.F.);
#771=ORIENTED_EDGE('',*,*,#1762,.F.);
#772=ORIENTED_EDGE('',*,*,#1716,.T.);
#773=ORIENTED_EDGE('',*,*,#1763,.T.);
#774=ORIENTED_EDGE('',*,*,#1764,.F.);
#775=ORIENTED_EDGE('',*,*,#1765,.F.);
#776=ORIENTED_EDGE('',*,*,#1714,.T.);
#777=ORIENTED_EDGE('',*,*,#1766,.T.);
#778=ORIENTED_EDGE('',*,*,#1767,.F.);
#779=ORIENTED_EDGE('',*,*,#1768,.F.);
#780=ORIENTED_EDGE('',*,*,#1712,.T.);
#781=ORIENTED_EDGE('',*,*,#1769,.T.);
#782=ORIENTED_EDGE('',*,*,#1770,.F.);
#783=ORIENTED_EDGE('',*,*,#1771,.F.);
#784=ORIENTED_EDGE('',*,*,#1710,.T.);
#785=ORIENTED_EDGE('',*,*,#1772,.T.);
#786=ORIENTED_EDGE('',*,*,#1773,.F.);
#787=ORIENTED_EDGE('',*,*,#1774,.F.);
#788=ORIENTED_EDGE('',*,*,#1708,.T.);
#789=ORIENTED_EDGE('',*,*,#1775,.T.);
#790=ORIENTED_EDGE('',*,*,#1776,.F.);
#791=ORIENTED_EDGE('',*,*,#1777,.F.);
#792=ORIENTED_EDGE('',*,*,#1706,.T.);
#793=ORIENTED_EDGE('',*,*,#1778,.T.);
#794=ORIENTED_EDGE('',*,*,#1779,.F.);
#795=ORIENTED_EDGE('',*,*,#1780,.F.);
#796=ORIENTED_EDGE('',*,*,#1704,.T.);
#797=ORIENTED_EDGE('',*,*,#1781,.T.);
#798=ORIENTED_EDGE('',*,*,#1782,.F.);
#799=ORIENTED_EDGE('',*,*,#1783,.F.);
#800=ORIENTED_EDGE('',*,*,#1702,.T.);
#801=ORIENTED_EDGE('',*,*,#1784,.T.);
#802=ORIENTED_EDGE('',*,*,#1785,.T.);
#803=ORIENTED_EDGE('',*,*,#1786,.T.);
#804=ORIENTED_EDGE('',*,*,#1787,.T.);
#805=ORIENTED_EDGE('',*,*,#1788,.T.);
#806=ORIENTED_EDGE('',*,*,#1789,.T.);
#807=ORIENTED_EDGE('',*,*,#1601,.T.);
#808=ORIENTED_EDGE('',*,*,#1790,.F.);
#809=ORIENTED_EDGE('',*,*,#1739,.F.);
#810=ORIENTED_EDGE('',*,*,#1733,.T.);
#811=ORIENTED_EDGE('',*,*,#1738,.T.);
#812=ORIENTED_EDGE('',*,*,#1791,.F.);
#813=ORIENTED_EDGE('',*,*,#1742,.F.);
#814=ORIENTED_EDGE('',*,*,#1731,.T.);
#815=ORIENTED_EDGE('',*,*,#1741,.T.);
#816=ORIENTED_EDGE('',*,*,#1792,.F.);
#817=ORIENTED_EDGE('',*,*,#1745,.F.);
#818=ORIENTED_EDGE('',*,*,#1729,.T.);
#819=ORIENTED_EDGE('',*,*,#1744,.T.);
#820=ORIENTED_EDGE('',*,*,#1793,.F.);
#821=ORIENTED_EDGE('',*,*,#1748,.F.);
#822=ORIENTED_EDGE('',*,*,#1727,.T.);
#823=ORIENTED_EDGE('',*,*,#1747,.T.);
#824=ORIENTED_EDGE('',*,*,#1794,.F.);
#825=ORIENTED_EDGE('',*,*,#1751,.F.);
#826=ORIENTED_EDGE('',*,*,#1725,.T.);
#827=ORIENTED_EDGE('',*,*,#1750,.T.);
#828=ORIENTED_EDGE('',*,*,#1795,.F.);
#829=ORIENTED_EDGE('',*,*,#1754,.F.);
#830=ORIENTED_EDGE('',*,*,#1723,.T.);
#831=ORIENTED_EDGE('',*,*,#1753,.T.);
#832=ORIENTED_EDGE('',*,*,#1796,.F.);
#833=ORIENTED_EDGE('',*,*,#1757,.F.);
#834=ORIENTED_EDGE('',*,*,#1721,.T.);
#835=ORIENTED_EDGE('',*,*,#1756,.T.);
#836=ORIENTED_EDGE('',*,*,#1797,.F.);
#837=ORIENTED_EDGE('',*,*,#1760,.F.);
#838=ORIENTED_EDGE('',*,*,#1719,.T.);
#839=ORIENTED_EDGE('',*,*,#1759,.T.);
#840=ORIENTED_EDGE('',*,*,#1798,.F.);
#841=ORIENTED_EDGE('',*,*,#1763,.F.);
#842=ORIENTED_EDGE('',*,*,#1717,.T.);
#843=ORIENTED_EDGE('',*,*,#1762,.T.);
#844=ORIENTED_EDGE('',*,*,#1799,.F.);
#845=ORIENTED_EDGE('',*,*,#1766,.F.);
#846=ORIENTED_EDGE('',*,*,#1715,.T.);
#847=ORIENTED_EDGE('',*,*,#1765,.T.);
#848=ORIENTED_EDGE('',*,*,#1800,.F.);
#849=ORIENTED_EDGE('',*,*,#1769,.F.);
#850=ORIENTED_EDGE('',*,*,#1713,.T.);
#851=ORIENTED_EDGE('',*,*,#1768,.T.);
#852=ORIENTED_EDGE('',*,*,#1801,.F.);
#853=ORIENTED_EDGE('',*,*,#1772,.F.);
#854=ORIENTED_EDGE('',*,*,#1711,.T.);
#855=ORIENTED_EDGE('',*,*,#1771,.T.);
#856=ORIENTED_EDGE('',*,*,#1802,.F.);
#857=ORIENTED_EDGE('',*,*,#1775,.F.);
#858=ORIENTED_EDGE('',*,*,#1709,.T.);
#859=ORIENTED_EDGE('',*,*,#1774,.T.);
#860=ORIENTED_EDGE('',*,*,#1803,.F.);
#861=ORIENTED_EDGE('',*,*,#1778,.F.);
#862=ORIENTED_EDGE('',*,*,#1707,.T.);
#863=ORIENTED_EDGE('',*,*,#1777,.T.);
#864=ORIENTED_EDGE('',*,*,#1804,.F.);
#865=ORIENTED_EDGE('',*,*,#1781,.F.);
#866=ORIENTED_EDGE('',*,*,#1705,.T.);
#867=ORIENTED_EDGE('',*,*,#1780,.T.);
#868=ORIENTED_EDGE('',*,*,#1805,.F.);
#869=ORIENTED_EDGE('',*,*,#1784,.F.);
#870=ORIENTED_EDGE('',*,*,#1703,.T.);
#871=ORIENTED_EDGE('',*,*,#1783,.T.);
#872=ORIENTED_EDGE('',*,*,#1701,.T.);
#873=ORIENTED_EDGE('',*,*,#1806,.F.);
#874=ORIENTED_EDGE('',*,*,#1700,.T.);
#875=ORIENTED_EDGE('',*,*,#1807,.F.);
#876=ORIENTED_EDGE('',*,*,#1699,.T.);
#877=ORIENTED_EDGE('',*,*,#1808,.F.);
#878=ORIENTED_EDGE('',*,*,#1698,.T.);
#879=ORIENTED_EDGE('',*,*,#1809,.F.);
#880=ORIENTED_EDGE('',*,*,#1697,.T.);
#881=ORIENTED_EDGE('',*,*,#1810,.F.);
#882=ORIENTED_EDGE('',*,*,#1696,.T.);
#883=ORIENTED_EDGE('',*,*,#1811,.F.);
#884=ORIENTED_EDGE('',*,*,#1695,.T.);
#885=ORIENTED_EDGE('',*,*,#1812,.F.);
#886=ORIENTED_EDGE('',*,*,#1694,.T.);
#887=ORIENTED_EDGE('',*,*,#1813,.F.);
#888=ORIENTED_EDGE('',*,*,#1693,.T.);
#889=ORIENTED_EDGE('',*,*,#1814,.F.);
#890=ORIENTED_EDGE('',*,*,#1692,.T.);
#891=ORIENTED_EDGE('',*,*,#1815,.F.);
#892=ORIENTED_EDGE('',*,*,#1691,.T.);
#893=ORIENTED_EDGE('',*,*,#1816,.F.);
#894=ORIENTED_EDGE('',*,*,#1690,.T.);
#895=ORIENTED_EDGE('',*,*,#1817,.F.);
#896=ORIENTED_EDGE('',*,*,#1689,.T.);
#897=ORIENTED_EDGE('',*,*,#1818,.F.);
#898=ORIENTED_EDGE('',*,*,#1688,.T.);
#899=ORIENTED_EDGE('',*,*,#1819,.F.);
#900=ORIENTED_EDGE('',*,*,#1687,.T.);
#901=ORIENTED_EDGE('',*,*,#1820,.F.);
#902=ORIENTED_EDGE('',*,*,#1686,.T.);
#903=ORIENTED_EDGE('',*,*,#1821,.F.);
#904=ORIENTED_EDGE('',*,*,#1685,.T.);
#905=ORIENTED_EDGE('',*,*,#1822,.F.);
#906=ORIENTED_EDGE('',*,*,#1684,.T.);
#907=ORIENTED_EDGE('',*,*,#1823,.F.);
#908=ORIENTED_EDGE('',*,*,#1683,.T.);
#909=ORIENTED_EDGE('',*,*,#1824,.F.);
#910=ORIENTED_EDGE('',*,*,#1682,.T.);
#911=ORIENTED_EDGE('',*,*,#1825,.F.);
#912=ORIENTED_EDGE('',*,*,#1681,.T.);
#913=ORIENTED_EDGE('',*,*,#1826,.F.);
#914=ORIENTED_EDGE('',*,*,#1680,.T.);
#915=ORIENTED_EDGE('',*,*,#1827,.F.);
#916=ORIENTED_EDGE('',*,*,#1679,.T.);
#917=ORIENTED_EDGE('',*,*,#1828,.F.);
#918=ORIENTED_EDGE('',*,*,#1678,.T.);
#919=ORIENTED_EDGE('',*,*,#1829,.F.);
#920=ORIENTED_EDGE('',*,*,#1677,.T.);
#921=ORIENTED_EDGE('',*,*,#1830,.F.);
#922=ORIENTED_EDGE('',*,*,#1676,.T.);
#923=ORIENTED_EDGE('',*,*,#1831,.F.);
#924=ORIENTED_EDGE('',*,*,#1675,.T.);
#925=ORIENTED_EDGE('',*,*,#1832,.F.);
#926=ORIENTED_EDGE('',*,*,#1674,.T.);
#927=ORIENTED_EDGE('',*,*,#1833,.F.);
#928=ORIENTED_EDGE('',*,*,#1673,.T.);
#929=ORIENTED_EDGE('',*,*,#1834,.F.);
#930=ORIENTED_EDGE('',*,*,#1835,.T.);
#931=ORIENTED_EDGE('',*,*,#1836,.T.);
#932=ORIENTED_EDGE('',*,*,#1837,.T.);
#933=ORIENTED_EDGE('',*,*,#1838,.T.);
#934=ORIENTED_EDGE('',*,*,#1839,.T.);
#935=ORIENTED_EDGE('',*,*,#1840,.T.);
#936=ORIENTED_EDGE('',*,*,#1841,.T.);
#937=ORIENTED_EDGE('',*,*,#1842,.T.);
#938=ORIENTED_EDGE('',*,*,#1843,.T.);
#939=ORIENTED_EDGE('',*,*,#1844,.T.);
#940=ORIENTED_EDGE('',*,*,#1845,.T.);
#941=ORIENTED_EDGE('',*,*,#1846,.T.);
#942=ORIENTED_EDGE('',*,*,#1847,.T.);
#943=ORIENTED_EDGE('',*,*,#1848,.T.);
#944=ORIENTED_EDGE('',*,*,#1849,.T.);
#945=ORIENTED_EDGE('',*,*,#1850,.T.);
#946=ORIENTED_EDGE('',*,*,#1851,.T.);
#947=ORIENTED_EDGE('',*,*,#1852,.T.);
#948=ORIENTED_EDGE('',*,*,#1853,.T.);
#949=ORIENTED_EDGE('',*,*,#1854,.T.);
#950=ORIENTED_EDGE('',*,*,#1855,.T.);
#951=ORIENTED_EDGE('',*,*,#1856,.T.);
#952=ORIENTED_EDGE('',*,*,#1857,.T.);
#953=ORIENTED_EDGE('',*,*,#1858,.T.);
#954=ORIENTED_EDGE('',*,*,#1859,.T.);
#955=ORIENTED_EDGE('',*,*,#1860,.T.);
#956=ORIENTED_EDGE('',*,*,#1861,.T.);
#957=ORIENTED_EDGE('',*,*,#1862,.T.);
#958=ORIENTED_EDGE('',*,*,#1863,.T.);
#959=ORIENTED_EDGE('',*,*,#1864,.T.);
#960=ORIENTED_EDGE('',*,*,#1834,.T.);
#961=ORIENTED_EDGE('',*,*,#1833,.T.);
#962=ORIENTED_EDGE('',*,*,#1832,.T.);
#963=ORIENTED_EDGE('',*,*,#1831,.T.);
#964=ORIENTED_EDGE('',*,*,#1830,.T.);
#965=ORIENTED_EDGE('',*,*,#1829,.T.);
#966=ORIENTED_EDGE('',*,*,#1828,.T.);
#967=ORIENTED_EDGE('',*,*,#1827,.T.);
#968=ORIENTED_EDGE('',*,*,#1826,.T.);
#969=ORIENTED_EDGE('',*,*,#1825,.T.);
#970=ORIENTED_EDGE('',*,*,#1824,.T.);
#971=ORIENTED_EDGE('',*,*,#1823,.T.);
#972=ORIENTED_EDGE('',*,*,#1822,.T.);
#973=ORIENTED_EDGE('',*,*,#1821,.T.);
#974=ORIENTED_EDGE('',*,*,#1820,.T.);
#975=ORIENTED_EDGE('',*,*,#1819,.T.);
#976=ORIENTED_EDGE('',*,*,#1818,.T.);
#977=ORIENTED_EDGE('',*,*,#1817,.T.);
#978=ORIENTED_EDGE('',*,*,#1816,.T.);
#979=ORIENTED_EDGE('',*,*,#1815,.T.);
#980=ORIENTED_EDGE('',*,*,#1814,.T.);
#981=ORIENTED_EDGE('',*,*,#1813,.T.);
#982=ORIENTED_EDGE('',*,*,#1812,.T.);
#983=ORIENTED_EDGE('',*,*,#1811,.T.);
#984=ORIENTED_EDGE('',*,*,#1810,.T.);
#985=ORIENTED_EDGE('',*,*,#1809,.T.);
#986=ORIENTED_EDGE('',*,*,#1808,.T.);
#987=ORIENTED_EDGE('',*,*,#1807,.T.);
#988=ORIENTED_EDGE('',*,*,#1806,.T.);
#989=ORIENTED_EDGE('',*,*,#1782,.T.);
#990=ORIENTED_EDGE('',*,*,#1805,.T.);
#991=ORIENTED_EDGE('',*,*,#1779,.T.);
#992=ORIENTED_EDGE('',*,*,#1804,.T.);
#993=ORIENTED_EDGE('',*,*,#1776,.T.);
#994=ORIENTED_EDGE('',*,*,#1803,.T.);
#995=ORIENTED_EDGE('',*,*,#1773,.T.);
#996=ORIENTED_EDGE('',*,*,#1802,.T.);
#997=ORIENTED_EDGE('',*,*,#1770,.T.);
#998=ORIENTED_EDGE('',*,*,#1801,.T.);
#999=ORIENTED_EDGE('',*,*,#1767,.T.);
#1000=ORIENTED_EDGE('',*,*,#1800,.T.);
#1001=ORIENTED_EDGE('',*,*,#1764,.T.);
#1002=ORIENTED_EDGE('',*,*,#1799,.T.);
#1003=ORIENTED_EDGE('',*,*,#1761,.T.);
#1004=ORIENTED_EDGE('',*,*,#1798,.T.);
#1005=ORIENTED_EDGE('',*,*,#1758,.T.);
#1006=ORIENTED_EDGE('',*,*,#1797,.T.);
#1007=ORIENTED_EDGE('',*,*,#1755,.T.);
#1008=ORIENTED_EDGE('',*,*,#1796,.T.);
#1009=ORIENTED_EDGE('',*,*,#1752,.T.);
#1010=ORIENTED_EDGE('',*,*,#1795,.T.);
#1011=ORIENTED_EDGE('',*,*,#1749,.T.);
#1012=ORIENTED_EDGE('',*,*,#1794,.T.);
#1013=ORIENTED_EDGE('',*,*,#1746,.T.);
#1014=ORIENTED_EDGE('',*,*,#1793,.T.);
#1015=ORIENTED_EDGE('',*,*,#1743,.T.);
#1016=ORIENTED_EDGE('',*,*,#1792,.T.);
#1017=ORIENTED_EDGE('',*,*,#1740,.T.);
#1018=ORIENTED_EDGE('',*,*,#1791,.T.);
#1019=ORIENTED_EDGE('',*,*,#1737,.T.);
#1020=ORIENTED_EDGE('',*,*,#1790,.T.);
#1021=ORIENTED_EDGE('',*,*,#1865,.T.);
#1022=ORIENTED_EDGE('',*,*,#1866,.T.);
#1023=ORIENTED_EDGE('',*,*,#1867,.T.);
#1024=ORIENTED_EDGE('',*,*,#1868,.T.);
#1025=ORIENTED_EDGE('',*,*,#1869,.T.);
#1026=ORIENTED_EDGE('',*,*,#1870,.T.);
#1027=ORIENTED_EDGE('',*,*,#1871,.T.);
#1028=ORIENTED_EDGE('',*,*,#1872,.T.);
#1029=ORIENTED_EDGE('',*,*,#1873,.F.);
#1030=ORIENTED_EDGE('',*,*,#1874,.T.);
#1031=ORIENTED_EDGE('',*,*,#1875,.T.);
#1032=ORIENTED_EDGE('',*,*,#1876,.T.);
#1033=ORIENTED_EDGE('',*,*,#1877,.T.);
#1034=ORIENTED_EDGE('',*,*,#1878,.F.);
#1035=ORIENTED_EDGE('',*,*,#1879,.T.);
#1036=ORIENTED_EDGE('',*,*,#1880,.T.);
#1037=ORIENTED_EDGE('',*,*,#1881,.T.);
#1038=ORIENTED_EDGE('',*,*,#1882,.T.);
#1039=ORIENTED_EDGE('',*,*,#1883,.T.);
#1040=ORIENTED_EDGE('',*,*,#1884,.F.);
#1041=ORIENTED_EDGE('',*,*,#1885,.T.);
#1042=ORIENTED_EDGE('',*,*,#1886,.T.);
#1043=ORIENTED_EDGE('',*,*,#1887,.T.);
#1044=ORIENTED_EDGE('',*,*,#1888,.T.);
#1045=ORIENTED_EDGE('',*,*,#1889,.T.);
#1046=ORIENTED_EDGE('',*,*,#1890,.T.);
#1047=ORIENTED_EDGE('',*,*,#1882,.F.);
#1048=ORIENTED_EDGE('',*,*,#1891,.T.);
#1049=ORIENTED_EDGE('',*,*,#1892,.T.);
#1050=ORIENTED_EDGE('',*,*,#1893,.T.);
#1051=ORIENTED_EDGE('',*,*,#1894,.T.);
#1052=ORIENTED_EDGE('',*,*,#1668,.T.);
#1053=ORIENTED_EDGE('',*,*,#1895,.T.);
#1054=ORIENTED_EDGE('',*,*,#1896,.T.);
#1055=ORIENTED_EDGE('',*,*,#1884,.T.);
#1056=ORIENTED_EDGE('',*,*,#1897,.T.);
#1057=ORIENTED_EDGE('',*,*,#1898,.T.);
#1058=ORIENTED_EDGE('',*,*,#1899,.T.);
#1059=ORIENTED_EDGE('',*,*,#1900,.T.);
#1060=ORIENTED_EDGE('',*,*,#1901,.T.);
#1061=ORIENTED_EDGE('',*,*,#1902,.T.);
#1062=ORIENTED_EDGE('',*,*,#1903,.T.);
#1063=ORIENTED_EDGE('',*,*,#1904,.T.);
#1064=ORIENTED_EDGE('',*,*,#1905,.T.);
#1065=ORIENTED_EDGE('',*,*,#1906,.T.);
#1066=ORIENTED_EDGE('',*,*,#1886,.F.);
#1067=ORIENTED_EDGE('',*,*,#1907,.T.);
#1068=ORIENTED_EDGE('',*,*,#1908,.T.);
#1069=ORIENTED_EDGE('',*,*,#1909,.T.);
#1070=ORIENTED_EDGE('',*,*,#1880,.F.);
#1071=ORIENTED_EDGE('',*,*,#1910,.T.);
#1072=ORIENTED_EDGE('',*,*,#1911,.T.);
#1073=ORIENTED_EDGE('',*,*,#1912,.T.);
#1074=ORIENTED_EDGE('',*,*,#1913,.T.);
#1075=ORIENTED_EDGE('',*,*,#1914,.T.);
#1076=ORIENTED_EDGE('',*,*,#1915,.T.);
#1077=ORIENTED_EDGE('',*,*,#1878,.T.);
#1078=ORIENTED_EDGE('',*,*,#1916,.T.);
#1079=ORIENTED_EDGE('',*,*,#1917,.T.);
#1080=ORIENTED_EDGE('',*,*,#1918,.T.);
#1081=ORIENTED_EDGE('',*,*,#1919,.T.);
#1082=ORIENTED_EDGE('',*,*,#1920,.T.);
#1083=ORIENTED_EDGE('',*,*,#1921,.T.);
#1084=ORIENTED_EDGE('',*,*,#1663,.F.);
#1085=ORIENTED_EDGE('',*,*,#1922,.T.);
#1086=ORIENTED_EDGE('',*,*,#1923,.T.);
#1087=ORIENTED_EDGE('',*,*,#1924,.T.);
#1088=ORIENTED_EDGE('',*,*,#1925,.T.);
#1089=ORIENTED_EDGE('',*,*,#1873,.T.);
#1090=ORIENTED_EDGE('',*,*,#1926,.T.);
#1091=ORIENTED_EDGE('',*,*,#1927,.T.);
#1092=ORIENTED_EDGE('',*,*,#1928,.T.);
#1093=ORIENTED_EDGE('',*,*,#1929,.T.);
#1094=ORIENTED_EDGE('',*,*,#1930,.T.);
#1095=ORIENTED_EDGE('',*,*,#1931,.T.);
#1096=ORIENTED_EDGE('',*,*,#1932,.T.);
#1097=ORIENTED_EDGE('',*,*,#1933,.T.);
#1098=ORIENTED_EDGE('',*,*,#1934,.T.);
#1099=ORIENTED_EDGE('',*,*,#1875,.F.);
#1100=ORIENTED_EDGE('',*,*,#1935,.T.);
#1101=ORIENTED_EDGE('',*,*,#1869,.F.);
#1102=ORIENTED_EDGE('',*,*,#1936,.T.);
#1103=ORIENTED_EDGE('',*,*,#1876,.F.);
#1104=ORIENTED_EDGE('',*,*,#1934,.F.);
#1105=ORIENTED_EDGE('',*,*,#1937,.T.);
#1106=ORIENTED_EDGE('',*,*,#1888,.F.);
#1107=ORIENTED_EDGE('',*,*,#1938,.T.);
#1108=ORIENTED_EDGE('',*,*,#1629,.F.);
#1109=ORIENTED_EDGE('',*,*,#1939,.T.);
#1110=ORIENTED_EDGE('',*,*,#1926,.F.);
#1111=ORIENTED_EDGE('',*,*,#1871,.F.);
#1112=ORIENTED_EDGE('',*,*,#1940,.T.);
#1113=ORIENTED_EDGE('',*,*,#1865,.F.);
#1114=ORIENTED_EDGE('',*,*,#1941,.T.);
#1115=ORIENTED_EDGE('',*,*,#1625,.F.);
#1116=ORIENTED_EDGE('',*,*,#1942,.T.);
#1117=ORIENTED_EDGE('',*,*,#1627,.F.);
#1118=ORIENTED_EDGE('',*,*,#1943,.T.);
#1119=ORIENTED_EDGE('',*,*,#1867,.F.);
#1120=ORIENTED_EDGE('',*,*,#1944,.T.);
#1121=ORIENTED_EDGE('',*,*,#1847,.F.);
#1122=ORIENTED_EDGE('',*,*,#1945,.T.);
#1123=ORIENTED_EDGE('',*,*,#1857,.F.);
#1124=ORIENTED_EDGE('',*,*,#1946,.T.);
#1125=ORIENTED_EDGE('',*,*,#1623,.F.);
#1126=ORIENTED_EDGE('',*,*,#1947,.T.);
#1127=ORIENTED_EDGE('',*,*,#1892,.F.);
#1128=ORIENTED_EDGE('',*,*,#1948,.T.);
#1129=ORIENTED_EDGE('',*,*,#1889,.F.);
#1130=ORIENTED_EDGE('',*,*,#1949,.T.);
#1131=ORIENTED_EDGE('',*,*,#1924,.F.);
#1132=ORIENTED_EDGE('',*,*,#1950,.T.);
#1133=ORIENTED_EDGE('',*,*,#1919,.F.);
#1134=ORIENTED_EDGE('',*,*,#1951,.F.);
#1135=ORIENTED_EDGE('',*,*,#1951,.T.);
#1136=ORIENTED_EDGE('',*,*,#1662,.F.);
#1137=ORIENTED_EDGE('',*,*,#1952,.F.);
#1138=ORIENTED_EDGE('',*,*,#1925,.F.);
#1139=ORIENTED_EDGE('',*,*,#1952,.T.);
#1140=ORIENTED_EDGE('',*,*,#1661,.F.);
#1141=ORIENTED_EDGE('',*,*,#1953,.F.);
#1142=ORIENTED_EDGE('',*,*,#1874,.F.);
#1143=ORIENTED_EDGE('',*,*,#1736,.F.);
#1144=ORIENTED_EDGE('',*,*,#1954,.T.);
#1145=ORIENTED_EDGE('',*,*,#1929,.F.);
#1146=ORIENTED_EDGE('',*,*,#1955,.F.);
#1147=ORIENTED_EDGE('',*,*,#1953,.T.);
#1148=ORIENTED_EDGE('',*,*,#1660,.F.);
#1149=ORIENTED_EDGE('',*,*,#1955,.T.);
#1150=ORIENTED_EDGE('',*,*,#1935,.F.);
#1151=ORIENTED_EDGE('',*,*,#1883,.F.);
#1152=ORIENTED_EDGE('',*,*,#1890,.F.);
#1153=ORIENTED_EDGE('',*,*,#1956,.F.);
#1154=ORIENTED_EDGE('',*,*,#1897,.F.);
#1155=ORIENTED_EDGE('',*,*,#1956,.T.);
#1156=ORIENTED_EDGE('',*,*,#1948,.F.);
#1157=ORIENTED_EDGE('',*,*,#1957,.F.);
#1158=ORIENTED_EDGE('',*,*,#1898,.F.);
#1159=ORIENTED_EDGE('',*,*,#1957,.T.);
#1160=ORIENTED_EDGE('',*,*,#1896,.F.);
#1161=ORIENTED_EDGE('',*,*,#1958,.F.);
#1162=ORIENTED_EDGE('',*,*,#1899,.F.);
#1163=ORIENTED_EDGE('',*,*,#1895,.F.);
#1164=ORIENTED_EDGE('',*,*,#1667,.F.);
#1165=ORIENTED_EDGE('',*,*,#1959,.F.);
#1166=ORIENTED_EDGE('',*,*,#1958,.T.);
#1167=ORIENTED_EDGE('',*,*,#1959,.T.);
#1168=ORIENTED_EDGE('',*,*,#1666,.F.);
#1169=ORIENTED_EDGE('',*,*,#1960,.F.);
#1170=ORIENTED_EDGE('',*,*,#1900,.F.);
#1171=ORIENTED_EDGE('',*,*,#1960,.T.);
#1172=ORIENTED_EDGE('',*,*,#1665,.F.);
#1173=ORIENTED_EDGE('',*,*,#1961,.F.);
#1174=ORIENTED_EDGE('',*,*,#1885,.F.);
#1175=ORIENTED_EDGE('',*,*,#1961,.T.);
#1176=ORIENTED_EDGE('',*,*,#1664,.F.);
#1177=ORIENTED_EDGE('',*,*,#1962,.F.);
#1178=ORIENTED_EDGE('',*,*,#1907,.F.);
#1179=ORIENTED_EDGE('',*,*,#1921,.F.);
#1180=ORIENTED_EDGE('',*,*,#1963,.T.);
#1181=ORIENTED_EDGE('',*,*,#1901,.F.);
#1182=ORIENTED_EDGE('',*,*,#1962,.T.);
#1183=ORIENTED_EDGE('',*,*,#1881,.F.);
#1184=ORIENTED_EDGE('',*,*,#1909,.F.);
#1185=ORIENTED_EDGE('',*,*,#1964,.F.);
#1186=ORIENTED_EDGE('',*,*,#1891,.F.);
#1187=ORIENTED_EDGE('',*,*,#1964,.T.);
#1188=ORIENTED_EDGE('',*,*,#1908,.F.);
#1189=ORIENTED_EDGE('',*,*,#1965,.F.);
#1190=ORIENTED_EDGE('',*,*,#1949,.F.);
#1191=ORIENTED_EDGE('',*,*,#1966,.F.);
#1192=ORIENTED_EDGE('',*,*,#1893,.F.);
#1193=ORIENTED_EDGE('',*,*,#1965,.T.);
#1194=ORIENTED_EDGE('',*,*,#1911,.F.);
#1195=ORIENTED_EDGE('',*,*,#1894,.F.);
#1196=ORIENTED_EDGE('',*,*,#1966,.T.);
#1197=ORIENTED_EDGE('',*,*,#1967,.F.);
#1198=ORIENTED_EDGE('',*,*,#1669,.F.);
#1199=ORIENTED_EDGE('',*,*,#1967,.T.);
#1200=ORIENTED_EDGE('',*,*,#1910,.F.);
#1201=ORIENTED_EDGE('',*,*,#1968,.F.);
#1202=ORIENTED_EDGE('',*,*,#1670,.F.);
#1203=ORIENTED_EDGE('',*,*,#1968,.T.);
#1204=ORIENTED_EDGE('',*,*,#1879,.F.);
#1205=ORIENTED_EDGE('',*,*,#1969,.F.);
#1206=ORIENTED_EDGE('',*,*,#1671,.F.);
#1207=ORIENTED_EDGE('',*,*,#1969,.T.);
#1208=ORIENTED_EDGE('',*,*,#1915,.F.);
#1209=ORIENTED_EDGE('',*,*,#1970,.F.);
#1210=ORIENTED_EDGE('',*,*,#1672,.F.);
#1211=ORIENTED_EDGE('',*,*,#1914,.F.);
#1212=ORIENTED_EDGE('',*,*,#1971,.T.);
#1213=ORIENTED_EDGE('',*,*,#1734,.F.);
#1214=ORIENTED_EDGE('',*,*,#1970,.T.);
#1215=ORIENTED_EDGE('',*,*,#1972,.F.);
#1216=ORIENTED_EDGE('',*,*,#1973,.T.);
#1217=ORIENTED_EDGE('',*,*,#1944,.F.);
#1218=ORIENTED_EDGE('',*,*,#1931,.F.);
#1219=ORIENTED_EDGE('',*,*,#1974,.T.);
#1220=ORIENTED_EDGE('',*,*,#1972,.T.);
#1221=ORIENTED_EDGE('',*,*,#1866,.F.);
#1222=ORIENTED_EDGE('',*,*,#1975,.F.);
#1223=ORIENTED_EDGE('',*,*,#1975,.T.);
#1224=ORIENTED_EDGE('',*,*,#1940,.F.);
#1225=ORIENTED_EDGE('',*,*,#1976,.F.);
#1226=ORIENTED_EDGE('',*,*,#1932,.F.);
#1227=ORIENTED_EDGE('',*,*,#1976,.T.);
#1228=ORIENTED_EDGE('',*,*,#1870,.F.);
#1229=ORIENTED_EDGE('',*,*,#1937,.F.);
#1230=ORIENTED_EDGE('',*,*,#1933,.F.);
#1231=ORIENTED_EDGE('',*,*,#1946,.F.);
#1232=ORIENTED_EDGE('',*,*,#1977,.T.);
#1233=ORIENTED_EDGE('',*,*,#1978,.F.);
#1234=ORIENTED_EDGE('',*,*,#1978,.T.);
#1235=ORIENTED_EDGE('',*,*,#1979,.T.);
#1236=ORIENTED_EDGE('',*,*,#1922,.F.);
#1237=ORIENTED_EDGE('',*,*,#1980,.F.);
#1238=ORIENTED_EDGE('',*,*,#1624,.F.);
#1239=ORIENTED_EDGE('',*,*,#1980,.T.);
#1240=ORIENTED_EDGE('',*,*,#1928,.F.);
#1241=ORIENTED_EDGE('',*,*,#1981,.F.);
#1242=ORIENTED_EDGE('',*,*,#1942,.F.);
#1243=ORIENTED_EDGE('',*,*,#1981,.T.);
#1244=ORIENTED_EDGE('',*,*,#1927,.F.);
#1245=ORIENTED_EDGE('',*,*,#1939,.F.);
#1246=ORIENTED_EDGE('',*,*,#1628,.F.);
#1247=ORIENTED_EDGE('',*,*,#1945,.F.);
#1248=ORIENTED_EDGE('',*,*,#1982,.T.);
#1249=ORIENTED_EDGE('',*,*,#1983,.F.);
#1250=ORIENTED_EDGE('',*,*,#1983,.T.);
#1251=ORIENTED_EDGE('',*,*,#1984,.T.);
#1252=ORIENTED_EDGE('',*,*,#1912,.F.);
#1253=ORIENTED_EDGE('',*,*,#1985,.F.);
#1254=ORIENTED_EDGE('',*,*,#1868,.F.);
#1255=ORIENTED_EDGE('',*,*,#1985,.T.);
#1256=ORIENTED_EDGE('',*,*,#1918,.F.);
#1257=ORIENTED_EDGE('',*,*,#1986,.F.);
#1258=ORIENTED_EDGE('',*,*,#1941,.F.);
#1259=ORIENTED_EDGE('',*,*,#1986,.T.);
#1260=ORIENTED_EDGE('',*,*,#1917,.F.);
#1261=ORIENTED_EDGE('',*,*,#1987,.F.);
#1262=ORIENTED_EDGE('',*,*,#1872,.F.);
#1263=ORIENTED_EDGE('',*,*,#1877,.F.);
#1264=ORIENTED_EDGE('',*,*,#1936,.F.);
#1265=ORIENTED_EDGE('',*,*,#1987,.T.);
#1266=ORIENTED_EDGE('',*,*,#1916,.F.);
#1267=ORIENTED_EDGE('',*,*,#1988,.F.);
#1268=ORIENTED_EDGE('',*,*,#1989,.T.);
#1269=ORIENTED_EDGE('',*,*,#1947,.F.);
#1270=ORIENTED_EDGE('',*,*,#1903,.F.);
#1271=ORIENTED_EDGE('',*,*,#1990,.T.);
#1272=ORIENTED_EDGE('',*,*,#1988,.T.);
#1273=ORIENTED_EDGE('',*,*,#1626,.F.);
#1274=ORIENTED_EDGE('',*,*,#1991,.F.);
#1275=ORIENTED_EDGE('',*,*,#1991,.T.);
#1276=ORIENTED_EDGE('',*,*,#1943,.F.);
#1277=ORIENTED_EDGE('',*,*,#1992,.F.);
#1278=ORIENTED_EDGE('',*,*,#1904,.F.);
#1279=ORIENTED_EDGE('',*,*,#1992,.T.);
#1280=ORIENTED_EDGE('',*,*,#1630,.F.);
#1281=ORIENTED_EDGE('',*,*,#1993,.F.);
#1282=ORIENTED_EDGE('',*,*,#1905,.F.);
#1283=ORIENTED_EDGE('',*,*,#1993,.T.);
#1284=ORIENTED_EDGE('',*,*,#1938,.F.);
#1285=ORIENTED_EDGE('',*,*,#1887,.F.);
#1286=ORIENTED_EDGE('',*,*,#1906,.F.);
#1287=ORIENTED_EDGE('',*,*,#1848,.F.);
#1288=ORIENTED_EDGE('',*,*,#1973,.F.);
#1289=ORIENTED_EDGE('',*,*,#1994,.F.);
#1290=ORIENTED_EDGE('',*,*,#1994,.T.);
#1291=ORIENTED_EDGE('',*,*,#1974,.F.);
#1292=ORIENTED_EDGE('',*,*,#1995,.F.);
#1293=ORIENTED_EDGE('',*,*,#1849,.F.);
#1294=ORIENTED_EDGE('',*,*,#1995,.T.);
#1295=ORIENTED_EDGE('',*,*,#1930,.F.);
#1296=ORIENTED_EDGE('',*,*,#1996,.F.);
#1297=ORIENTED_EDGE('',*,*,#1850,.F.);
#1298=ORIENTED_EDGE('',*,*,#1996,.T.);
#1299=ORIENTED_EDGE('',*,*,#1954,.F.);
#1300=ORIENTED_EDGE('',*,*,#1997,.F.);
#1301=ORIENTED_EDGE('',*,*,#1851,.F.);
#1302=ORIENTED_EDGE('',*,*,#1997,.T.);
#1303=ORIENTED_EDGE('',*,*,#1735,.F.);
#1304=ORIENTED_EDGE('',*,*,#1998,.F.);
#1305=ORIENTED_EDGE('',*,*,#1852,.F.);
#1306=ORIENTED_EDGE('',*,*,#1998,.T.);
#1307=ORIENTED_EDGE('',*,*,#1971,.F.);
#1308=ORIENTED_EDGE('',*,*,#1999,.F.);
#1309=ORIENTED_EDGE('',*,*,#1853,.F.);
#1310=ORIENTED_EDGE('',*,*,#1999,.T.);
#1311=ORIENTED_EDGE('',*,*,#1913,.F.);
#1312=ORIENTED_EDGE('',*,*,#2000,.F.);
#1313=ORIENTED_EDGE('',*,*,#1854,.F.);
#1314=ORIENTED_EDGE('',*,*,#2000,.T.);
#1315=ORIENTED_EDGE('',*,*,#1984,.F.);
#1316=ORIENTED_EDGE('',*,*,#2001,.F.);
#1317=ORIENTED_EDGE('',*,*,#1845,.F.);
#1318=ORIENTED_EDGE('',*,*,#2001,.T.);
#1319=ORIENTED_EDGE('',*,*,#1982,.F.);
#1320=ORIENTED_EDGE('',*,*,#1846,.F.);
#1321=ORIENTED_EDGE('',*,*,#1858,.F.);
#1322=ORIENTED_EDGE('',*,*,#1989,.F.);
#1323=ORIENTED_EDGE('',*,*,#2002,.F.);
#1324=ORIENTED_EDGE('',*,*,#2002,.T.);
#1325=ORIENTED_EDGE('',*,*,#1990,.F.);
#1326=ORIENTED_EDGE('',*,*,#2003,.F.);
#1327=ORIENTED_EDGE('',*,*,#1859,.F.);
#1328=ORIENTED_EDGE('',*,*,#2003,.T.);
#1329=ORIENTED_EDGE('',*,*,#1902,.F.);
#1330=ORIENTED_EDGE('',*,*,#2004,.F.);
#1331=ORIENTED_EDGE('',*,*,#1860,.F.);
#1332=ORIENTED_EDGE('',*,*,#2004,.T.);
#1333=ORIENTED_EDGE('',*,*,#1963,.F.);
#1334=ORIENTED_EDGE('',*,*,#2005,.F.);
#1335=ORIENTED_EDGE('',*,*,#1861,.F.);
#1336=ORIENTED_EDGE('',*,*,#2005,.T.);
#1337=ORIENTED_EDGE('',*,*,#1920,.F.);
#1338=ORIENTED_EDGE('',*,*,#2006,.F.);
#1339=ORIENTED_EDGE('',*,*,#1862,.F.);
#1340=ORIENTED_EDGE('',*,*,#2006,.T.);
#1341=ORIENTED_EDGE('',*,*,#1950,.F.);
#1342=ORIENTED_EDGE('',*,*,#2007,.F.);
#1343=ORIENTED_EDGE('',*,*,#1863,.F.);
#1344=ORIENTED_EDGE('',*,*,#2007,.T.);
#1345=ORIENTED_EDGE('',*,*,#1923,.F.);
#1346=ORIENTED_EDGE('',*,*,#2008,.F.);
#1347=ORIENTED_EDGE('',*,*,#1864,.F.);
#1348=ORIENTED_EDGE('',*,*,#2008,.T.);
#1349=ORIENTED_EDGE('',*,*,#1979,.F.);
#1350=ORIENTED_EDGE('',*,*,#2009,.F.);
#1351=ORIENTED_EDGE('',*,*,#1855,.F.);
#1352=ORIENTED_EDGE('',*,*,#2009,.T.);
#1353=ORIENTED_EDGE('',*,*,#1977,.F.);
#1354=ORIENTED_EDGE('',*,*,#1856,.F.);
#1355=ORIENTED_EDGE('',*,*,#2010,.T.);
#1356=ORIENTED_EDGE('',*,*,#2011,.T.);
#1357=ORIENTED_EDGE('',*,*,#1602,.F.);
#1358=ORIENTED_EDGE('',*,*,#2012,.T.);
#1359=ORIENTED_EDGE('',*,*,#2013,.T.);
#1360=ORIENTED_EDGE('',*,*,#1605,.T.);
#1361=ORIENTED_EDGE('',*,*,#1606,.F.);
#1362=ORIENTED_EDGE('',*,*,#2014,.T.);
#1363=ORIENTED_EDGE('',*,*,#2015,.T.);
#1364=ORIENTED_EDGE('',*,*,#2016,.T.);
#1365=ORIENTED_EDGE('',*,*,#2013,.F.);
#1366=ORIENTED_EDGE('',*,*,#2017,.T.);
#1367=ORIENTED_EDGE('',*,*,#2018,.T.);
#1368=ORIENTED_EDGE('',*,*,#2019,.T.);
#1369=ORIENTED_EDGE('',*,*,#2020,.F.);
#1370=ORIENTED_EDGE('',*,*,#2018,.F.);
#1371=ORIENTED_EDGE('',*,*,#2020,.T.);
#1372=ORIENTED_EDGE('',*,*,#2017,.F.);
#1373=ORIENTED_EDGE('',*,*,#2021,.T.);
#1374=ORIENTED_EDGE('',*,*,#1608,.T.);
#1375=ORIENTED_EDGE('',*,*,#1609,.F.);
#1376=ORIENTED_EDGE('',*,*,#2022,.T.);
#1377=ORIENTED_EDGE('',*,*,#2023,.T.);
#1378=ORIENTED_EDGE('',*,*,#2024,.T.);
#1379=ORIENTED_EDGE('',*,*,#2021,.F.);
#1380=ORIENTED_EDGE('',*,*,#2025,.F.);
#1381=ORIENTED_EDGE('',*,*,#2026,.T.);
#1382=ORIENTED_EDGE('',*,*,#1648,.T.);
#1383=ORIENTED_EDGE('',*,*,#2027,.T.);
#1384=ORIENTED_EDGE('',*,*,#2028,.F.);
#1385=ORIENTED_EDGE('',*,*,#2025,.T.);
#1386=ORIENTED_EDGE('',*,*,#1836,.F.);
#1387=ORIENTED_EDGE('',*,*,#2029,.F.);
#1388=ORIENTED_EDGE('',*,*,#2030,.T.);
#1389=ORIENTED_EDGE('',*,*,#1631,.T.);
#1390=ORIENTED_EDGE('',*,*,#2031,.T.);
#1391=ORIENTED_EDGE('',*,*,#2032,.F.);
#1392=ORIENTED_EDGE('',*,*,#2029,.T.);
#1393=ORIENTED_EDGE('',*,*,#1788,.F.);
#1394=ORIENTED_EDGE('',*,*,#2033,.F.);
#1395=ORIENTED_EDGE('',*,*,#1658,.T.);
#1396=ORIENTED_EDGE('',*,*,#1786,.F.);
#1397=ORIENTED_EDGE('',*,*,#2033,.T.);
#1398=ORIENTED_EDGE('',*,*,#2034,.F.);
#1399=ORIENTED_EDGE('',*,*,#1652,.F.);
#1400=ORIENTED_EDGE('',*,*,#2035,.F.);
#1401=ORIENTED_EDGE('',*,*,#2035,.T.);
#1402=ORIENTED_EDGE('',*,*,#1651,.T.);
#1403=ORIENTED_EDGE('',*,*,#2036,.F.);
#1404=ORIENTED_EDGE('',*,*,#1844,.F.);
#1405=ORIENTED_EDGE('',*,*,#2034,.T.);
#1406=ORIENTED_EDGE('',*,*,#1843,.F.);
#1407=ORIENTED_EDGE('',*,*,#2037,.F.);
#1408=ORIENTED_EDGE('',*,*,#1653,.T.);
#1409=ORIENTED_EDGE('',*,*,#2036,.T.);
#1410=ORIENTED_EDGE('',*,*,#1650,.F.);
#1411=ORIENTED_EDGE('',*,*,#2038,.F.);
#1412=ORIENTED_EDGE('',*,*,#1654,.F.);
#1413=ORIENTED_EDGE('',*,*,#2037,.T.);
#1414=ORIENTED_EDGE('',*,*,#2039,.F.);
#1415=ORIENTED_EDGE('',*,*,#2038,.T.);
#1416=ORIENTED_EDGE('',*,*,#1657,.F.);
#1417=ORIENTED_EDGE('',*,*,#2040,.F.);
#1418=ORIENTED_EDGE('',*,*,#1841,.F.);
#1419=ORIENTED_EDGE('',*,*,#2039,.T.);
#1420=ORIENTED_EDGE('',*,*,#1842,.F.);
#1421=ORIENTED_EDGE('',*,*,#2041,.F.);
#1422=ORIENTED_EDGE('',*,*,#1655,.F.);
#1423=ORIENTED_EDGE('',*,*,#2041,.T.);
#1424=ORIENTED_EDGE('',*,*,#2040,.T.);
#1425=ORIENTED_EDGE('',*,*,#1656,.F.);
#1426=ORIENTED_EDGE('',*,*,#1835,.F.);
#1427=ORIENTED_EDGE('',*,*,#1837,.F.);
#1428=ORIENTED_EDGE('',*,*,#1785,.F.);
#1429=ORIENTED_EDGE('',*,*,#1838,.F.);
#1430=ORIENTED_EDGE('',*,*,#1787,.F.);
#1431=ORIENTED_EDGE('',*,*,#1839,.F.);
#1432=ORIENTED_EDGE('',*,*,#1789,.F.);
#1433=ORIENTED_EDGE('',*,*,#1840,.F.);
#1434=ORIENTED_EDGE('',*,*,#2042,.T.);
#1435=ORIENTED_EDGE('',*,*,#2043,.T.);
#1436=ORIENTED_EDGE('',*,*,#2044,.T.);
#1437=ORIENTED_EDGE('',*,*,#2045,.T.);
#1438=ORIENTED_EDGE('',*,*,#2046,.F.);
#1439=ORIENTED_EDGE('',*,*,#2047,.F.);
#1440=ORIENTED_EDGE('',*,*,#2048,.T.);
#1441=ORIENTED_EDGE('',*,*,#1621,.F.);
#1442=ORIENTED_EDGE('',*,*,#2049,.T.);
#1443=ORIENTED_EDGE('',*,*,#2047,.T.);
#1444=ORIENTED_EDGE('',*,*,#2050,.T.);
#1445=ORIENTED_EDGE('',*,*,#2051,.T.);
#1446=ORIENTED_EDGE('',*,*,#2052,.T.);
#1447=ORIENTED_EDGE('',*,*,#2053,.F.);
#1448=ORIENTED_EDGE('',*,*,#2054,.T.);
#1449=ORIENTED_EDGE('',*,*,#1618,.T.);
#1450=ORIENTED_EDGE('',*,*,#2053,.T.);
#1451=ORIENTED_EDGE('',*,*,#2055,.T.);
#1452=ORIENTED_EDGE('',*,*,#2056,.F.);
#1453=ORIENTED_EDGE('',*,*,#2057,.T.);
#1454=ORIENTED_EDGE('',*,*,#1617,.F.);
#1455=ORIENTED_EDGE('',*,*,#2058,.T.);
#1456=ORIENTED_EDGE('',*,*,#2056,.T.);
#1457=ORIENTED_EDGE('',*,*,#2059,.T.);
#1458=ORIENTED_EDGE('',*,*,#2060,.F.);
#1459=ORIENTED_EDGE('',*,*,#2061,.T.);
#1460=ORIENTED_EDGE('',*,*,#2062,.T.);
#1461=ORIENTED_EDGE('',*,*,#2060,.T.);
#1462=ORIENTED_EDGE('',*,*,#2063,.T.);
#1463=ORIENTED_EDGE('',*,*,#2064,.F.);
#1464=ORIENTED_EDGE('',*,*,#2065,.T.);
#1465=ORIENTED_EDGE('',*,*,#2066,.F.);
#1466=ORIENTED_EDGE('',*,*,#2067,.T.);
#1467=ORIENTED_EDGE('',*,*,#2064,.T.);
#1468=ORIENTED_EDGE('',*,*,#2068,.T.);
#1469=ORIENTED_EDGE('',*,*,#2069,.F.);
#1470=ORIENTED_EDGE('',*,*,#2045,.F.);
#1471=ORIENTED_EDGE('',*,*,#2070,.T.);
#1472=ORIENTED_EDGE('',*,*,#2043,.F.);
#1473=ORIENTED_EDGE('',*,*,#2071,.T.);
#1474=ORIENTED_EDGE('',*,*,#2066,.T.);
#1475=ORIENTED_EDGE('',*,*,#2072,.T.);
#1476=ORIENTED_EDGE('',*,*,#2073,.T.);
#1477=ORIENTED_EDGE('',*,*,#2074,.T.);
#1478=ORIENTED_EDGE('',*,*,#2075,.F.);
#1479=ORIENTED_EDGE('',*,*,#2069,.T.);
#1480=ORIENTED_EDGE('',*,*,#2076,.F.);
#1481=ORIENTED_EDGE('',*,*,#2077,.T.);
#1482=ORIENTED_EDGE('',*,*,#2078,.T.);
#1483=ORIENTED_EDGE('',*,*,#2051,.F.);
#1484=ORIENTED_EDGE('',*,*,#2079,.F.);
#1485=ORIENTED_EDGE('',*,*,#2076,.T.);
#1486=ORIENTED_EDGE('',*,*,#1622,.T.);
#1487=ORIENTED_EDGE('',*,*,#2050,.F.);
#1488=ORIENTED_EDGE('',*,*,#2046,.T.);
#1489=ORIENTED_EDGE('',*,*,#2075,.T.);
#1490=ORIENTED_EDGE('',*,*,#2080,.T.);
#1491=ORIENTED_EDGE('',*,*,#2042,.F.);
#1492=ORIENTED_EDGE('',*,*,#2062,.F.);
#1493=ORIENTED_EDGE('',*,*,#2080,.F.);
#1494=ORIENTED_EDGE('',*,*,#2057,.F.);
#1495=ORIENTED_EDGE('',*,*,#2061,.F.);
#1496=ORIENTED_EDGE('',*,*,#2067,.F.);
#1497=ORIENTED_EDGE('',*,*,#2071,.F.);
#1498=ORIENTED_EDGE('',*,*,#2081,.F.);
#1499=ORIENTED_EDGE('',*,*,#1614,.F.);
#1500=ORIENTED_EDGE('',*,*,#1619,.F.);
#1501=ORIENTED_EDGE('',*,*,#2054,.F.);
#1502=ORIENTED_EDGE('',*,*,#2058,.F.);
#1503=ORIENTED_EDGE('',*,*,#1616,.F.);
#1504=ORIENTED_EDGE('',*,*,#2065,.F.);
#1505=ORIENTED_EDGE('',*,*,#2070,.F.);
#1506=ORIENTED_EDGE('',*,*,#2044,.F.);
#1507=ORIENTED_EDGE('',*,*,#2072,.F.);
#1508=ORIENTED_EDGE('',*,*,#2048,.F.);
#1509=ORIENTED_EDGE('',*,*,#2049,.F.);
#1510=ORIENTED_EDGE('',*,*,#1620,.F.);
#1511=ORIENTED_EDGE('',*,*,#2081,.T.);
#1512=ORIENTED_EDGE('',*,*,#2082,.F.);
#1513=ORIENTED_EDGE('',*,*,#1645,.F.);
#1514=ORIENTED_EDGE('',*,*,#2083,.F.);
#1515=ORIENTED_EDGE('',*,*,#2059,.F.);
#1516=ORIENTED_EDGE('',*,*,#2083,.T.);
#1517=ORIENTED_EDGE('',*,*,#1644,.F.);
#1518=ORIENTED_EDGE('',*,*,#2084,.F.);
#1519=ORIENTED_EDGE('',*,*,#2063,.F.);
#1520=ORIENTED_EDGE('',*,*,#2082,.T.);
#1521=ORIENTED_EDGE('',*,*,#2055,.F.);
#1522=ORIENTED_EDGE('',*,*,#2085,.F.);
#1523=ORIENTED_EDGE('',*,*,#1646,.F.);
#1524=ORIENTED_EDGE('',*,*,#1639,.F.);
#1525=ORIENTED_EDGE('',*,*,#2086,.T.);
#1526=ORIENTED_EDGE('',*,*,#2015,.F.);
#1527=ORIENTED_EDGE('',*,*,#2087,.T.);
#1528=ORIENTED_EDGE('',*,*,#2088,.F.);
#1529=ORIENTED_EDGE('',*,*,#2019,.F.);
#1530=ORIENTED_EDGE('',*,*,#2089,.F.);
#1531=ORIENTED_EDGE('',*,*,#1641,.F.);
#1532=ORIENTED_EDGE('',*,*,#2084,.T.);
#1533=ORIENTED_EDGE('',*,*,#1643,.F.);
#1534=ORIENTED_EDGE('',*,*,#2090,.F.);
#1535=ORIENTED_EDGE('',*,*,#2068,.F.);
#1536=ORIENTED_EDGE('',*,*,#2085,.T.);
#1537=ORIENTED_EDGE('',*,*,#2052,.F.);
#1538=ORIENTED_EDGE('',*,*,#2091,.F.);
#1539=ORIENTED_EDGE('',*,*,#1647,.F.);
#1540=ORIENTED_EDGE('',*,*,#2088,.T.);
#1541=ORIENTED_EDGE('',*,*,#2092,.T.);
#1542=ORIENTED_EDGE('',*,*,#2073,.F.);
#1543=ORIENTED_EDGE('',*,*,#2090,.T.);
#1544=ORIENTED_EDGE('',*,*,#1642,.F.);
#1545=ORIENTED_EDGE('',*,*,#2089,.T.);
#1546=ORIENTED_EDGE('',*,*,#1640,.F.);
#1547=ORIENTED_EDGE('',*,*,#2078,.F.);
#1548=ORIENTED_EDGE('',*,*,#2093,.T.);
#1549=ORIENTED_EDGE('',*,*,#1637,.F.);
#1550=ORIENTED_EDGE('',*,*,#2091,.T.);
#1551=ORIENTED_EDGE('',*,*,#2023,.F.);
#1552=ORIENTED_EDGE('',*,*,#2094,.T.);
#1553=ORIENTED_EDGE('',*,*,#1633,.F.);
#1554=ORIENTED_EDGE('',*,*,#2095,.T.);
#1555=ORIENTED_EDGE('',*,*,#2096,.T.);
#1556=ORIENTED_EDGE('',*,*,#2097,.T.);
#1557=ORIENTED_EDGE('',*,*,#2010,.F.);
#1558=ORIENTED_EDGE('',*,*,#1604,.F.);
#1559=ORIENTED_EDGE('',*,*,#1600,.F.);
#1560=ORIENTED_EDGE('',*,*,#1613,.F.);
#1561=ORIENTED_EDGE('',*,*,#1636,.T.);
#1562=ORIENTED_EDGE('',*,*,#2098,.F.);
#1563=ORIENTED_EDGE('',*,*,#2096,.F.);
#1564=ORIENTED_EDGE('',*,*,#2012,.F.);
#1565=ORIENTED_EDGE('',*,*,#2097,.F.);
#1566=ORIENTED_EDGE('',*,*,#2098,.T.);
#1567=ORIENTED_EDGE('',*,*,#1635,.T.);
#1568=ORIENTED_EDGE('',*,*,#1611,.F.);
#1569=ORIENTED_EDGE('',*,*,#1598,.F.);
#1570=ORIENTED_EDGE('',*,*,#1603,.F.);
#1571=ORIENTED_EDGE('',*,*,#2011,.F.);
#1572=ORIENTED_EDGE('',*,*,#1610,.F.);
#1573=ORIENTED_EDGE('',*,*,#2024,.F.);
#1574=ORIENTED_EDGE('',*,*,#2095,.F.);
#1575=ORIENTED_EDGE('',*,*,#1634,.T.);
#1576=ORIENTED_EDGE('',*,*,#2094,.F.);
#1577=ORIENTED_EDGE('',*,*,#2022,.F.);
#1578=ORIENTED_EDGE('',*,*,#2086,.F.);
#1579=ORIENTED_EDGE('',*,*,#1638,.T.);
#1580=ORIENTED_EDGE('',*,*,#2093,.F.);
#1581=ORIENTED_EDGE('',*,*,#2077,.F.);
#1582=ORIENTED_EDGE('',*,*,#2079,.T.);
#1583=ORIENTED_EDGE('',*,*,#2074,.F.);
#1584=ORIENTED_EDGE('',*,*,#2092,.F.);
#1585=ORIENTED_EDGE('',*,*,#2087,.F.);
#1586=ORIENTED_EDGE('',*,*,#2014,.F.);
#1587=ORIENTED_EDGE('',*,*,#1607,.F.);
#1588=ORIENTED_EDGE('',*,*,#2016,.F.);
#1589=ORIENTED_EDGE('',*,*,#2032,.T.);
#1590=ORIENTED_EDGE('',*,*,#2031,.F.);
#1591=ORIENTED_EDGE('',*,*,#1632,.T.);
#1592=ORIENTED_EDGE('',*,*,#2030,.F.);
#1593=ORIENTED_EDGE('',*,*,#2028,.T.);
#1594=ORIENTED_EDGE('',*,*,#2027,.F.);
#1595=ORIENTED_EDGE('',*,*,#1649,.T.);
#1596=ORIENTED_EDGE('',*,*,#2026,.F.);
#1597=EDGE_CURVE('',#2099,#2100,#2440,.T.);
#1598=EDGE_CURVE('',#2099,#2101,#183,.T.);
#1599=EDGE_CURVE('',#2101,#2102,#2441,.T.);
#1600=EDGE_CURVE('',#2102,#2100,#184,.F.);
#1601=EDGE_CURVE('',#2103,#2103,#2442,.T.);
#1602=EDGE_CURVE('',#2104,#2105,#2443,.T.);
#1603=EDGE_CURVE('',#2105,#2099,#185,.T.);
#1604=EDGE_CURVE('',#2100,#2104,#186,.T.);
#1605=EDGE_CURVE('',#2106,#2106,#2444,.T.);
#1606=EDGE_CURVE('',#2107,#2108,#2445,.T.);
#1607=EDGE_CURVE('',#2108,#2107,#187,.T.);
#1608=EDGE_CURVE('',#2109,#2109,#2446,.T.);
#1609=EDGE_CURVE('',#2110,#2111,#2447,.T.);
#1610=EDGE_CURVE('',#2111,#2110,#188,.T.);
#1611=EDGE_CURVE('',#2101,#2112,#61,.T.);
#1612=EDGE_CURVE('',#2113,#2112,#2448,.F.);
#1613=EDGE_CURVE('',#2113,#2102,#62,.T.);
#1614=EDGE_CURVE('',#2114,#2115,#189,.T.);
#1615=EDGE_CURVE('',#2115,#2116,#190,.T.);
#1616=EDGE_CURVE('',#2116,#2117,#191,.T.);
#1617=EDGE_CURVE('',#2117,#2114,#192,.T.);
#1618=EDGE_CURVE('',#2118,#2119,#193,.T.);
#1619=EDGE_CURVE('',#2118,#2116,#2449,.F.);
#1620=EDGE_CURVE('',#2115,#2120,#194,.T.);
#1621=EDGE_CURVE('',#2120,#2121,#195,.T.);
#1622=EDGE_CURVE('',#2119,#2121,#196,.T.);
#1623=EDGE_CURVE('',#2122,#2123,#197,.F.);
#1624=EDGE_CURVE('',#2123,#2124,#198,.F.);
#1625=EDGE_CURVE('',#2124,#2125,#199,.T.);
#1626=EDGE_CURVE('',#2125,#2122,#200,.T.);
#1627=EDGE_CURVE('',#2126,#2127,#201,.F.);
#1628=EDGE_CURVE('',#2127,#2128,#202,.T.);
#1629=EDGE_CURVE('',#2128,#2129,#203,.T.);
#1630=EDGE_CURVE('',#2129,#2126,#204,.F.);
#1631=EDGE_CURVE('',#2130,#2131,#2450,.T.);
#1632=EDGE_CURVE('',#2131,#2130,#205,.T.);
#1633=EDGE_CURVE('',#2132,#2133,#2451,.F.);
#1634=EDGE_CURVE('',#2132,#2133,#206,.T.);
#1635=EDGE_CURVE('',#2134,#2112,#207,.T.);
#1636=EDGE_CURVE('',#2113,#2134,#208,.T.);
#1637=EDGE_CURVE('',#2135,#2136,#209,.F.);
#1638=EDGE_CURVE('',#2137,#2136,#210,.T.);
#1639=EDGE_CURVE('',#2137,#2138,#2452,.F.);
#1640=EDGE_CURVE('',#2138,#2139,#211,.F.);
#1641=EDGE_CURVE('',#2139,#2140,#2453,.F.);
#1642=EDGE_CURVE('',#2140,#2141,#212,.F.);
#1643=EDGE_CURVE('',#2141,#2142,#213,.F.);
#1644=EDGE_CURVE('',#2142,#2143,#214,.F.);
#1645=EDGE_CURVE('',#2143,#2144,#215,.F.);
#1646=EDGE_CURVE('',#2144,#2145,#216,.F.);
#1647=EDGE_CURVE('',#2145,#2135,#217,.F.);
#1648=EDGE_CURVE('',#2146,#2147,#2454,.T.);
#1649=EDGE_CURVE('',#2147,#2146,#218,.T.);
#1650=EDGE_CURVE('',#2148,#2149,#2455,.T.);
#1651=EDGE_CURVE('',#2150,#2149,#219,.T.);
#1652=EDGE_CURVE('',#2150,#2151,#2456,.T.);
#1653=EDGE_CURVE('',#2152,#2151,#220,.T.);
#1654=EDGE_CURVE('',#2152,#2153,#2457,.T.);
#1655=EDGE_CURVE('',#2153,#2154,#221,.T.);
#1656=EDGE_CURVE('',#2154,#2155,#2458,.T.);
#1657=EDGE_CURVE('',#2155,#2148,#222,.T.);
#1658=EDGE_CURVE('',#2156,#2156,#2459,.T.);
#1659=EDGE_CURVE('',#2157,#2158,#223,.T.);
#1660=EDGE_CURVE('',#2158,#2159,#224,.F.);
#1661=EDGE_CURVE('',#2159,#2160,#225,.F.);
#1662=EDGE_CURVE('',#2160,#2161,#226,.T.);
#1663=EDGE_CURVE('',#2161,#2162,#227,.T.);
#1664=EDGE_CURVE('',#2162,#2163,#228,.F.);
#1665=EDGE_CURVE('',#2163,#2164,#229,.F.);
#1666=EDGE_CURVE('',#2164,#2165,#230,.T.);
#1667=EDGE_CURVE('',#2165,#2166,#35,.F.);
#1668=EDGE_CURVE('',#2167,#2166,#231,.T.);
#1669=EDGE_CURVE('',#2167,#2168,#36,.F.);
#1670=EDGE_CURVE('',#2168,#2169,#232,.F.);
#1671=EDGE_CURVE('',#2169,#2170,#233,.T.);
#1672=EDGE_CURVE('',#2170,#2157,#234,.T.);
#1673=EDGE_CURVE('',#2171,#2171,#2460,.T.);
#1674=EDGE_CURVE('',#2172,#2172,#2461,.T.);
#1675=EDGE_CURVE('',#2173,#2173,#2462,.T.);
#1676=EDGE_CURVE('',#2174,#2174,#2463,.T.);
#1677=EDGE_CURVE('',#2175,#2175,#2464,.T.);
#1678=EDGE_CURVE('',#2176,#2176,#2465,.T.);
#1679=EDGE_CURVE('',#2177,#2177,#2466,.T.);
#1680=EDGE_CURVE('',#2178,#2178,#2467,.T.);
#1681=EDGE_CURVE('',#2179,#2179,#2468,.T.);
#1682=EDGE_CURVE('',#2180,#2180,#2469,.T.);
#1683=EDGE_CURVE('',#2181,#2181,#2470,.T.);
#1684=EDGE_CURVE('',#2182,#2182,#2471,.T.);
#1685=EDGE_CURVE('',#2183,#2183,#2472,.T.);
#1686=EDGE_CURVE('',#2184,#2184,#2473,.T.);
#1687=EDGE_CURVE('',#2185,#2185,#2474,.T.);
#1688=EDGE_CURVE('',#2186,#2186,#2475,.T.);
#1689=EDGE_CURVE('',#2187,#2187,#2476,.T.);
#1690=EDGE_CURVE('',#2188,#2188,#2477,.T.);
#1691=EDGE_CURVE('',#2189,#2189,#2478,.T.);
#1692=EDGE_CURVE('',#2190,#2190,#2479,.T.);
#1693=EDGE_CURVE('',#2191,#2191,#2480,.T.);
#1694=EDGE_CURVE('',#2192,#2192,#2481,.T.);
#1695=EDGE_CURVE('',#2193,#2193,#2482,.T.);
#1696=EDGE_CURVE('',#2194,#2194,#2483,.T.);
#1697=EDGE_CURVE('',#2195,#2195,#2484,.T.);
#1698=EDGE_CURVE('',#2196,#2196,#2485,.T.);
#1699=EDGE_CURVE('',#2197,#2197,#2486,.T.);
#1700=EDGE_CURVE('',#2198,#2198,#2487,.T.);
#1701=EDGE_CURVE('',#2199,#2199,#2488,.T.);
#1702=EDGE_CURVE('',#2200,#2201,#2489,.T.);
#1703=EDGE_CURVE('',#2201,#2200,#2490,.T.);
#1704=EDGE_CURVE('',#2202,#2203,#2491,.T.);
#1705=EDGE_CURVE('',#2203,#2202,#2492,.T.);
#1706=EDGE_CURVE('',#2204,#2205,#2493,.T.);
#1707=EDGE_CURVE('',#2205,#2204,#2494,.T.);
#1708=EDGE_CURVE('',#2206,#2207,#2495,.T.);
#1709=EDGE_CURVE('',#2207,#2206,#2496,.T.);
#1710=EDGE_CURVE('',#2208,#2209,#2497,.T.);
#1711=EDGE_CURVE('',#2209,#2208,#2498,.T.);
#1712=EDGE_CURVE('',#2210,#2211,#2499,.T.);
#1713=EDGE_CURVE('',#2211,#2210,#2500,.T.);
#1714=EDGE_CURVE('',#2212,#2213,#2501,.T.);
#1715=EDGE_CURVE('',#2213,#2212,#2502,.T.);
#1716=EDGE_CURVE('',#2214,#2215,#2503,.T.);
#1717=EDGE_CURVE('',#2215,#2214,#2504,.T.);
#1718=EDGE_CURVE('',#2216,#2217,#2505,.T.);
#1719=EDGE_CURVE('',#2217,#2216,#2506,.T.);
#1720=EDGE_CURVE('',#2218,#2219,#2507,.T.);
#1721=EDGE_CURVE('',#2219,#2218,#2508,.T.);
#1722=EDGE_CURVE('',#2220,#2221,#2509,.T.);
#1723=EDGE_CURVE('',#2221,#2220,#2510,.T.);
#1724=EDGE_CURVE('',#2222,#2223,#2511,.T.);
#1725=EDGE_CURVE('',#2223,#2222,#2512,.T.);
#1726=EDGE_CURVE('',#2224,#2225,#2513,.T.);
#1727=EDGE_CURVE('',#2225,#2224,#2514,.T.);
#1728=EDGE_CURVE('',#2226,#2227,#2515,.T.);
#1729=EDGE_CURVE('',#2227,#2226,#2516,.T.);
#1730=EDGE_CURVE('',#2228,#2229,#2517,.T.);
#1731=EDGE_CURVE('',#2229,#2228,#2518,.T.);
#1732=EDGE_CURVE('',#2230,#2231,#2519,.T.);
#1733=EDGE_CURVE('',#2231,#2230,#2520,.T.);
#1734=EDGE_CURVE('',#2157,#2232,#235,.T.);
#1735=EDGE_CURVE('',#2232,#2233,#236,.T.);
#1736=EDGE_CURVE('',#2233,#2158,#237,.T.);
#1737=EDGE_CURVE('',#2234,#2235,#2521,.T.);
#1738=EDGE_CURVE('',#2230,#2234,#238,.T.);
#1739=EDGE_CURVE('',#2231,#2235,#239,.T.);
#1740=EDGE_CURVE('',#2236,#2237,#2522,.T.);
#1741=EDGE_CURVE('',#2228,#2236,#240,.T.);
#1742=EDGE_CURVE('',#2229,#2237,#241,.T.);
#1743=EDGE_CURVE('',#2238,#2239,#2523,.T.);
#1744=EDGE_CURVE('',#2226,#2238,#242,.T.);
#1745=EDGE_CURVE('',#2227,#2239,#243,.T.);
#1746=EDGE_CURVE('',#2240,#2241,#2524,.T.);
#1747=EDGE_CURVE('',#2224,#2240,#244,.T.);
#1748=EDGE_CURVE('',#2225,#2241,#245,.T.);
#1749=EDGE_CURVE('',#2242,#2243,#2525,.T.);
#1750=EDGE_CURVE('',#2222,#2242,#246,.T.);
#1751=EDGE_CURVE('',#2223,#2243,#247,.T.);
#1752=EDGE_CURVE('',#2244,#2245,#2526,.T.);
#1753=EDGE_CURVE('',#2220,#2244,#248,.T.);
#1754=EDGE_CURVE('',#2221,#2245,#249,.T.);
#1755=EDGE_CURVE('',#2246,#2247,#2527,.T.);
#1756=EDGE_CURVE('',#2218,#2246,#250,.T.);
#1757=EDGE_CURVE('',#2219,#2247,#251,.T.);
#1758=EDGE_CURVE('',#2248,#2249,#2528,.T.);
#1759=EDGE_CURVE('',#2216,#2248,#252,.T.);
#1760=EDGE_CURVE('',#2217,#2249,#253,.T.);
#1761=EDGE_CURVE('',#2250,#2251,#2529,.T.);
#1762=EDGE_CURVE('',#2214,#2250,#254,.T.);
#1763=EDGE_CURVE('',#2215,#2251,#255,.T.);
#1764=EDGE_CURVE('',#2252,#2253,#2530,.T.);
#1765=EDGE_CURVE('',#2212,#2252,#256,.T.);
#1766=EDGE_CURVE('',#2213,#2253,#257,.T.);
#1767=EDGE_CURVE('',#2254,#2255,#2531,.T.);
#1768=EDGE_CURVE('',#2210,#2254,#258,.T.);
#1769=EDGE_CURVE('',#2211,#2255,#259,.T.);
#1770=EDGE_CURVE('',#2256,#2257,#2532,.T.);
#1771=EDGE_CURVE('',#2208,#2256,#260,.T.);
#1772=EDGE_CURVE('',#2209,#2257,#261,.T.);
#1773=EDGE_CURVE('',#2258,#2259,#2533,.T.);
#1774=EDGE_CURVE('',#2206,#2258,#262,.T.);
#1775=EDGE_CURVE('',#2207,#2259,#263,.T.);
#1776=EDGE_CURVE('',#2260,#2261,#2534,.T.);
#1777=EDGE_CURVE('',#2204,#2260,#264,.T.);
#1778=EDGE_CURVE('',#2205,#2261,#265,.T.);
#1779=EDGE_CURVE('',#2262,#2263,#2535,.T.);
#1780=EDGE_CURVE('',#2202,#2262,#266,.T.);
#1781=EDGE_CURVE('',#2203,#2263,#267,.T.);
#1782=EDGE_CURVE('',#2264,#2265,#2536,.T.);
#1783=EDGE_CURVE('',#2200,#2264,#268,.T.);
#1784=EDGE_CURVE('',#2201,#2265,#269,.T.);
#1785=EDGE_CURVE('',#2266,#2266,#2537,.F.);
#1786=EDGE_CURVE('',#2267,#2267,#2538,.T.);
#1787=EDGE_CURVE('',#2268,#2268,#2539,.F.);
#1788=EDGE_CURVE('',#2269,#2269,#2540,.T.);
#1789=EDGE_CURVE('',#2270,#2270,#2541,.F.);
#1790=EDGE_CURVE('',#2235,#2234,#2542,.T.);
#1791=EDGE_CURVE('',#2237,#2236,#2543,.T.);
#1792=EDGE_CURVE('',#2239,#2238,#2544,.T.);
#1793=EDGE_CURVE('',#2241,#2240,#2545,.T.);
#1794=EDGE_CURVE('',#2243,#2242,#2546,.T.);
#1795=EDGE_CURVE('',#2245,#2244,#2547,.T.);
#1796=EDGE_CURVE('',#2247,#2246,#2548,.T.);
#1797=EDGE_CURVE('',#2249,#2248,#2549,.T.);
#1798=EDGE_CURVE('',#2251,#2250,#2550,.T.);
#1799=EDGE_CURVE('',#2253,#2252,#2551,.T.);
#1800=EDGE_CURVE('',#2255,#2254,#2552,.T.);
#1801=EDGE_CURVE('',#2257,#2256,#2553,.T.);
#1802=EDGE_CURVE('',#2259,#2258,#2554,.T.);
#1803=EDGE_CURVE('',#2261,#2260,#2555,.T.);
#1804=EDGE_CURVE('',#2263,#2262,#2556,.T.);
#1805=EDGE_CURVE('',#2265,#2264,#2557,.T.);
#1806=EDGE_CURVE('',#2271,#2271,#2558,.T.);
#1807=EDGE_CURVE('',#2272,#2272,#2559,.T.);
#1808=EDGE_CURVE('',#2273,#2273,#2560,.T.);
#1809=EDGE_CURVE('',#2274,#2274,#2561,.T.);
#1810=EDGE_CURVE('',#2275,#2275,#2562,.T.);
#1811=EDGE_CURVE('',#2276,#2276,#2563,.T.);
#1812=EDGE_CURVE('',#2277,#2277,#2564,.T.);
#1813=EDGE_CURVE('',#2278,#2278,#2565,.T.);
#1814=EDGE_CURVE('',#2279,#2279,#2566,.T.);
#1815=EDGE_CURVE('',#2280,#2280,#2567,.T.);
#1816=EDGE_CURVE('',#2281,#2281,#2568,.T.);
#1817=EDGE_CURVE('',#2282,#2282,#2569,.T.);
#1818=EDGE_CURVE('',#2283,#2283,#2570,.T.);
#1819=EDGE_CURVE('',#2284,#2284,#2571,.T.);
#1820=EDGE_CURVE('',#2285,#2285,#2572,.T.);
#1821=EDGE_CURVE('',#2286,#2286,#2573,.T.);
#1822=EDGE_CURVE('',#2287,#2287,#2574,.T.);
#1823=EDGE_CURVE('',#2288,#2288,#2575,.T.);
#1824=EDGE_CURVE('',#2289,#2289,#2576,.T.);
#1825=EDGE_CURVE('',#2290,#2290,#2577,.T.);
#1826=EDGE_CURVE('',#2291,#2291,#2578,.T.);
#1827=EDGE_CURVE('',#2292,#2292,#2579,.T.);
#1828=EDGE_CURVE('',#2293,#2293,#2580,.T.);
#1829=EDGE_CURVE('',#2294,#2294,#2581,.T.);
#1830=EDGE_CURVE('',#2295,#2295,#2582,.T.);
#1831=EDGE_CURVE('',#2296,#2296,#2583,.T.);
#1832=EDGE_CURVE('',#2297,#2297,#2584,.T.);
#1833=EDGE_CURVE('',#2298,#2298,#2585,.T.);
#1834=EDGE_CURVE('',#2299,#2299,#2586,.T.);
#1835=EDGE_CURVE('',#2300,#2300,#2587,.F.);
#1836=EDGE_CURVE('',#2301,#2301,#2588,.T.);
#1837=EDGE_CURVE('',#2302,#2302,#2589,.T.);
#1838=EDGE_CURVE('',#2303,#2303,#2590,.T.);
#1839=EDGE_CURVE('',#2304,#2304,#2591,.T.);
#1840=EDGE_CURVE('',#2305,#2305,#2592,.T.);
#1841=EDGE_CURVE('',#2306,#2307,#270,.F.);
#1842=EDGE_CURVE('',#2307,#2308,#271,.F.);
#1843=EDGE_CURVE('',#2308,#2309,#272,.T.);
#1844=EDGE_CURVE('',#2309,#2306,#273,.T.);
#1845=EDGE_CURVE('',#2310,#2311,#63,.T.);
#1846=EDGE_CURVE('',#2311,#2312,#64,.T.);
#1847=EDGE_CURVE('',#2312,#2313,#274,.T.);
#1848=EDGE_CURVE('',#2313,#2314,#65,.T.);
#1849=EDGE_CURVE('',#2314,#2315,#66,.T.);
#1850=EDGE_CURVE('',#2315,#2316,#275,.T.);
#1851=EDGE_CURVE('',#2316,#2317,#67,.T.);
#1852=EDGE_CURVE('',#2317,#2318,#276,.T.);
#1853=EDGE_CURVE('',#2318,#2319,#68,.T.);
#1854=EDGE_CURVE('',#2319,#2310,#277,.T.);
#1855=EDGE_CURVE('',#2320,#2321,#69,.T.);
#1856=EDGE_CURVE('',#2321,#2322,#70,.T.);
#1857=EDGE_CURVE('',#2322,#2323,#278,.T.);
#1858=EDGE_CURVE('',#2323,#2324,#71,.T.);
#1859=EDGE_CURVE('',#2324,#2325,#72,.T.);
#1860=EDGE_CURVE('',#2325,#2326,#279,.T.);
#1861=EDGE_CURVE('',#2326,#2327,#73,.T.);
#1862=EDGE_CURVE('',#2327,#2328,#280,.T.);
#1863=EDGE_CURVE('',#2328,#2329,#74,.T.);
#1864=EDGE_CURVE('',#2329,#2320,#281,.T.);
#1865=EDGE_CURVE('',#2330,#2331,#282,.T.);
#1866=EDGE_CURVE('',#2331,#2332,#283,.T.);
#1867=EDGE_CURVE('',#2332,#2333,#284,.F.);
#1868=EDGE_CURVE('',#2333,#2330,#285,.F.);
#1869=EDGE_CURVE('',#2334,#2335,#286,.T.);
#1870=EDGE_CURVE('',#2335,#2336,#287,.F.);
#1871=EDGE_CURVE('',#2336,#2337,#288,.F.);
#1872=EDGE_CURVE('',#2337,#2334,#289,.T.);
#1873=EDGE_CURVE('',#2338,#2339,#290,.T.);
#1874=EDGE_CURVE('',#2338,#2340,#291,.T.);
#1875=EDGE_CURVE('',#2340,#2341,#292,.T.);
#1876=EDGE_CURVE('',#2341,#2342,#293,.T.);
#1877=EDGE_CURVE('',#2342,#2343,#37,.T.);
#1878=EDGE_CURVE('',#2344,#2343,#294,.T.);
#1879=EDGE_CURVE('',#2344,#2345,#295,.F.);
#1880=EDGE_CURVE('',#2345,#2346,#296,.T.);
#1881=EDGE_CURVE('',#2346,#2347,#2593,.F.);
#1882=EDGE_CURVE('',#2347,#2348,#297,.T.);
#1883=EDGE_CURVE('',#2348,#2349,#2594,.F.);
#1884=EDGE_CURVE('',#2350,#2349,#298,.T.);
#1885=EDGE_CURVE('',#2350,#2351,#299,.T.);
#1886=EDGE_CURVE('',#2351,#2352,#300,.T.);
#1887=EDGE_CURVE('',#2352,#2353,#38,.T.);
#1888=EDGE_CURVE('',#2353,#2339,#301,.T.);
#1889=EDGE_CURVE('',#2354,#2355,#302,.T.);
#1890=EDGE_CURVE('',#2355,#2348,#303,.T.);
#1891=EDGE_CURVE('',#2347,#2354,#304,.F.);
#1892=EDGE_CURVE('',#2356,#2357,#305,.F.);
#1893=EDGE_CURVE('',#2357,#2358,#306,.F.);
#1894=EDGE_CURVE('',#2358,#2167,#75,.F.);
#1895=EDGE_CURVE('',#2166,#2359,#76,.T.);
#1896=EDGE_CURVE('',#2359,#2356,#307,.T.);
#1897=EDGE_CURVE('',#2349,#2360,#308,.F.);
#1898=EDGE_CURVE('',#2360,#2361,#2595,.T.);
#1899=EDGE_CURVE('',#2361,#2362,#309,.F.);
#1900=EDGE_CURVE('',#2362,#2350,#310,.F.);
#1901=EDGE_CURVE('',#2363,#2364,#311,.F.);
#1902=EDGE_CURVE('',#2364,#2365,#312,.T.);
#1903=EDGE_CURVE('',#2365,#2366,#313,.F.);
#1904=EDGE_CURVE('',#2366,#2367,#2596,.F.);
#1905=EDGE_CURVE('',#2367,#2368,#314,.T.);
#1906=EDGE_CURVE('',#2368,#2352,#315,.T.);
#1907=EDGE_CURVE('',#2351,#2363,#316,.T.);
#1908=EDGE_CURVE('',#2369,#2370,#2597,.F.);
#1909=EDGE_CURVE('',#2370,#2346,#317,.T.);
#1910=EDGE_CURVE('',#2345,#2371,#318,.T.);
#1911=EDGE_CURVE('',#2371,#2369,#319,.T.);
#1912=EDGE_CURVE('',#2372,#2373,#320,.T.);
#1913=EDGE_CURVE('',#2373,#2374,#321,.T.);
#1914=EDGE_CURVE('',#2374,#2375,#322,.F.);
#1915=EDGE_CURVE('',#2375,#2344,#323,.F.);
#1916=EDGE_CURVE('',#2343,#2376,#324,.T.);
#1917=EDGE_CURVE('',#2376,#2377,#325,.F.);
#1918=EDGE_CURVE('',#2377,#2372,#2598,.T.);
#1919=EDGE_CURVE('',#2161,#2378,#326,.F.);
#1920=EDGE_CURVE('',#2378,#2379,#327,.T.);
#1921=EDGE_CURVE('',#2379,#2162,#328,.T.);
#1922=EDGE_CURVE('',#2380,#2381,#329,.T.);
#1923=EDGE_CURVE('',#2381,#2382,#330,.T.);
#1924=EDGE_CURVE('',#2382,#2383,#331,.T.);
#1925=EDGE_CURVE('',#2383,#2338,#332,.F.);
#1926=EDGE_CURVE('',#2339,#2384,#333,.T.);
#1927=EDGE_CURVE('',#2384,#2385,#334,.F.);
#1928=EDGE_CURVE('',#2385,#2380,#2599,.T.);
#1929=EDGE_CURVE('',#2386,#2387,#335,.F.);
#1930=EDGE_CURVE('',#2387,#2388,#336,.T.);
#1931=EDGE_CURVE('',#2388,#2389,#337,.F.);
#1932=EDGE_CURVE('',#2389,#2390,#2600,.F.);
#1933=EDGE_CURVE('',#2390,#2391,#338,.T.);
#1934=EDGE_CURVE('',#2391,#2341,#339,.T.);
#1935=EDGE_CURVE('',#2340,#2386,#340,.T.);
#1936=EDGE_CURVE('',#2334,#2342,#341,.F.);
#1937=EDGE_CURVE('',#2391,#2335,#39,.F.);
#1938=EDGE_CURVE('',#2353,#2129,#342,.F.);
#1939=EDGE_CURVE('',#2128,#2384,#40,.F.);
#1940=EDGE_CURVE('',#2336,#2331,#2601,.T.);
#1941=EDGE_CURVE('',#2330,#2337,#2602,.F.);
#1942=EDGE_CURVE('',#2124,#2127,#2603,.F.);
#1943=EDGE_CURVE('',#2126,#2125,#2604,.T.);
#1944=EDGE_CURVE('',#2332,#2313,#2605,.F.);
#1945=EDGE_CURVE('',#2312,#2333,#2606,.T.);
#1946=EDGE_CURVE('',#2322,#2123,#2607,.T.);
#1947=EDGE_CURVE('',#2122,#2323,#2608,.F.);
#1948=EDGE_CURVE('',#2356,#2355,#2609,.F.);
#1949=EDGE_CURVE('',#2354,#2357,#2610,.T.);
#1950=EDGE_CURVE('',#2382,#2378,#77,.T.);
#1951=EDGE_CURVE('',#2383,#2161,#41,.F.);
#1952=EDGE_CURVE('',#2338,#2160,#42,.F.);
#1953=EDGE_CURVE('',#2340,#2159,#43,.F.);
#1954=EDGE_CURVE('',#2233,#2387,#78,.T.);
#1955=EDGE_CURVE('',#2158,#2386,#44,.T.);
#1956=EDGE_CURVE('',#2360,#2355,#2611,.T.);
#1957=EDGE_CURVE('',#2361,#2356,#2612,.T.);
#1958=EDGE_CURVE('',#2362,#2359,#45,.T.);
#1959=EDGE_CURVE('',#2362,#2165,#2613,.T.);
#1960=EDGE_CURVE('',#2350,#2164,#46,.F.);
#1961=EDGE_CURVE('',#2351,#2163,#47,.F.);
#1962=EDGE_CURVE('',#2363,#2162,#48,.F.);
#1963=EDGE_CURVE('',#2379,#2364,#79,.T.);
#1964=EDGE_CURVE('',#2354,#2370,#2614,.T.);
#1965=EDGE_CURVE('',#2357,#2369,#2615,.T.);
#1966=EDGE_CURVE('',#2358,#2371,#49,.T.);
#1967=EDGE_CURVE('',#2168,#2371,#2616,.T.);
#1968=EDGE_CURVE('',#2169,#2345,#50,.F.);
#1969=EDGE_CURVE('',#2170,#2344,#51,.F.);
#1970=EDGE_CURVE('',#2157,#2375,#52,.T.);
#1971=EDGE_CURVE('',#2374,#2232,#80,.T.);
#1972=EDGE_CURVE('',#2392,#2332,#2617,.T.);
#1973=EDGE_CURVE('',#2392,#2313,#81,.T.);
#1974=EDGE_CURVE('',#2388,#2392,#82,.T.);
#1975=EDGE_CURVE('',#2389,#2331,#2618,.T.);
#1976=EDGE_CURVE('',#2390,#2336,#2619,.T.);
#1977=EDGE_CURVE('',#2322,#2393,#83,.T.);
#1978=EDGE_CURVE('',#2123,#2393,#2620,.T.);
#1979=EDGE_CURVE('',#2393,#2381,#84,.T.);
#1980=EDGE_CURVE('',#2124,#2380,#2621,.T.);
#1981=EDGE_CURVE('',#2127,#2385,#2622,.T.);
#1982=EDGE_CURVE('',#2312,#2394,#85,.T.);
#1983=EDGE_CURVE('',#2333,#2394,#2623,.T.);
#1984=EDGE_CURVE('',#2394,#2373,#86,.T.);
#1985=EDGE_CURVE('',#2330,#2372,#2624,.T.);
#1986=EDGE_CURVE('',#2337,#2377,#2625,.T.);
#1987=EDGE_CURVE('',#2334,#2376,#53,.T.);
#1988=EDGE_CURVE('',#2395,#2122,#2626,.T.);
#1989=EDGE_CURVE('',#2395,#2323,#87,.T.);
#1990=EDGE_CURVE('',#2365,#2395,#88,.T.);
#1991=EDGE_CURVE('',#2366,#2125,#2627,.T.);
#1992=EDGE_CURVE('',#2367,#2126,#2628,.T.);
#1993=EDGE_CURVE('',#2368,#2129,#54,.F.);
#1994=EDGE_CURVE('',#2314,#2392,#89,.F.);
#1995=EDGE_CURVE('',#2315,#2388,#90,.T.);
#1996=EDGE_CURVE('',#2316,#2387,#91,.F.);
#1997=EDGE_CURVE('',#2317,#2233,#92,.T.);
#1998=EDGE_CURVE('',#2318,#2232,#93,.F.);
#1999=EDGE_CURVE('',#2319,#2374,#94,.T.);
#2000=EDGE_CURVE('',#2310,#2373,#95,.F.);
#2001=EDGE_CURVE('',#2311,#2394,#96,.F.);
#2002=EDGE_CURVE('',#2324,#2395,#97,.F.);
#2003=EDGE_CURVE('',#2325,#2365,#98,.T.);
#2004=EDGE_CURVE('',#2326,#2364,#99,.F.);
#2005=EDGE_CURVE('',#2327,#2379,#100,.T.);
#2006=EDGE_CURVE('',#2328,#2378,#101,.F.);
#2007=EDGE_CURVE('',#2329,#2382,#102,.T.);
#2008=EDGE_CURVE('',#2320,#2381,#103,.F.);
#2009=EDGE_CURVE('',#2321,#2393,#104,.F.);
#2010=EDGE_CURVE('',#2396,#2397,#2629,.T.);
#2011=EDGE_CURVE('',#2397,#2105,#343,.F.);
#2012=EDGE_CURVE('',#2104,#2396,#344,.T.);
#2013=EDGE_CURVE('',#2398,#2398,#2630,.F.);
#2014=EDGE_CURVE('',#2107,#2399,#345,.T.);
#2015=EDGE_CURVE('',#2399,#2400,#2631,.T.);
#2016=EDGE_CURVE('',#2400,#2108,#346,.F.);
#2017=EDGE_CURVE('',#2401,#2401,#2632,.F.);
#2018=EDGE_CURVE('',#2402,#2402,#2633,.T.);
#2019=EDGE_CURVE('',#2403,#2403,#2634,.T.);
#2020=EDGE_CURVE('',#2404,#2404,#2635,.T.);
#2021=EDGE_CURVE('',#2405,#2405,#2636,.F.);
#2022=EDGE_CURVE('',#2110,#2406,#347,.T.);
#2023=EDGE_CURVE('',#2406,#2407,#2637,.T.);
#2024=EDGE_CURVE('',#2407,#2111,#348,.F.);
#2025=EDGE_CURVE('',#2408,#2409,#2638,.T.);
#2026=EDGE_CURVE('',#2408,#2146,#349,.T.);
#2027=EDGE_CURVE('',#2147,#2409,#350,.F.);
#2028=EDGE_CURVE('',#2408,#2409,#351,.T.);
#2029=EDGE_CURVE('',#2410,#2411,#2639,.T.);
#2030=EDGE_CURVE('',#2410,#2130,#352,.T.);
#2031=EDGE_CURVE('',#2131,#2411,#353,.F.);
#2032=EDGE_CURVE('',#2410,#2411,#354,.T.);
#2033=EDGE_CURVE('',#2412,#2412,#2640,.T.);
#2034=EDGE_CURVE('',#2151,#2309,#2641,.F.);
#2035=EDGE_CURVE('',#2309,#2150,#2642,.F.);
#2036=EDGE_CURVE('',#2306,#2149,#2643,.T.);
#2037=EDGE_CURVE('',#2152,#2308,#2644,.T.);
#2038=EDGE_CURVE('',#2306,#2148,#2645,.F.);
#2039=EDGE_CURVE('',#2153,#2308,#2646,.F.);
#2040=EDGE_CURVE('',#2307,#2155,#2647,.T.);
#2041=EDGE_CURVE('',#2154,#2307,#2648,.T.);
#2042=EDGE_CURVE('',#2413,#2413,#2649,.F.);
#2043=EDGE_CURVE('',#2414,#2415,#355,.T.);
#2044=EDGE_CURVE('',#2415,#2416,#2650,.T.);
#2045=EDGE_CURVE('',#2416,#2417,#356,.T.);
#2046=EDGE_CURVE('',#2418,#2417,#357,.T.);
#2047=EDGE_CURVE('',#2419,#2418,#358,.T.);
#2048=EDGE_CURVE('',#2419,#2414,#359,.T.);
#2049=EDGE_CURVE('',#2120,#2419,#360,.T.);
#2050=EDGE_CURVE('',#2418,#2121,#361,.T.);
#2051=EDGE_CURVE('',#2119,#2420,#362,.T.);
#2052=EDGE_CURVE('',#2420,#2421,#363,.T.);
#2053=EDGE_CURVE('',#2422,#2421,#364,.T.);
#2054=EDGE_CURVE('',#2422,#2118,#365,.F.);
#2055=EDGE_CURVE('',#2421,#2423,#366,.T.);
#2056=EDGE_CURVE('',#2424,#2423,#367,.T.);
#2057=EDGE_CURVE('',#2424,#2114,#2651,.F.);
#2058=EDGE_CURVE('',#2117,#2422,#2652,.F.);
#2059=EDGE_CURVE('',#2423,#2425,#368,.T.);
#2060=EDGE_CURVE('',#2426,#2425,#369,.T.);
#2061=EDGE_CURVE('',#2426,#2424,#370,.F.);
#2062=EDGE_CURVE('',#2427,#2427,#2653,.T.);
#2063=EDGE_CURVE('',#2425,#2428,#371,.T.);
#2064=EDGE_CURVE('',#2429,#2428,#372,.T.);
#2065=EDGE_CURVE('',#2429,#2430,#2654,.F.);
#2066=EDGE_CURVE('',#2431,#2430,#373,.T.);
#2067=EDGE_CURVE('',#2431,#2426,#2655,.F.);
#2068=EDGE_CURVE('',#2428,#2432,#374,.T.);
#2069=EDGE_CURVE('',#2417,#2432,#375,.T.);
#2070=EDGE_CURVE('',#2416,#2429,#376,.F.);
#2071=EDGE_CURVE('',#2414,#2431,#377,.T.);
#2072=EDGE_CURVE('',#2430,#2415,#378,.T.);
#2073=EDGE_CURVE('',#2432,#2433,#379,.T.);
#2074=EDGE_CURVE('',#2433,#2434,#380,.T.);
#2075=EDGE_CURVE('',#2417,#2434,#381,.T.);
#2076=EDGE_CURVE('',#2435,#2119,#382,.T.);
#2077=EDGE_CURVE('',#2435,#2436,#383,.T.);
#2078=EDGE_CURVE('',#2436,#2420,#384,.T.);
#2079=EDGE_CURVE('',#2435,#2434,#385,.T.);
#2080=EDGE_CURVE('',#2437,#2437,#2656,.F.);
#2081=EDGE_CURVE('',#2115,#2414,#386,.T.);
#2082=EDGE_CURVE('',#2144,#2423,#55,.T.);
#2083=EDGE_CURVE('',#2425,#2143,#56,.F.);
#2084=EDGE_CURVE('',#2428,#2142,#57,.F.);
#2085=EDGE_CURVE('',#2145,#2421,#58,.T.);
#2086=EDGE_CURVE('',#2137,#2400,#105,.T.);
#2087=EDGE_CURVE('',#2399,#2438,#106,.T.);
#2088=EDGE_CURVE('',#2138,#2438,#107,.F.);
#2089=EDGE_CURVE('',#2140,#2139,#108,.F.);
#2090=EDGE_CURVE('',#2432,#2141,#59,.F.);
#2091=EDGE_CURVE('',#2135,#2420,#60,.T.);
#2092=EDGE_CURVE('',#2438,#2433,#2657,.F.);
#2093=EDGE_CURVE('',#2436,#2136,#2658,.F.);
#2094=EDGE_CURVE('',#2406,#2133,#109,.T.);
#2095=EDGE_CURVE('',#2132,#2407,#110,.T.);
#2096=EDGE_CURVE('',#2396,#2439,#111,.T.);
#2097=EDGE_CURVE('',#2439,#2397,#112,.T.);
#2098=EDGE_CURVE('',#2439,#2134,#387,.T.);
#2099=VERTEX_POINT('',#5308);
#2100=VERTEX_POINT('',#5309);
#2101=VERTEX_POINT('',#5311);
#2102=VERTEX_POINT('',#5313);
#2103=VERTEX_POINT('',#5317);
#2104=VERTEX_POINT('',#5319);
#2105=VERTEX_POINT('',#5320);
#2106=VERTEX_POINT('',#5325);
#2107=VERTEX_POINT('',#5327);
#2108=VERTEX_POINT('',#5328);
#2109=VERTEX_POINT('',#5332);
#2110=VERTEX_POINT('',#5334);
#2111=VERTEX_POINT('',#5335);
#2112=VERTEX_POINT('',#5344);
#2113=VERTEX_POINT('',#5346);
#2114=VERTEX_POINT('',#5356);
#2115=VERTEX_POINT('',#5357);
#2116=VERTEX_POINT('',#5359);
#2117=VERTEX_POINT('',#5361);
#2118=VERTEX_POINT('',#5365);
#2119=VERTEX_POINT('',#5366);
#2120=VERTEX_POINT('',#5369);
#2121=VERTEX_POINT('',#5371);
#2122=VERTEX_POINT('',#5375);
#2123=VERTEX_POINT('',#5376);
#2124=VERTEX_POINT('',#5378);
#2125=VERTEX_POINT('',#5380);
#2126=VERTEX_POINT('',#5384);
#2127=VERTEX_POINT('',#5385);
#2128=VERTEX_POINT('',#5387);
#2129=VERTEX_POINT('',#5389);
#2130=VERTEX_POINT('',#5393);
#2131=VERTEX_POINT('',#5394);
#2132=VERTEX_POINT('',#5397);
#2133=VERTEX_POINT('',#5398);
#2134=VERTEX_POINT('',#5401);
#2135=VERTEX_POINT('',#5404);
#2136=VERTEX_POINT('',#5405);
#2137=VERTEX_POINT('',#5407);
#2138=VERTEX_POINT('',#5409);
#2139=VERTEX_POINT('',#5411);
#2140=VERTEX_POINT('',#5413);
#2141=VERTEX_POINT('',#5415);
#2142=VERTEX_POINT('',#5417);
#2143=VERTEX_POINT('',#5419);
#2144=VERTEX_POINT('',#5421);
#2145=VERTEX_POINT('',#5423);
#2146=VERTEX_POINT('',#5426);
#2147=VERTEX_POINT('',#5427);
#2148=VERTEX_POINT('',#5430);
#2149=VERTEX_POINT('',#5431);
#2150=VERTEX_POINT('',#5433);
#2151=VERTEX_POINT('',#5435);
#2152=VERTEX_POINT('',#5437);
#2153=VERTEX_POINT('',#5439);
#2154=VERTEX_POINT('',#5441);
#2155=VERTEX_POINT('',#5443);
#2156=VERTEX_POINT('',#5446);
#2157=VERTEX_POINT('',#5448);
#2158=VERTEX_POINT('',#5449);
#2159=VERTEX_POINT('',#5451);
#2160=VERTEX_POINT('',#5453);
#2161=VERTEX_POINT('',#5455);
#2162=VERTEX_POINT('',#5457);
#2163=VERTEX_POINT('',#5459);
#2164=VERTEX_POINT('',#5461);
#2165=VERTEX_POINT('',#5463);
#2166=VERTEX_POINT('',#5465);
#2167=VERTEX_POINT('',#5467);
#2168=VERTEX_POINT('',#5469);
#2169=VERTEX_POINT('',#5471);
#2170=VERTEX_POINT('',#5473);
#2171=VERTEX_POINT('',#5476);
#2172=VERTEX_POINT('',#5478);
#2173=VERTEX_POINT('',#5480);
#2174=VERTEX_POINT('',#5482);
#2175=VERTEX_POINT('',#5484);
#2176=VERTEX_POINT('',#5486);
#2177=VERTEX_POINT('',#5488);
#2178=VERTEX_POINT('',#5490);
#2179=VERTEX_POINT('',#5492);
#2180=VERTEX_POINT('',#5494);
#2181=VERTEX_POINT('',#5496);
#2182=VERTEX_POINT('',#5498);
#2183=VERTEX_POINT('',#5500);
#2184=VERTEX_POINT('',#5502);
#2185=VERTEX_POINT('',#5504);
#2186=VERTEX_POINT('',#5506);
#2187=VERTEX_POINT('',#5508);
#2188=VERTEX_POINT('',#5510);
#2189=VERTEX_POINT('',#5512);
#2190=VERTEX_POINT('',#5514);
#2191=VERTEX_POINT('',#5516);
#2192=VERTEX_POINT('',#5518);
#2193=VERTEX_POINT('',#5520);
#2194=VERTEX_POINT('',#5522);
#2195=VERTEX_POINT('',#5524);
#2196=VERTEX_POINT('',#5526);
#2197=VERTEX_POINT('',#5528);
#2198=VERTEX_POINT('',#5530);
#2199=VERTEX_POINT('',#5532);
#2200=VERTEX_POINT('',#5534);
#2201=VERTEX_POINT('',#5535);
#2202=VERTEX_POINT('',#5538);
#2203=VERTEX_POINT('',#5539);
#2204=VERTEX_POINT('',#5542);
#2205=VERTEX_POINT('',#5543);
#2206=VERTEX_POINT('',#5546);
#2207=VERTEX_POINT('',#5547);
#2208=VERTEX_POINT('',#5550);
#2209=VERTEX_POINT('',#5551);
#2210=VERTEX_POINT('',#5554);
#2211=VERTEX_POINT('',#5555);
#2212=VERTEX_POINT('',#5558);
#2213=VERTEX_POINT('',#5559);
#2214=VERTEX_POINT('',#5562);
#2215=VERTEX_POINT('',#5563);
#2216=VERTEX_POINT('',#5566);
#2217=VERTEX_POINT('',#5567);
#2218=VERTEX_POINT('',#5570);
#2219=VERTEX_POINT('',#5571);
#2220=VERTEX_POINT('',#5574);
#2221=VERTEX_POINT('',#5575);
#2222=VERTEX_POINT('',#5578);
#2223=VERTEX_POINT('',#5579);
#2224=VERTEX_POINT('',#5582);
#2225=VERTEX_POINT('',#5583);
#2226=VERTEX_POINT('',#5586);
#2227=VERTEX_POINT('',#5587);
#2228=VERTEX_POINT('',#5590);
#2229=VERTEX_POINT('',#5591);
#2230=VERTEX_POINT('',#5594);
#2231=VERTEX_POINT('',#5595);
#2232=VERTEX_POINT('',#5599);
#2233=VERTEX_POINT('',#5601);
#2234=VERTEX_POINT('',#5605);
#2235=VERTEX_POINT('',#5606);
#2236=VERTEX_POINT('',#5611);
#2237=VERTEX_POINT('',#5612);
#2238=VERTEX_POINT('',#5617);
#2239=VERTEX_POINT('',#5618);
#2240=VERTEX_POINT('',#5623);
#2241=VERTEX_POINT('',#5624);
#2242=VERTEX_POINT('',#5629);
#2243=VERTEX_POINT('',#5630);
#2244=VERTEX_POINT('',#5635);
#2245=VERTEX_POINT('',#5636);
#2246=VERTEX_POINT('',#5641);
#2247=VERTEX_POINT('',#5642);
#2248=VERTEX_POINT('',#5647);
#2249=VERTEX_POINT('',#5648);
#2250=VERTEX_POINT('',#5653);
#2251=VERTEX_POINT('',#5654);
#2252=VERTEX_POINT('',#5659);
#2253=VERTEX_POINT('',#5660);
#2254=VERTEX_POINT('',#5665);
#2255=VERTEX_POINT('',#5666);
#2256=VERTEX_POINT('',#5671);
#2257=VERTEX_POINT('',#5672);
#2258=VERTEX_POINT('',#5677);
#2259=VERTEX_POINT('',#5678);
#2260=VERTEX_POINT('',#5683);
#2261=VERTEX_POINT('',#5684);
#2262=VERTEX_POINT('',#5689);
#2263=VERTEX_POINT('',#5690);
#2264=VERTEX_POINT('',#5695);
#2265=VERTEX_POINT('',#5696);
#2266=VERTEX_POINT('',#5701);
#2267=VERTEX_POINT('',#5703);
#2268=VERTEX_POINT('',#5706);
#2269=VERTEX_POINT('',#5708);
#2270=VERTEX_POINT('',#5711);
#2271=VERTEX_POINT('',#5746);
#2272=VERTEX_POINT('',#5749);
#2273=VERTEX_POINT('',#5752);
#2274=VERTEX_POINT('',#5755);
#2275=VERTEX_POINT('',#5758);
#2276=VERTEX_POINT('',#5761);
#2277=VERTEX_POINT('',#5764);
#2278=VERTEX_POINT('',#5767);
#2279=VERTEX_POINT('',#5770);
#2280=VERTEX_POINT('',#5773);
#2281=VERTEX_POINT('',#5776);
#2282=VERTEX_POINT('',#5779);
#2283=VERTEX_POINT('',#5782);
#2284=VERTEX_POINT('',#5785);
#2285=VERTEX_POINT('',#5788);
#2286=VERTEX_POINT('',#5791);
#2287=VERTEX_POINT('',#5794);
#2288=VERTEX_POINT('',#5797);
#2289=VERTEX_POINT('',#5800);
#2290=VERTEX_POINT('',#5803);
#2291=VERTEX_POINT('',#5806);
#2292=VERTEX_POINT('',#5809);
#2293=VERTEX_POINT('',#5812);
#2294=VERTEX_POINT('',#5815);
#2295=VERTEX_POINT('',#5818);
#2296=VERTEX_POINT('',#5821);
#2297=VERTEX_POINT('',#5824);
#2298=VERTEX_POINT('',#5827);
#2299=VERTEX_POINT('',#5830);
#2300=VERTEX_POINT('',#5833);
#2301=VERTEX_POINT('',#5835);
#2302=VERTEX_POINT('',#5838);
#2303=VERTEX_POINT('',#5840);
#2304=VERTEX_POINT('',#5842);
#2305=VERTEX_POINT('',#5844);
#2306=VERTEX_POINT('',#5846);
#2307=VERTEX_POINT('',#5847);
#2308=VERTEX_POINT('',#5849);
#2309=VERTEX_POINT('',#5851);
#2310=VERTEX_POINT('',#5857);
#2311=VERTEX_POINT('',#5858);
#2312=VERTEX_POINT('',#5872);
#2313=VERTEX_POINT('',#5874);
#2314=VERTEX_POINT('',#5888);
#2315=VERTEX_POINT('',#5893);
#2316=VERTEX_POINT('',#5895);
#2317=VERTEX_POINT('',#5901);
#2318=VERTEX_POINT('',#5903);
#2319=VERTEX_POINT('',#5909);
#2320=VERTEX_POINT('',#5915);
#2321=VERTEX_POINT('',#5916);
#2322=VERTEX_POINT('',#5930);
#2323=VERTEX_POINT('',#5932);
#2324=VERTEX_POINT('',#5946);
#2325=VERTEX_POINT('',#5951);
#2326=VERTEX_POINT('',#5953);
#2327=VERTEX_POINT('',#5959);
#2328=VERTEX_POINT('',#5961);
#2329=VERTEX_POINT('',#5967);
#2330=VERTEX_POINT('',#5971);
#2331=VERTEX_POINT('',#5972);
#2332=VERTEX_POINT('',#5974);
#2333=VERTEX_POINT('',#5976);
#2334=VERTEX_POINT('',#5980);
#2335=VERTEX_POINT('',#5981);
#2336=VERTEX_POINT('',#5983);
#2337=VERTEX_POINT('',#5985);
#2338=VERTEX_POINT('',#5989);
#2339=VERTEX_POINT('',#5990);
#2340=VERTEX_POINT('',#5992);
#2341=VERTEX_POINT('',#5994);
#2342=VERTEX_POINT('',#5996);
#2343=VERTEX_POINT('',#5998);
#2344=VERTEX_POINT('',#6000);
#2345=VERTEX_POINT('',#6002);
#2346=VERTEX_POINT('',#6004);
#2347=VERTEX_POINT('',#6006);
#2348=VERTEX_POINT('',#6008);
#2349=VERTEX_POINT('',#6010);
#2350=VERTEX_POINT('',#6012);
#2351=VERTEX_POINT('',#6014);
#2352=VERTEX_POINT('',#6016);
#2353=VERTEX_POINT('',#6018);
#2354=VERTEX_POINT('',#6022);
#2355=VERTEX_POINT('',#6023);
#2356=VERTEX_POINT('',#6028);
#2357=VERTEX_POINT('',#6029);
#2358=VERTEX_POINT('',#6031);
#2359=VERTEX_POINT('',#6040);
#2360=VERTEX_POINT('',#6044);
#2361=VERTEX_POINT('',#6046);
#2362=VERTEX_POINT('',#6048);
#2363=VERTEX_POINT('',#6052);
#2364=VERTEX_POINT('',#6053);
#2365=VERTEX_POINT('',#6055);
#2366=VERTEX_POINT('',#6057);
#2367=VERTEX_POINT('',#6059);
#2368=VERTEX_POINT('',#6061);
#2369=VERTEX_POINT('',#6066);
#2370=VERTEX_POINT('',#6067);
#2371=VERTEX_POINT('',#6070);
#2372=VERTEX_POINT('',#6074);
#2373=VERTEX_POINT('',#6075);
#2374=VERTEX_POINT('',#6077);
#2375=VERTEX_POINT('',#6079);
#2376=VERTEX_POINT('',#6082);
#2377=VERTEX_POINT('',#6084);
#2378=VERTEX_POINT('',#6088);
#2379=VERTEX_POINT('',#6090);
#2380=VERTEX_POINT('',#6094);
#2381=VERTEX_POINT('',#6095);
#2382=VERTEX_POINT('',#6097);
#2383=VERTEX_POINT('',#6099);
#2384=VERTEX_POINT('',#6102);
#2385=VERTEX_POINT('',#6104);
#2386=VERTEX_POINT('',#6108);
#2387=VERTEX_POINT('',#6109);
#2388=VERTEX_POINT('',#6111);
#2389=VERTEX_POINT('',#6113);
#2390=VERTEX_POINT('',#6115);
#2391=VERTEX_POINT('',#6117);
#2392=VERTEX_POINT('',#6310);
#2393=VERTEX_POINT('',#6329);
#2394=VERTEX_POINT('',#6345);
#2395=VERTEX_POINT('',#6360);
#2396=VERTEX_POINT('',#6560);
#2397=VERTEX_POINT('',#6561);
#2398=VERTEX_POINT('',#6566);
#2399=VERTEX_POINT('',#6569);
#2400=VERTEX_POINT('',#6571);
#2401=VERTEX_POINT('',#6576);
#2402=VERTEX_POINT('',#6578);
#2403=VERTEX_POINT('',#6581);
#2404=VERTEX_POINT('',#6583);
#2405=VERTEX_POINT('',#6588);
#2406=VERTEX_POINT('',#6591);
#2407=VERTEX_POINT('',#6593);
#2408=VERTEX_POINT('',#6598);
#2409=VERTEX_POINT('',#6599);
#2410=VERTEX_POINT('',#6606);
#2411=VERTEX_POINT('',#6607);
#2412=VERTEX_POINT('',#6614);
#2413=VERTEX_POINT('',#6638);
#2414=VERTEX_POINT('',#6640);
#2415=VERTEX_POINT('',#6641);
#2416=VERTEX_POINT('',#6643);
#2417=VERTEX_POINT('',#6645);
#2418=VERTEX_POINT('',#6647);
#2419=VERTEX_POINT('',#6649);
#2420=VERTEX_POINT('',#6656);
#2421=VERTEX_POINT('',#6658);
#2422=VERTEX_POINT('',#6660);
#2423=VERTEX_POINT('',#6664);
#2424=VERTEX_POINT('',#6666);
#2425=VERTEX_POINT('',#6671);
#2426=VERTEX_POINT('',#6673);
#2427=VERTEX_POINT('',#6677);
#2428=VERTEX_POINT('',#6679);
#2429=VERTEX_POINT('',#6681);
#2430=VERTEX_POINT('',#6683);
#2431=VERTEX_POINT('',#6685);
#2432=VERTEX_POINT('',#6689);
#2433=VERTEX_POINT('',#6697);
#2434=VERTEX_POINT('',#6699);
#2435=VERTEX_POINT('',#6703);
#2436=VERTEX_POINT('',#6705);
#2437=VERTEX_POINT('',#6711);
#2438=VERTEX_POINT('',#6738);
#2439=VERTEX_POINT('',#6783);
#2440=CIRCLE('',#3758,0.0055);
#2441=CIRCLE('',#3759,0.0055);
#2442=CIRCLE('',#3761,0.0025);
#2443=CIRCLE('',#3762,0.0055);
#2444=CIRCLE('',#3764,0.0025);
#2445=CIRCLE('',#3765,0.0055);
#2446=CIRCLE('',#3767,0.0025);
#2447=CIRCLE('',#3768,0.0055);
#2448=CIRCLE('',#3770,0.0085);
#2449=CIRCLE('',#3773,0.003);
#2450=CIRCLE('',#3777,0.0055);
#2451=CIRCLE('',#3778,0.0085);
#2452=CIRCLE('',#3779,0.0085);
#2453=CIRCLE('',#3780,0.0085);
#2454=CIRCLE('',#3781,0.0055);
#2455=CIRCLE('',#3782,0.004);
#2456=CIRCLE('',#3783,0.004);
#2457=CIRCLE('',#3784,0.004);
#2458=CIRCLE('',#3785,0.004);
#2459=CIRCLE('',#3786,0.0055);
#2460=CIRCLE('',#3789,0.003);
#2461=CIRCLE('',#3790,0.003);
#2462=CIRCLE('',#3791,0.003);
#2463=CIRCLE('',#3792,0.003);
#2464=CIRCLE('',#3793,0.003);
#2465=CIRCLE('',#3794,0.003);
#2466=CIRCLE('',#3795,0.003);
#2467=CIRCLE('',#3796,0.003);
#2468=CIRCLE('',#3797,0.003);
#2469=CIRCLE('',#3798,0.003);
#2470=CIRCLE('',#3799,0.003);
#2471=CIRCLE('',#3800,0.003);
#2472=CIRCLE('',#3801,0.003);
#2473=CIRCLE('',#3802,0.003);
#2474=CIRCLE('',#3803,0.003);
#2475=CIRCLE('',#3804,0.003);
#2476=CIRCLE('',#3805,0.003);
#2477=CIRCLE('',#3806,0.003);
#2478=CIRCLE('',#3807,0.003);
#2479=CIRCLE('',#3808,0.003);
#2480=CIRCLE('',#3809,0.003);
#2481=CIRCLE('',#3810,0.003);
#2482=CIRCLE('',#3811,0.003);
#2483=CIRCLE('',#3812,0.003);
#2484=CIRCLE('',#3813,0.003);
#2485=CIRCLE('',#3814,0.003);
#2486=CIRCLE('',#3815,0.003);
#2487=CIRCLE('',#3816,0.003);
#2488=CIRCLE('',#3817,0.003);
#2489=CIRCLE('',#3818,0.003);
#2490=CIRCLE('',#3819,0.0225000000000011);
#2491=CIRCLE('',#3820,0.003);
#2492=CIRCLE('',#3821,0.0225000000000009);
#2493=CIRCLE('',#3822,0.003);
#2494=CIRCLE('',#3823,0.0225000000000007);
#2495=CIRCLE('',#3824,0.003);
#2496=CIRCLE('',#3825,0.0225);
#2497=CIRCLE('',#3826,0.003);
#2498=CIRCLE('',#3827,0.0224999999999996);
#2499=CIRCLE('',#3828,0.003);
#2500=CIRCLE('',#3829,0.0225);
#2501=CIRCLE('',#3830,0.003);
#2502=CIRCLE('',#3831,0.0225);
#2503=CIRCLE('',#3832,0.003);
#2504=CIRCLE('',#3833,0.0225);
#2505=CIRCLE('',#3834,0.003);
#2506=CIRCLE('',#3835,0.0224999999999997);
#2507=CIRCLE('',#3836,0.003);
#2508=CIRCLE('',#3837,0.0225);
#2509=CIRCLE('',#3838,0.003);
#2510=CIRCLE('',#3839,0.0225);
#2511=CIRCLE('',#3840,0.003);
#2512=CIRCLE('',#3841,0.0225);
#2513=CIRCLE('',#3842,0.003);
#2514=CIRCLE('',#3843,0.0225);
#2515=CIRCLE('',#3844,0.003);
#2516=CIRCLE('',#3845,0.0225);
#2517=CIRCLE('',#3846,0.003);
#2518=CIRCLE('',#3847,0.0225000000000008);
#2519=CIRCLE('',#3848,0.0225000000000008);
#2520=CIRCLE('',#3849,0.003);
#2521=CIRCLE('',#3852,0.0225000000000008);
#2522=CIRCLE('',#3854,0.003);
#2523=CIRCLE('',#3856,0.003);
#2524=CIRCLE('',#3858,0.003);
#2525=CIRCLE('',#3860,0.003);
#2526=CIRCLE('',#3862,0.003);
#2527=CIRCLE('',#3864,0.003);
#2528=CIRCLE('',#3866,0.003);
#2529=CIRCLE('',#3868,0.003);
#2530=CIRCLE('',#3870,0.003);
#2531=CIRCLE('',#3872,0.003);
#2532=CIRCLE('',#3874,0.003);
#2533=CIRCLE('',#3876,0.003);
#2534=CIRCLE('',#3878,0.003);
#2535=CIRCLE('',#3880,0.003);
#2536=CIRCLE('',#3882,0.003);
#2537=CIRCLE('',#3884,0.0025);
#2538=CIRCLE('',#3885,0.0025);
#2539=CIRCLE('',#3887,0.0025);
#2540=CIRCLE('',#3888,0.0025);
#2541=CIRCLE('',#3890,0.0025);
#2542=CIRCLE('',#3892,0.003);
#2543=CIRCLE('',#3894,0.0225000000000008);
#2544=CIRCLE('',#3896,0.0225);
#2545=CIRCLE('',#3898,0.0225);
#2546=CIRCLE('',#3900,0.0225);
#2547=CIRCLE('',#3902,0.0225);
#2548=CIRCLE('',#3904,0.0225);
#2549=CIRCLE('',#3906,0.0224999999999997);
#2550=CIRCLE('',#3908,0.0225);
#2551=CIRCLE('',#3910,0.0225);
#2552=CIRCLE('',#3912,0.0225);
#2553=CIRCLE('',#3914,0.0224999999999996);
#2554=CIRCLE('',#3916,0.0225);
#2555=CIRCLE('',#3918,0.0225000000000007);
#2556=CIRCLE('',#3920,0.0225000000000009);
#2557=CIRCLE('',#3922,0.0225000000000011);
#2558=CIRCLE('',#3924,0.003);
#2559=CIRCLE('',#3926,0.003);
#2560=CIRCLE('',#3928,0.003);
#2561=CIRCLE('',#3930,0.003);
#2562=CIRCLE('',#3932,0.003);
#2563=CIRCLE('',#3934,0.003);
#2564=CIRCLE('',#3936,0.003);
#2565=CIRCLE('',#3938,0.003);
#2566=CIRCLE('',#3940,0.003);
#2567=CIRCLE('',#3942,0.003);
#2568=CIRCLE('',#3944,0.003);
#2569=CIRCLE('',#3946,0.003);
#2570=CIRCLE('',#3948,0.003);
#2571=CIRCLE('',#3950,0.003);
#2572=CIRCLE('',#3952,0.003);
#2573=CIRCLE('',#3954,0.003);
#2574=CIRCLE('',#3956,0.003);
#2575=CIRCLE('',#3958,0.003);
#2576=CIRCLE('',#3960,0.003);
#2577=CIRCLE('',#3962,0.003);
#2578=CIRCLE('',#3964,0.003);
#2579=CIRCLE('',#3966,0.003);
#2580=CIRCLE('',#3968,0.003);
#2581=CIRCLE('',#3970,0.003);
#2582=CIRCLE('',#3972,0.003);
#2583=CIRCLE('',#3974,0.003);
#2584=CIRCLE('',#3976,0.003);
#2585=CIRCLE('',#3978,0.003);
#2586=CIRCLE('',#3980,0.003);
#2587=CIRCLE('',#3982,0.0025);
#2588=CIRCLE('',#3983,0.0025);
#2589=CIRCLE('',#3985,0.00375);
#2590=CIRCLE('',#3986,0.00375);
#2591=CIRCLE('',#3987,0.00375);
#2592=CIRCLE('',#3988,0.00375);
#2593=CIRCLE('',#3993,0.002);
#2594=CIRCLE('',#3994,0.002);
#2595=CIRCLE('',#3999,0.008);
#2596=CIRCLE('',#4001,0.007);
#2597=CIRCLE('',#4003,0.008);
#2598=CIRCLE('',#4005,0.007);
#2599=CIRCLE('',#4008,0.007);
#2600=CIRCLE('',#4010,0.007);
#2601=CIRCLE('',#4016,0.008);
#2602=CIRCLE('',#4017,0.008);
#2603=CIRCLE('',#4019,0.008);
#2604=CIRCLE('',#4020,0.008);
#2605=CIRCLE('',#4022,0.01);
#2606=CIRCLE('',#4023,0.01);
#2607=CIRCLE('',#4025,0.01);
#2608=CIRCLE('',#4026,0.01);
#2609=CIRCLE('',#4028,0.01);
#2610=CIRCLE('',#4029,0.01);
#2611=CIRCLE('',#4040,0.002);
#2612=CIRCLE('',#4042,0.002);
#2613=CIRCLE('',#4045,0.002);
#2614=CIRCLE('',#4054,0.002);
#2615=CIRCLE('',#4056,0.002);
#2616=CIRCLE('',#4059,0.002);
#2617=CIRCLE('',#4068,0.001);
#2618=CIRCLE('',#4070,0.001);
#2619=CIRCLE('',#4072,0.001);
#2620=CIRCLE('',#4075,0.001);
#2621=CIRCLE('',#4077,0.001);
#2622=CIRCLE('',#4079,0.001);
#2623=CIRCLE('',#4082,0.001);
#2624=CIRCLE('',#4084,0.001);
#2625=CIRCLE('',#4086,0.001);
#2626=CIRCLE('',#4091,0.001);
#2627=CIRCLE('',#4093,0.001);
#2628=CIRCLE('',#4095,0.001);
#2629=CIRCLE('',#4106,0.0055);
#2630=CIRCLE('',#4108,0.0025);
#2631=CIRCLE('',#4110,0.0055);
#2632=CIRCLE('',#4113,0.0025);
#2633=CIRCLE('',#4114,0.0025);
#2634=CIRCLE('',#4116,0.0055);
#2635=CIRCLE('',#4117,0.0055);
#2636=CIRCLE('',#4121,0.0025);
#2637=CIRCLE('',#4123,0.0055);
#2638=CIRCLE('',#4126,0.0055);
#2639=CIRCLE('',#4129,0.0055);
#2640=CIRCLE('',#4132,0.0055);
#2641=CIRCLE('',#4135,0.004);
#2642=CIRCLE('',#4136,0.004);
#2643=CIRCLE('',#4138,0.004);
#2644=CIRCLE('',#4140,0.004);
#2645=CIRCLE('',#4142,0.004);
#2646=CIRCLE('',#4144,0.004);
#2647=CIRCLE('',#4146,0.004);
#2648=CIRCLE('',#4148,0.004);
#2649=CIRCLE('',#4155,0.003);
#2650=CIRCLE('',#4156,0.003);
#2651=CIRCLE('',#4160,0.003);
#2652=CIRCLE('',#4161,0.003);
#2653=CIRCLE('',#4164,0.004);
#2654=CIRCLE('',#4165,0.003);
#2655=CIRCLE('',#4166,0.003);
#2656=CIRCLE('',#4173,0.003);
#2657=CIRCLE('',#4193,0.003);
#2658=CIRCLE('',#4195,0.003);
#2659=EDGE_LOOP('',(#593,#594,#595,#596));
#2660=EDGE_LOOP('',(#597));
#2661=EDGE_LOOP('',(#598,#599,#600,#601));
#2662=EDGE_LOOP('',(#602));
#2663=EDGE_LOOP('',(#603,#604));
#2664=EDGE_LOOP('',(#605));
#2665=EDGE_LOOP('',(#606,#607));
#2666=EDGE_LOOP('',(#608,#609,#610,#611));
#2667=EDGE_LOOP('',(#612,#613,#614,#615));
#2668=EDGE_LOOP('',(#616,#617,#618,#619,#620,#621));
#2669=EDGE_LOOP('',(#622,#623,#624,#625));
#2670=EDGE_LOOP('',(#626,#627,#628,#629));
#2671=EDGE_LOOP('',(#630,#631));
#2672=EDGE_LOOP('',(#632,#633));
#2673=EDGE_LOOP('',(#634,#635,#636));
#2674=EDGE_LOOP('',(#637,#638,#639,#640,#641,#642,#643,#644,#645,#646,#647));
#2675=EDGE_LOOP('',(#648,#649));
#2676=EDGE_LOOP('',(#650,#651,#652,#653,#654,#655,#656,#657));
#2677=EDGE_LOOP('',(#658));
#2678=EDGE_LOOP('',(#659,#660,#661,#662,#663,#664,#665,#666,#667,#668,#669,
#670,#671,#672));
#2679=EDGE_LOOP('',(#673));
#2680=EDGE_LOOP('',(#674));
#2681=EDGE_LOOP('',(#675));
#2682=EDGE_LOOP('',(#676));
#2683=EDGE_LOOP('',(#677));
#2684=EDGE_LOOP('',(#678));
#2685=EDGE_LOOP('',(#679));
#2686=EDGE_LOOP('',(#680));
#2687=EDGE_LOOP('',(#681));
#2688=EDGE_LOOP('',(#682));
#2689=EDGE_LOOP('',(#683));
#2690=EDGE_LOOP('',(#684));
#2691=EDGE_LOOP('',(#685));
#2692=EDGE_LOOP('',(#686));
#2693=EDGE_LOOP('',(#687));
#2694=EDGE_LOOP('',(#688));
#2695=EDGE_LOOP('',(#689));
#2696=EDGE_LOOP('',(#690));
#2697=EDGE_LOOP('',(#691));
#2698=EDGE_LOOP('',(#692));
#2699=EDGE_LOOP('',(#693));
#2700=EDGE_LOOP('',(#694));
#2701=EDGE_LOOP('',(#695));
#2702=EDGE_LOOP('',(#696));
#2703=EDGE_LOOP('',(#697));
#2704=EDGE_LOOP('',(#698));
#2705=EDGE_LOOP('',(#699));
#2706=EDGE_LOOP('',(#700));
#2707=EDGE_LOOP('',(#701));
#2708=EDGE_LOOP('',(#702,#703));
#2709=EDGE_LOOP('',(#704,#705));
#2710=EDGE_LOOP('',(#706,#707));
#2711=EDGE_LOOP('',(#708,#709));
#2712=EDGE_LOOP('',(#710,#711));
#2713=EDGE_LOOP('',(#712,#713));
#2714=EDGE_LOOP('',(#714,#715));
#2715=EDGE_LOOP('',(#716,#717));
#2716=EDGE_LOOP('',(#718,#719));
#2717=EDGE_LOOP('',(#720,#721));
#2718=EDGE_LOOP('',(#722,#723));
#2719=EDGE_LOOP('',(#724,#725));
#2720=EDGE_LOOP('',(#726,#727));
#2721=EDGE_LOOP('',(#728,#729));
#2722=EDGE_LOOP('',(#730,#731));
#2723=EDGE_LOOP('',(#732,#733));
#2724=EDGE_LOOP('',(#734,#735,#736,#737));
#2725=EDGE_LOOP('',(#738,#739,#740,#741));
#2726=EDGE_LOOP('',(#742,#743,#744,#745));
#2727=EDGE_LOOP('',(#746,#747,#748,#749));
#2728=EDGE_LOOP('',(#750,#751,#752,#753));
#2729=EDGE_LOOP('',(#754,#755,#756,#757));
#2730=EDGE_LOOP('',(#758,#759,#760,#761));
#2731=EDGE_LOOP('',(#762,#763,#764,#765));
#2732=EDGE_LOOP('',(#766,#767,#768,#769));
#2733=EDGE_LOOP('',(#770,#771,#772,#773));
#2734=EDGE_LOOP('',(#774,#775,#776,#777));
#2735=EDGE_LOOP('',(#778,#779,#780,#781));
#2736=EDGE_LOOP('',(#782,#783,#784,#785));
#2737=EDGE_LOOP('',(#786,#787,#788,#789));
#2738=EDGE_LOOP('',(#790,#791,#792,#793));
#2739=EDGE_LOOP('',(#794,#795,#796,#797));
#2740=EDGE_LOOP('',(#798,#799,#800,#801));
#2741=EDGE_LOOP('',(#802));
#2742=EDGE_LOOP('',(#803));
#2743=EDGE_LOOP('',(#804));
#2744=EDGE_LOOP('',(#805));
#2745=EDGE_LOOP('',(#806));
#2746=EDGE_LOOP('',(#807));
#2747=EDGE_LOOP('',(#808,#809,#810,#811));
#2748=EDGE_LOOP('',(#812,#813,#814,#815));
#2749=EDGE_LOOP('',(#816,#817,#818,#819));
#2750=EDGE_LOOP('',(#820,#821,#822,#823));
#2751=EDGE_LOOP('',(#824,#825,#826,#827));
#2752=EDGE_LOOP('',(#828,#829,#830,#831));
#2753=EDGE_LOOP('',(#832,#833,#834,#835));
#2754=EDGE_LOOP('',(#836,#837,#838,#839));
#2755=EDGE_LOOP('',(#840,#841,#842,#843));
#2756=EDGE_LOOP('',(#844,#845,#846,#847));
#2757=EDGE_LOOP('',(#848,#849,#850,#851));
#2758=EDGE_LOOP('',(#852,#853,#854,#855));
#2759=EDGE_LOOP('',(#856,#857,#858,#859));
#2760=EDGE_LOOP('',(#860,#861,#862,#863));
#2761=EDGE_LOOP('',(#864,#865,#866,#867));
#2762=EDGE_LOOP('',(#868,#869,#870,#871));
#2763=EDGE_LOOP('',(#872));
#2764=EDGE_LOOP('',(#873));
#2765=EDGE_LOOP('',(#874));
#2766=EDGE_LOOP('',(#875));
#2767=EDGE_LOOP('',(#876));
#2768=EDGE_LOOP('',(#877));
#2769=EDGE_LOOP('',(#878));
#2770=EDGE_LOOP('',(#879));
#2771=EDGE_LOOP('',(#880));
#2772=EDGE_LOOP('',(#881));
#2773=EDGE_LOOP('',(#882));
#2774=EDGE_LOOP('',(#883));
#2775=EDGE_LOOP('',(#884));
#2776=EDGE_LOOP('',(#885));
#2777=EDGE_LOOP('',(#886));
#2778=EDGE_LOOP('',(#887));
#2779=EDGE_LOOP('',(#888));
#2780=EDGE_LOOP('',(#889));
#2781=EDGE_LOOP('',(#890));
#2782=EDGE_LOOP('',(#891));
#2783=EDGE_LOOP('',(#892));
#2784=EDGE_LOOP('',(#893));
#2785=EDGE_LOOP('',(#894));
#2786=EDGE_LOOP('',(#895));
#2787=EDGE_LOOP('',(#896));
#2788=EDGE_LOOP('',(#897));
#2789=EDGE_LOOP('',(#898));
#2790=EDGE_LOOP('',(#899));
#2791=EDGE_LOOP('',(#900));
#2792=EDGE_LOOP('',(#901));
#2793=EDGE_LOOP('',(#902));
#2794=EDGE_LOOP('',(#903));
#2795=EDGE_LOOP('',(#904));
#2796=EDGE_LOOP('',(#905));
#2797=EDGE_LOOP('',(#906));
#2798=EDGE_LOOP('',(#907));
#2799=EDGE_LOOP('',(#908));
#2800=EDGE_LOOP('',(#909));
#2801=EDGE_LOOP('',(#910));
#2802=EDGE_LOOP('',(#911));
#2803=EDGE_LOOP('',(#912));
#2804=EDGE_LOOP('',(#913));
#2805=EDGE_LOOP('',(#914));
#2806=EDGE_LOOP('',(#915));
#2807=EDGE_LOOP('',(#916));
#2808=EDGE_LOOP('',(#917));
#2809=EDGE_LOOP('',(#918));
#2810=EDGE_LOOP('',(#919));
#2811=EDGE_LOOP('',(#920));
#2812=EDGE_LOOP('',(#921));
#2813=EDGE_LOOP('',(#922));
#2814=EDGE_LOOP('',(#923));
#2815=EDGE_LOOP('',(#924));
#2816=EDGE_LOOP('',(#925));
#2817=EDGE_LOOP('',(#926));
#2818=EDGE_LOOP('',(#927));
#2819=EDGE_LOOP('',(#928));
#2820=EDGE_LOOP('',(#929));
#2821=EDGE_LOOP('',(#930));
#2822=EDGE_LOOP('',(#931));
#2823=EDGE_LOOP('',(#932));
#2824=EDGE_LOOP('',(#933));
#2825=EDGE_LOOP('',(#934));
#2826=EDGE_LOOP('',(#935));
#2827=EDGE_LOOP('',(#936,#937,#938,#939));
#2828=EDGE_LOOP('',(#940,#941,#942,#943,#944,#945,#946,#947,#948,#949));
#2829=EDGE_LOOP('',(#950,#951,#952,#953,#954,#955,#956,#957,#958,#959));
#2830=EDGE_LOOP('',(#960));
#2831=EDGE_LOOP('',(#961));
#2832=EDGE_LOOP('',(#962));
#2833=EDGE_LOOP('',(#963));
#2834=EDGE_LOOP('',(#964));
#2835=EDGE_LOOP('',(#965));
#2836=EDGE_LOOP('',(#966));
#2837=EDGE_LOOP('',(#967));
#2838=EDGE_LOOP('',(#968));
#2839=EDGE_LOOP('',(#969));
#2840=EDGE_LOOP('',(#970));
#2841=EDGE_LOOP('',(#971));
#2842=EDGE_LOOP('',(#972));
#2843=EDGE_LOOP('',(#973));
#2844=EDGE_LOOP('',(#974));
#2845=EDGE_LOOP('',(#975));
#2846=EDGE_LOOP('',(#976));
#2847=EDGE_LOOP('',(#977));
#2848=EDGE_LOOP('',(#978));
#2849=EDGE_LOOP('',(#979));
#2850=EDGE_LOOP('',(#980));
#2851=EDGE_LOOP('',(#981));
#2852=EDGE_LOOP('',(#982));
#2853=EDGE_LOOP('',(#983));
#2854=EDGE_LOOP('',(#984));
#2855=EDGE_LOOP('',(#985));
#2856=EDGE_LOOP('',(#986));
#2857=EDGE_LOOP('',(#987));
#2858=EDGE_LOOP('',(#988));
#2859=EDGE_LOOP('',(#989,#990));
#2860=EDGE_LOOP('',(#991,#992));
#2861=EDGE_LOOP('',(#993,#994));
#2862=EDGE_LOOP('',(#995,#996));
#2863=EDGE_LOOP('',(#997,#998));
#2864=EDGE_LOOP('',(#999,#1000));
#2865=EDGE_LOOP('',(#1001,#1002));
#2866=EDGE_LOOP('',(#1003,#1004));
#2867=EDGE_LOOP('',(#1005,#1006));
#2868=EDGE_LOOP('',(#1007,#1008));
#2869=EDGE_LOOP('',(#1009,#1010));
#2870=EDGE_LOOP('',(#1011,#1012));
#2871=EDGE_LOOP('',(#1013,#1014));
#2872=EDGE_LOOP('',(#1015,#1016));
#2873=EDGE_LOOP('',(#1017,#1018));
#2874=EDGE_LOOP('',(#1019,#1020));
#2875=EDGE_LOOP('',(#1021,#1022,#1023,#1024));
#2876=EDGE_LOOP('',(#1025,#1026,#1027,#1028));
#2877=EDGE_LOOP('',(#1029,#1030,#1031,#1032,#1033,#1034,#1035,#1036,#1037,
#1038,#1039,#1040,#1041,#1042,#1043,#1044));
#2878=EDGE_LOOP('',(#1045,#1046,#1047,#1048));
#2879=EDGE_LOOP('',(#1049,#1050,#1051,#1052,#1053,#1054));
#2880=EDGE_LOOP('',(#1055,#1056,#1057,#1058,#1059));
#2881=EDGE_LOOP('',(#1060,#1061,#1062,#1063,#1064,#1065,#1066,#1067));
#2882=EDGE_LOOP('',(#1068,#1069,#1070,#1071,#1072));
#2883=EDGE_LOOP('',(#1073,#1074,#1075,#1076,#1077,#1078,#1079,#1080));
#2884=EDGE_LOOP('',(#1081,#1082,#1083,#1084));
#2885=EDGE_LOOP('',(#1085,#1086,#1087,#1088,#1089,#1090,#1091,#1092));
#2886=EDGE_LOOP('',(#1093,#1094,#1095,#1096,#1097,#1098,#1099,#1100));
#2887=EDGE_LOOP('',(#1101,#1102,#1103,#1104,#1105));
#2888=EDGE_LOOP('',(#1106,#1107,#1108,#1109,#1110));
#2889=EDGE_LOOP('',(#1111,#1112,#1113,#1114));
#2890=EDGE_LOOP('',(#1115,#1116,#1117,#1118));
#2891=EDGE_LOOP('',(#1119,#1120,#1121,#1122));
#2892=EDGE_LOOP('',(#1123,#1124,#1125,#1126));
#2893=EDGE_LOOP('',(#1127,#1128,#1129,#1130));
#2894=EDGE_LOOP('',(#1131,#1132,#1133,#1134));
#2895=EDGE_LOOP('',(#1135,#1136,#1137,#1138));
#2896=EDGE_LOOP('',(#1139,#1140,#1141,#1142));
#2897=EDGE_LOOP('',(#1143,#1144,#1145,#1146));
#2898=EDGE_LOOP('',(#1147,#1148,#1149,#1150));
#2899=EDGE_LOOP('',(#1151,#1152,#1153,#1154));
#2900=EDGE_LOOP('',(#1155,#1156,#1157,#1158));
#2901=EDGE_LOOP('',(#1159,#1160,#1161,#1162));
#2902=EDGE_LOOP('',(#1163,#1164,#1165,#1166));
#2903=EDGE_LOOP('',(#1167,#1168,#1169,#1170));
#2904=EDGE_LOOP('',(#1171,#1172,#1173,#1174));
#2905=EDGE_LOOP('',(#1175,#1176,#1177,#1178));
#2906=EDGE_LOOP('',(#1179,#1180,#1181,#1182));
#2907=EDGE_LOOP('',(#1183,#1184,#1185,#1186));
#2908=EDGE_LOOP('',(#1187,#1188,#1189,#1190));
#2909=EDGE_LOOP('',(#1191,#1192,#1193,#1194));
#2910=EDGE_LOOP('',(#1195,#1196,#1197,#1198));
#2911=EDGE_LOOP('',(#1199,#1200,#1201,#1202));
#2912=EDGE_LOOP('',(#1203,#1204,#1205,#1206));
#2913=EDGE_LOOP('',(#1207,#1208,#1209,#1210));
#2914=EDGE_LOOP('',(#1211,#1212,#1213,#1214));
#2915=EDGE_LOOP('',(#1215,#1216,#1217));
#2916=EDGE_LOOP('',(#1218,#1219,#1220,#1221,#1222));
#2917=EDGE_LOOP('',(#1223,#1224,#1225,#1226));
#2918=EDGE_LOOP('',(#1227,#1228,#1229,#1230));
#2919=EDGE_LOOP('',(#1231,#1232,#1233));
#2920=EDGE_LOOP('',(#1234,#1235,#1236,#1237,#1238));
#2921=EDGE_LOOP('',(#1239,#1240,#1241,#1242));
#2922=EDGE_LOOP('',(#1243,#1244,#1245,#1246));
#2923=EDGE_LOOP('',(#1247,#1248,#1249));
#2924=EDGE_LOOP('',(#1250,#1251,#1252,#1253,#1254));
#2925=EDGE_LOOP('',(#1255,#1256,#1257,#1258));
#2926=EDGE_LOOP('',(#1259,#1260,#1261,#1262));
#2927=EDGE_LOOP('',(#1263,#1264,#1265,#1266));
#2928=EDGE_LOOP('',(#1267,#1268,#1269));
#2929=EDGE_LOOP('',(#1270,#1271,#1272,#1273,#1274));
#2930=EDGE_LOOP('',(#1275,#1276,#1277,#1278));
#2931=EDGE_LOOP('',(#1279,#1280,#1281,#1282));
#2932=EDGE_LOOP('',(#1283,#1284,#1285,#1286));
#2933=EDGE_LOOP('',(#1287,#1288,#1289));
#2934=EDGE_LOOP('',(#1290,#1291,#1292,#1293));
#2935=EDGE_LOOP('',(#1294,#1295,#1296,#1297));
#2936=EDGE_LOOP('',(#1298,#1299,#1300,#1301));
#2937=EDGE_LOOP('',(#1302,#1303,#1304,#1305));
#2938=EDGE_LOOP('',(#1306,#1307,#1308,#1309));
#2939=EDGE_LOOP('',(#1310,#1311,#1312,#1313));
#2940=EDGE_LOOP('',(#1314,#1315,#1316,#1317));
#2941=EDGE_LOOP('',(#1318,#1319,#1320));
#2942=EDGE_LOOP('',(#1321,#1322,#1323));
#2943=EDGE_LOOP('',(#1324,#1325,#1326,#1327));
#2944=EDGE_LOOP('',(#1328,#1329,#1330,#1331));
#2945=EDGE_LOOP('',(#1332,#1333,#1334,#1335));
#2946=EDGE_LOOP('',(#1336,#1337,#1338,#1339));
#2947=EDGE_LOOP('',(#1340,#1341,#1342,#1343));
#2948=EDGE_LOOP('',(#1344,#1345,#1346,#1347));
#2949=EDGE_LOOP('',(#1348,#1349,#1350,#1351));
#2950=EDGE_LOOP('',(#1352,#1353,#1354));
#2951=EDGE_LOOP('',(#1355,#1356,#1357,#1358));
#2952=EDGE_LOOP('',(#1359));
#2953=EDGE_LOOP('',(#1360));
#2954=EDGE_LOOP('',(#1361,#1362,#1363,#1364));
#2955=EDGE_LOOP('',(#1365));
#2956=EDGE_LOOP('',(#1366));
#2957=EDGE_LOOP('',(#1367));
#2958=EDGE_LOOP('',(#1368));
#2959=EDGE_LOOP('',(#1369));
#2960=EDGE_LOOP('',(#1370));
#2961=EDGE_LOOP('',(#1371));
#2962=EDGE_LOOP('',(#1372));
#2963=EDGE_LOOP('',(#1373));
#2964=EDGE_LOOP('',(#1374));
#2965=EDGE_LOOP('',(#1375,#1376,#1377,#1378));
#2966=EDGE_LOOP('',(#1379));
#2967=EDGE_LOOP('',(#1380,#1381,#1382,#1383));
#2968=EDGE_LOOP('',(#1384,#1385));
#2969=EDGE_LOOP('',(#1386));
#2970=EDGE_LOOP('',(#1387,#1388,#1389,#1390));
#2971=EDGE_LOOP('',(#1391,#1392));
#2972=EDGE_LOOP('',(#1393));
#2973=EDGE_LOOP('',(#1394));
#2974=EDGE_LOOP('',(#1395));
#2975=EDGE_LOOP('',(#1396));
#2976=EDGE_LOOP('',(#1397));
#2977=EDGE_LOOP('',(#1398,#1399,#1400));
#2978=EDGE_LOOP('',(#1401,#1402,#1403,#1404));
#2979=EDGE_LOOP('',(#1405,#1406,#1407,#1408));
#2980=EDGE_LOOP('',(#1409,#1410,#1411));
#2981=EDGE_LOOP('',(#1412,#1413,#1414));
#2982=EDGE_LOOP('',(#1415,#1416,#1417,#1418));
#2983=EDGE_LOOP('',(#1419,#1420,#1421,#1422));
#2984=EDGE_LOOP('',(#1423,#1424,#1425));
#2985=EDGE_LOOP('',(#1426));
#2986=EDGE_LOOP('',(#1427));
#2987=EDGE_LOOP('',(#1428));
#2988=EDGE_LOOP('',(#1429));
#2989=EDGE_LOOP('',(#1430));
#2990=EDGE_LOOP('',(#1431));
#2991=EDGE_LOOP('',(#1432));
#2992=EDGE_LOOP('',(#1433));
#2993=EDGE_LOOP('',(#1434));
#2994=EDGE_LOOP('',(#1435,#1436,#1437,#1438,#1439,#1440));
#2995=EDGE_LOOP('',(#1441,#1442,#1443,#1444));
#2996=EDGE_LOOP('',(#1445,#1446,#1447,#1448,#1449));
#2997=EDGE_LOOP('',(#1450,#1451,#1452,#1453,#1454,#1455));
#2998=EDGE_LOOP('',(#1456,#1457,#1458,#1459));
#2999=EDGE_LOOP('',(#1460));
#3000=EDGE_LOOP('',(#1461,#1462,#1463,#1464,#1465,#1466));
#3001=EDGE_LOOP('',(#1467,#1468,#1469,#1470,#1471));
#3002=EDGE_LOOP('',(#1472,#1473,#1474,#1475));
#3003=EDGE_LOOP('',(#1476,#1477,#1478,#1479));
#3004=EDGE_LOOP('',(#1480,#1481,#1482,#1483));
#3005=EDGE_LOOP('',(#1484,#1485,#1486,#1487,#1488,#1489));
#3006=EDGE_LOOP('',(#1490));
#3007=EDGE_LOOP('',(#1491));
#3008=EDGE_LOOP('',(#1492));
#3009=EDGE_LOOP('',(#1493));
#3010=EDGE_LOOP('',(#1494,#1495,#1496,#1497,#1498,#1499));
#3011=EDGE_LOOP('',(#1500,#1501,#1502,#1503));
#3012=EDGE_LOOP('',(#1504,#1505,#1506,#1507));
#3013=EDGE_LOOP('',(#1508,#1509,#1510,#1511));
#3014=EDGE_LOOP('',(#1512,#1513,#1514,#1515));
#3015=EDGE_LOOP('',(#1516,#1517,#1518,#1519));
#3016=EDGE_LOOP('',(#1520,#1521,#1522,#1523));
#3017=EDGE_LOOP('',(#1524,#1525,#1526,#1527,#1528));
#3018=EDGE_LOOP('',(#1529));
#3019=EDGE_LOOP('',(#1530,#1531));
#3020=EDGE_LOOP('',(#1532,#1533,#1534,#1535));
#3021=EDGE_LOOP('',(#1536,#1537,#1538,#1539));
#3022=EDGE_LOOP('',(#1540,#1541,#1542,#1543,#1544,#1545,#1546));
#3023=EDGE_LOOP('',(#1547,#1548,#1549,#1550));
#3024=EDGE_LOOP('',(#1551,#1552,#1553,#1554));
#3025=EDGE_LOOP('',(#1555,#1556,#1557));
#3026=EDGE_LOOP('',(#1558,#1559,#1560,#1561,#1562,#1563,#1564));
#3027=EDGE_LOOP('',(#1565,#1566,#1567,#1568,#1569,#1570,#1571));
#3028=EDGE_LOOP('',(#1572,#1573,#1574,#1575,#1576,#1577));
#3029=EDGE_LOOP('',(#1578,#1579,#1580,#1581,#1582,#1583,#1584,#1585,#1586,
#1587,#1588));
#3030=EDGE_LOOP('',(#1589,#1590,#1591,#1592));
#3031=EDGE_LOOP('',(#1593,#1594,#1595,#1596));
#3032=FACE_BOUND('',#2659,.T.);
#3033=FACE_BOUND('',#2660,.T.);
#3034=FACE_BOUND('',#2661,.T.);
#3035=FACE_BOUND('',#2662,.T.);
#3036=FACE_BOUND('',#2663,.T.);
#3037=FACE_BOUND('',#2664,.T.);
#3038=FACE_BOUND('',#2665,.T.);
#3039=FACE_BOUND('',#2666,.T.);
#3040=FACE_BOUND('',#2667,.T.);
#3041=FACE_BOUND('',#2668,.T.);
#3042=FACE_BOUND('',#2669,.T.);
#3043=FACE_BOUND('',#2670,.T.);
#3044=FACE_BOUND('',#2671,.T.);
#3045=FACE_BOUND('',#2672,.T.);
#3046=FACE_BOUND('',#2673,.T.);
#3047=FACE_BOUND('',#2674,.T.);
#3048=FACE_BOUND('',#2675,.T.);
#3049=FACE_BOUND('',#2676,.T.);
#3050=FACE_BOUND('',#2677,.T.);
#3051=FACE_BOUND('',#2678,.T.);
#3052=FACE_BOUND('',#2679,.T.);
#3053=FACE_BOUND('',#2680,.T.);
#3054=FACE_BOUND('',#2681,.T.);
#3055=FACE_BOUND('',#2682,.T.);
#3056=FACE_BOUND('',#2683,.T.);
#3057=FACE_BOUND('',#2684,.T.);
#3058=FACE_BOUND('',#2685,.T.);
#3059=FACE_BOUND('',#2686,.T.);
#3060=FACE_BOUND('',#2687,.T.);
#3061=FACE_BOUND('',#2688,.T.);
#3062=FACE_BOUND('',#2689,.T.);
#3063=FACE_BOUND('',#2690,.T.);
#3064=FACE_BOUND('',#2691,.T.);
#3065=FACE_BOUND('',#2692,.T.);
#3066=FACE_BOUND('',#2693,.T.);
#3067=FACE_BOUND('',#2694,.T.);
#3068=FACE_BOUND('',#2695,.T.);
#3069=FACE_BOUND('',#2696,.T.);
#3070=FACE_BOUND('',#2697,.T.);
#3071=FACE_BOUND('',#2698,.T.);
#3072=FACE_BOUND('',#2699,.T.);
#3073=FACE_BOUND('',#2700,.T.);
#3074=FACE_BOUND('',#2701,.T.);
#3075=FACE_BOUND('',#2702,.T.);
#3076=FACE_BOUND('',#2703,.T.);
#3077=FACE_BOUND('',#2704,.T.);
#3078=FACE_BOUND('',#2705,.T.);
#3079=FACE_BOUND('',#2706,.T.);
#3080=FACE_BOUND('',#2707,.T.);
#3081=FACE_BOUND('',#2708,.T.);
#3082=FACE_BOUND('',#2709,.T.);
#3083=FACE_BOUND('',#2710,.T.);
#3084=FACE_BOUND('',#2711,.T.);
#3085=FACE_BOUND('',#2712,.T.);
#3086=FACE_BOUND('',#2713,.T.);
#3087=FACE_BOUND('',#2714,.T.);
#3088=FACE_BOUND('',#2715,.T.);
#3089=FACE_BOUND('',#2716,.T.);
#3090=FACE_BOUND('',#2717,.T.);
#3091=FACE_BOUND('',#2718,.T.);
#3092=FACE_BOUND('',#2719,.T.);
#3093=FACE_BOUND('',#2720,.T.);
#3094=FACE_BOUND('',#2721,.T.);
#3095=FACE_BOUND('',#2722,.T.);
#3096=FACE_BOUND('',#2723,.T.);
#3097=FACE_BOUND('',#2724,.T.);
#3098=FACE_BOUND('',#2725,.T.);
#3099=FACE_BOUND('',#2726,.T.);
#3100=FACE_BOUND('',#2727,.T.);
#3101=FACE_BOUND('',#2728,.T.);
#3102=FACE_BOUND('',#2729,.T.);
#3103=FACE_BOUND('',#2730,.T.);
#3104=FACE_BOUND('',#2731,.T.);
#3105=FACE_BOUND('',#2732,.T.);
#3106=FACE_BOUND('',#2733,.T.);
#3107=FACE_BOUND('',#2734,.T.);
#3108=FACE_BOUND('',#2735,.T.);
#3109=FACE_BOUND('',#2736,.T.);
#3110=FACE_BOUND('',#2737,.T.);
#3111=FACE_BOUND('',#2738,.T.);
#3112=FACE_BOUND('',#2739,.T.);
#3113=FACE_BOUND('',#2740,.T.);
#3114=FACE_BOUND('',#2741,.T.);
#3115=FACE_BOUND('',#2742,.T.);
#3116=FACE_BOUND('',#2743,.T.);
#3117=FACE_BOUND('',#2744,.T.);
#3118=FACE_BOUND('',#2745,.T.);
#3119=FACE_BOUND('',#2746,.T.);
#3120=FACE_BOUND('',#2747,.T.);
#3121=FACE_BOUND('',#2748,.T.);
#3122=FACE_BOUND('',#2749,.T.);
#3123=FACE_BOUND('',#2750,.T.);
#3124=FACE_BOUND('',#2751,.T.);
#3125=FACE_BOUND('',#2752,.T.);
#3126=FACE_BOUND('',#2753,.T.);
#3127=FACE_BOUND('',#2754,.T.);
#3128=FACE_BOUND('',#2755,.T.);
#3129=FACE_BOUND('',#2756,.T.);
#3130=FACE_BOUND('',#2757,.T.);
#3131=FACE_BOUND('',#2758,.T.);
#3132=FACE_BOUND('',#2759,.T.);
#3133=FACE_BOUND('',#2760,.T.);
#3134=FACE_BOUND('',#2761,.T.);
#3135=FACE_BOUND('',#2762,.T.);
#3136=FACE_BOUND('',#2763,.T.);
#3137=FACE_BOUND('',#2764,.T.);
#3138=FACE_BOUND('',#2765,.T.);
#3139=FACE_BOUND('',#2766,.T.);
#3140=FACE_BOUND('',#2767,.T.);
#3141=FACE_BOUND('',#2768,.T.);
#3142=FACE_BOUND('',#2769,.T.);
#3143=FACE_BOUND('',#2770,.T.);
#3144=FACE_BOUND('',#2771,.T.);
#3145=FACE_BOUND('',#2772,.T.);
#3146=FACE_BOUND('',#2773,.T.);
#3147=FACE_BOUND('',#2774,.T.);
#3148=FACE_BOUND('',#2775,.T.);
#3149=FACE_BOUND('',#2776,.T.);
#3150=FACE_BOUND('',#2777,.T.);
#3151=FACE_BOUND('',#2778,.T.);
#3152=FACE_BOUND('',#2779,.T.);
#3153=FACE_BOUND('',#2780,.T.);
#3154=FACE_BOUND('',#2781,.T.);
#3155=FACE_BOUND('',#2782,.T.);
#3156=FACE_BOUND('',#2783,.T.);
#3157=FACE_BOUND('',#2784,.T.);
#3158=FACE_BOUND('',#2785,.T.);
#3159=FACE_BOUND('',#2786,.T.);
#3160=FACE_BOUND('',#2787,.T.);
#3161=FACE_BOUND('',#2788,.T.);
#3162=FACE_BOUND('',#2789,.T.);
#3163=FACE_BOUND('',#2790,.T.);
#3164=FACE_BOUND('',#2791,.T.);
#3165=FACE_BOUND('',#2792,.T.);
#3166=FACE_BOUND('',#2793,.T.);
#3167=FACE_BOUND('',#2794,.T.);
#3168=FACE_BOUND('',#2795,.T.);
#3169=FACE_BOUND('',#2796,.T.);
#3170=FACE_BOUND('',#2797,.T.);
#3171=FACE_BOUND('',#2798,.T.);
#3172=FACE_BOUND('',#2799,.T.);
#3173=FACE_BOUND('',#2800,.T.);
#3174=FACE_BOUND('',#2801,.T.);
#3175=FACE_BOUND('',#2802,.T.);
#3176=FACE_BOUND('',#2803,.T.);
#3177=FACE_BOUND('',#2804,.T.);
#3178=FACE_BOUND('',#2805,.T.);
#3179=FACE_BOUND('',#2806,.T.);
#3180=FACE_BOUND('',#2807,.T.);
#3181=FACE_BOUND('',#2808,.T.);
#3182=FACE_BOUND('',#2809,.T.);
#3183=FACE_BOUND('',#2810,.T.);
#3184=FACE_BOUND('',#2811,.T.);
#3185=FACE_BOUND('',#2812,.T.);
#3186=FACE_BOUND('',#2813,.T.);
#3187=FACE_BOUND('',#2814,.T.);
#3188=FACE_BOUND('',#2815,.T.);
#3189=FACE_BOUND('',#2816,.T.);
#3190=FACE_BOUND('',#2817,.T.);
#3191=FACE_BOUND('',#2818,.T.);
#3192=FACE_BOUND('',#2819,.T.);
#3193=FACE_BOUND('',#2820,.T.);
#3194=FACE_BOUND('',#2821,.T.);
#3195=FACE_BOUND('',#2822,.T.);
#3196=FACE_BOUND('',#2823,.T.);
#3197=FACE_BOUND('',#2824,.T.);
#3198=FACE_BOUND('',#2825,.T.);
#3199=FACE_BOUND('',#2826,.T.);
#3200=FACE_BOUND('',#2827,.T.);
#3201=FACE_BOUND('',#2828,.T.);
#3202=FACE_BOUND('',#2829,.T.);
#3203=FACE_BOUND('',#2830,.T.);
#3204=FACE_BOUND('',#2831,.T.);
#3205=FACE_BOUND('',#2832,.T.);
#3206=FACE_BOUND('',#2833,.T.);
#3207=FACE_BOUND('',#2834,.T.);
#3208=FACE_BOUND('',#2835,.T.);
#3209=FACE_BOUND('',#2836,.T.);
#3210=FACE_BOUND('',#2837,.T.);
#3211=FACE_BOUND('',#2838,.T.);
#3212=FACE_BOUND('',#2839,.T.);
#3213=FACE_BOUND('',#2840,.T.);
#3214=FACE_BOUND('',#2841,.T.);
#3215=FACE_BOUND('',#2842,.T.);
#3216=FACE_BOUND('',#2843,.T.);
#3217=FACE_BOUND('',#2844,.T.);
#3218=FACE_BOUND('',#2845,.T.);
#3219=FACE_BOUND('',#2846,.T.);
#3220=FACE_BOUND('',#2847,.T.);
#3221=FACE_BOUND('',#2848,.T.);
#3222=FACE_BOUND('',#2849,.T.);
#3223=FACE_BOUND('',#2850,.T.);
#3224=FACE_BOUND('',#2851,.T.);
#3225=FACE_BOUND('',#2852,.T.);
#3226=FACE_BOUND('',#2853,.T.);
#3227=FACE_BOUND('',#2854,.T.);
#3228=FACE_BOUND('',#2855,.T.);
#3229=FACE_BOUND('',#2856,.T.);
#3230=FACE_BOUND('',#2857,.T.);
#3231=FACE_BOUND('',#2858,.T.);
#3232=FACE_BOUND('',#2859,.T.);
#3233=FACE_BOUND('',#2860,.T.);
#3234=FACE_BOUND('',#2861,.T.);
#3235=FACE_BOUND('',#2862,.T.);
#3236=FACE_BOUND('',#2863,.T.);
#3237=FACE_BOUND('',#2864,.T.);
#3238=FACE_BOUND('',#2865,.T.);
#3239=FACE_BOUND('',#2866,.T.);
#3240=FACE_BOUND('',#2867,.T.);
#3241=FACE_BOUND('',#2868,.T.);
#3242=FACE_BOUND('',#2869,.T.);
#3243=FACE_BOUND('',#2870,.T.);
#3244=FACE_BOUND('',#2871,.T.);
#3245=FACE_BOUND('',#2872,.T.);
#3246=FACE_BOUND('',#2873,.T.);
#3247=FACE_BOUND('',#2874,.T.);
#3248=FACE_BOUND('',#2875,.T.);
#3249=FACE_BOUND('',#2876,.T.);
#3250=FACE_BOUND('',#2877,.T.);
#3251=FACE_BOUND('',#2878,.T.);
#3252=FACE_BOUND('',#2879,.T.);
#3253=FACE_BOUND('',#2880,.T.);
#3254=FACE_BOUND('',#2881,.T.);
#3255=FACE_BOUND('',#2882,.T.);
#3256=FACE_BOUND('',#2883,.T.);
#3257=FACE_BOUND('',#2884,.T.);
#3258=FACE_BOUND('',#2885,.T.);
#3259=FACE_BOUND('',#2886,.T.);
#3260=FACE_BOUND('',#2887,.T.);
#3261=FACE_BOUND('',#2888,.T.);
#3262=FACE_BOUND('',#2889,.T.);
#3263=FACE_BOUND('',#2890,.T.);
#3264=FACE_BOUND('',#2891,.T.);
#3265=FACE_BOUND('',#2892,.T.);
#3266=FACE_BOUND('',#2893,.T.);
#3267=FACE_BOUND('',#2894,.T.);
#3268=FACE_BOUND('',#2895,.T.);
#3269=FACE_BOUND('',#2896,.T.);
#3270=FACE_BOUND('',#2897,.T.);
#3271=FACE_BOUND('',#2898,.T.);
#3272=FACE_BOUND('',#2899,.T.);
#3273=FACE_BOUND('',#2900,.T.);
#3274=FACE_BOUND('',#2901,.T.);
#3275=FACE_BOUND('',#2902,.T.);
#3276=FACE_BOUND('',#2903,.T.);
#3277=FACE_BOUND('',#2904,.T.);
#3278=FACE_BOUND('',#2905,.T.);
#3279=FACE_BOUND('',#2906,.T.);
#3280=FACE_BOUND('',#2907,.T.);
#3281=FACE_BOUND('',#2908,.T.);
#3282=FACE_BOUND('',#2909,.T.);
#3283=FACE_BOUND('',#2910,.T.);
#3284=FACE_BOUND('',#2911,.T.);
#3285=FACE_BOUND('',#2912,.T.);
#3286=FACE_BOUND('',#2913,.T.);
#3287=FACE_BOUND('',#2914,.T.);
#3288=FACE_BOUND('',#2915,.T.);
#3289=FACE_BOUND('',#2916,.T.);
#3290=FACE_BOUND('',#2917,.T.);
#3291=FACE_BOUND('',#2918,.T.);
#3292=FACE_BOUND('',#2919,.T.);
#3293=FACE_BOUND('',#2920,.T.);
#3294=FACE_BOUND('',#2921,.T.);
#3295=FACE_BOUND('',#2922,.T.);
#3296=FACE_BOUND('',#2923,.T.);
#3297=FACE_BOUND('',#2924,.T.);
#3298=FACE_BOUND('',#2925,.T.);
#3299=FACE_BOUND('',#2926,.T.);
#3300=FACE_BOUND('',#2927,.T.);
#3301=FACE_BOUND('',#2928,.T.);
#3302=FACE_BOUND('',#2929,.T.);
#3303=FACE_BOUND('',#2930,.T.);
#3304=FACE_BOUND('',#2931,.T.);
#3305=FACE_BOUND('',#2932,.T.);
#3306=FACE_BOUND('',#2933,.T.);
#3307=FACE_BOUND('',#2934,.T.);
#3308=FACE_BOUND('',#2935,.T.);
#3309=FACE_BOUND('',#2936,.T.);
#3310=FACE_BOUND('',#2937,.T.);
#3311=FACE_BOUND('',#2938,.T.);
#3312=FACE_BOUND('',#2939,.T.);
#3313=FACE_BOUND('',#2940,.T.);
#3314=FACE_BOUND('',#2941,.T.);
#3315=FACE_BOUND('',#2942,.T.);
#3316=FACE_BOUND('',#2943,.T.);
#3317=FACE_BOUND('',#2944,.T.);
#3318=FACE_BOUND('',#2945,.T.);
#3319=FACE_BOUND('',#2946,.T.);
#3320=FACE_BOUND('',#2947,.T.);
#3321=FACE_BOUND('',#2948,.T.);
#3322=FACE_BOUND('',#2949,.T.);
#3323=FACE_BOUND('',#2950,.T.);
#3324=FACE_BOUND('',#2951,.T.);
#3325=FACE_BOUND('',#2952,.T.);
#3326=FACE_BOUND('',#2953,.T.);
#3327=FACE_BOUND('',#2954,.T.);
#3328=FACE_BOUND('',#2955,.T.);
#3329=FACE_BOUND('',#2956,.T.);
#3330=FACE_BOUND('',#2957,.T.);
#3331=FACE_BOUND('',#2958,.T.);
#3332=FACE_BOUND('',#2959,.T.);
#3333=FACE_BOUND('',#2960,.T.);
#3334=FACE_BOUND('',#2961,.T.);
#3335=FACE_BOUND('',#2962,.T.);
#3336=FACE_BOUND('',#2963,.T.);
#3337=FACE_BOUND('',#2964,.T.);
#3338=FACE_BOUND('',#2965,.T.);
#3339=FACE_BOUND('',#2966,.T.);
#3340=FACE_BOUND('',#2967,.T.);
#3341=FACE_BOUND('',#2968,.T.);
#3342=FACE_BOUND('',#2969,.T.);
#3343=FACE_BOUND('',#2970,.T.);
#3344=FACE_BOUND('',#2971,.T.);
#3345=FACE_BOUND('',#2972,.T.);
#3346=FACE_BOUND('',#2973,.T.);
#3347=FACE_BOUND('',#2974,.T.);
#3348=FACE_BOUND('',#2975,.T.);
#3349=FACE_BOUND('',#2976,.T.);
#3350=FACE_BOUND('',#2977,.T.);
#3351=FACE_BOUND('',#2978,.T.);
#3352=FACE_BOUND('',#2979,.T.);
#3353=FACE_BOUND('',#2980,.T.);
#3354=FACE_BOUND('',#2981,.T.);
#3355=FACE_BOUND('',#2982,.T.);
#3356=FACE_BOUND('',#2983,.T.);
#3357=FACE_BOUND('',#2984,.T.);
#3358=FACE_BOUND('',#2985,.T.);
#3359=FACE_BOUND('',#2986,.T.);
#3360=FACE_BOUND('',#2987,.T.);
#3361=FACE_BOUND('',#2988,.T.);
#3362=FACE_BOUND('',#2989,.T.);
#3363=FACE_BOUND('',#2990,.T.);
#3364=FACE_BOUND('',#2991,.T.);
#3365=FACE_BOUND('',#2992,.T.);
#3366=FACE_BOUND('',#2993,.T.);
#3367=FACE_BOUND('',#2994,.T.);
#3368=FACE_BOUND('',#2995,.T.);
#3369=FACE_BOUND('',#2996,.T.);
#3370=FACE_BOUND('',#2997,.T.);
#3371=FACE_BOUND('',#2998,.T.);
#3372=FACE_BOUND('',#2999,.T.);
#3373=FACE_BOUND('',#3000,.T.);
#3374=FACE_BOUND('',#3001,.T.);
#3375=FACE_BOUND('',#3002,.T.);
#3376=FACE_BOUND('',#3003,.T.);
#3377=FACE_BOUND('',#3004,.T.);
#3378=FACE_BOUND('',#3005,.T.);
#3379=FACE_BOUND('',#3006,.T.);
#3380=FACE_BOUND('',#3007,.T.);
#3381=FACE_BOUND('',#3008,.T.);
#3382=FACE_BOUND('',#3009,.T.);
#3383=FACE_BOUND('',#3010,.T.);
#3384=FACE_BOUND('',#3011,.T.);
#3385=FACE_BOUND('',#3012,.T.);
#3386=FACE_BOUND('',#3013,.T.);
#3387=FACE_BOUND('',#3014,.T.);
#3388=FACE_BOUND('',#3015,.T.);
#3389=FACE_BOUND('',#3016,.T.);
#3390=FACE_BOUND('',#3017,.T.);
#3391=FACE_BOUND('',#3018,.T.);
#3392=FACE_BOUND('',#3019,.T.);
#3393=FACE_BOUND('',#3020,.T.);
#3394=FACE_BOUND('',#3021,.T.);
#3395=FACE_BOUND('',#3022,.T.);
#3396=FACE_BOUND('',#3023,.T.);
#3397=FACE_BOUND('',#3024,.T.);
#3398=FACE_BOUND('',#3025,.T.);
#3399=FACE_BOUND('',#3026,.T.);
#3400=FACE_BOUND('',#3027,.T.);
#3401=FACE_BOUND('',#3028,.T.);
#3402=FACE_BOUND('',#3029,.T.);
#3403=FACE_BOUND('',#3030,.T.);
#3404=FACE_BOUND('',#3031,.T.);
#3405=CYLINDRICAL_SURFACE('',#3757,0.0055);
#3406=CYLINDRICAL_SURFACE('',#3851,0.0225000000000008);
#3407=CYLINDRICAL_SURFACE('',#3853,0.003);
#3408=CYLINDRICAL_SURFACE('',#3855,0.003);
#3409=CYLINDRICAL_SURFACE('',#3857,0.003);
#3410=CYLINDRICAL_SURFACE('',#3859,0.003);
#3411=CYLINDRICAL_SURFACE('',#3861,0.003);
#3412=CYLINDRICAL_SURFACE('',#3863,0.003);
#3413=CYLINDRICAL_SURFACE('',#3865,0.003);
#3414=CYLINDRICAL_SURFACE('',#3867,0.003);
#3415=CYLINDRICAL_SURFACE('',#3869,0.003);
#3416=CYLINDRICAL_SURFACE('',#3871,0.003);
#3417=CYLINDRICAL_SURFACE('',#3873,0.003);
#3418=CYLINDRICAL_SURFACE('',#3875,0.003);
#3419=CYLINDRICAL_SURFACE('',#3877,0.003);
#3420=CYLINDRICAL_SURFACE('',#3879,0.003);
#3421=CYLINDRICAL_SURFACE('',#3881,0.003);
#3422=CYLINDRICAL_SURFACE('',#3883,0.0025);
#3423=CYLINDRICAL_SURFACE('',#3886,0.0025);
#3424=CYLINDRICAL_SURFACE('',#3889,0.0025);
#3425=CYLINDRICAL_SURFACE('',#3891,0.003);
#3426=CYLINDRICAL_SURFACE('',#3893,0.0225000000000008);
#3427=CYLINDRICAL_SURFACE('',#3895,0.0225);
#3428=CYLINDRICAL_SURFACE('',#3897,0.0225);
#3429=CYLINDRICAL_SURFACE('',#3899,0.0225);
#3430=CYLINDRICAL_SURFACE('',#3901,0.0225);
#3431=CYLINDRICAL_SURFACE('',#3903,0.0225);
#3432=CYLINDRICAL_SURFACE('',#3905,0.0224999999999997);
#3433=CYLINDRICAL_SURFACE('',#3907,0.0225);
#3434=CYLINDRICAL_SURFACE('',#3909,0.0225);
#3435=CYLINDRICAL_SURFACE('',#3911,0.0225);
#3436=CYLINDRICAL_SURFACE('',#3913,0.0224999999999996);
#3437=CYLINDRICAL_SURFACE('',#3915,0.0225);
#3438=CYLINDRICAL_SURFACE('',#3917,0.0225000000000007);
#3439=CYLINDRICAL_SURFACE('',#3919,0.0225000000000009);
#3440=CYLINDRICAL_SURFACE('',#3921,0.0225000000000011);
#3441=CYLINDRICAL_SURFACE('',#3923,0.003);
#3442=CYLINDRICAL_SURFACE('',#3925,0.003);
#3443=CYLINDRICAL_SURFACE('',#3927,0.003);
#3444=CYLINDRICAL_SURFACE('',#3929,0.003);
#3445=CYLINDRICAL_SURFACE('',#3931,0.003);
#3446=CYLINDRICAL_SURFACE('',#3933,0.003);
#3447=CYLINDRICAL_SURFACE('',#3935,0.003);
#3448=CYLINDRICAL_SURFACE('',#3937,0.003);
#3449=CYLINDRICAL_SURFACE('',#3939,0.003);
#3450=CYLINDRICAL_SURFACE('',#3941,0.003);
#3451=CYLINDRICAL_SURFACE('',#3943,0.003);
#3452=CYLINDRICAL_SURFACE('',#3945,0.003);
#3453=CYLINDRICAL_SURFACE('',#3947,0.003);
#3454=CYLINDRICAL_SURFACE('',#3949,0.003);
#3455=CYLINDRICAL_SURFACE('',#3951,0.003);
#3456=CYLINDRICAL_SURFACE('',#3953,0.003);
#3457=CYLINDRICAL_SURFACE('',#3955,0.003);
#3458=CYLINDRICAL_SURFACE('',#3957,0.003);
#3459=CYLINDRICAL_SURFACE('',#3959,0.003);
#3460=CYLINDRICAL_SURFACE('',#3961,0.003);
#3461=CYLINDRICAL_SURFACE('',#3963,0.003);
#3462=CYLINDRICAL_SURFACE('',#3965,0.003);
#3463=CYLINDRICAL_SURFACE('',#3967,0.003);
#3464=CYLINDRICAL_SURFACE('',#3969,0.003);
#3465=CYLINDRICAL_SURFACE('',#3971,0.003);
#3466=CYLINDRICAL_SURFACE('',#3973,0.003);
#3467=CYLINDRICAL_SURFACE('',#3975,0.003);
#3468=CYLINDRICAL_SURFACE('',#3977,0.003);
#3469=CYLINDRICAL_SURFACE('',#3979,0.003);
#3470=CYLINDRICAL_SURFACE('',#3981,0.0025);
#3471=CYLINDRICAL_SURFACE('',#4015,0.008);
#3472=CYLINDRICAL_SURFACE('',#4018,0.008);
#3473=CYLINDRICAL_SURFACE('',#4021,0.01);
#3474=CYLINDRICAL_SURFACE('',#4024,0.01);
#3475=CYLINDRICAL_SURFACE('',#4027,0.01);
#3476=CYLINDRICAL_SURFACE('',#4030,0.002);
#3477=CYLINDRICAL_SURFACE('',#4032,0.002);
#3478=CYLINDRICAL_SURFACE('',#4034,0.002);
#3479=CYLINDRICAL_SURFACE('',#4036,0.002);
#3480=CYLINDRICAL_SURFACE('',#4038,0.002);
#3481=CYLINDRICAL_SURFACE('',#4039,0.002);
#3482=CYLINDRICAL_SURFACE('',#4043,0.002);
#3483=CYLINDRICAL_SURFACE('',#4046,0.002);
#3484=CYLINDRICAL_SURFACE('',#4048,0.002);
#3485=CYLINDRICAL_SURFACE('',#4050,0.002);
#3486=CYLINDRICAL_SURFACE('',#4052,0.002);
#3487=CYLINDRICAL_SURFACE('',#4053,0.002);
#3488=CYLINDRICAL_SURFACE('',#4057,0.002);
#3489=CYLINDRICAL_SURFACE('',#4060,0.002);
#3490=CYLINDRICAL_SURFACE('',#4062,0.002);
#3491=CYLINDRICAL_SURFACE('',#4064,0.002);
#3492=CYLINDRICAL_SURFACE('',#4066,0.002);
#3493=CYLINDRICAL_SURFACE('',#4069,0.001);
#3494=CYLINDRICAL_SURFACE('',#4073,0.001);
#3495=CYLINDRICAL_SURFACE('',#4076,0.001);
#3496=CYLINDRICAL_SURFACE('',#4080,0.001);
#3497=CYLINDRICAL_SURFACE('',#4083,0.001);
#3498=CYLINDRICAL_SURFACE('',#4087,0.001);
#3499=CYLINDRICAL_SURFACE('',#4089,0.001);
#3500=CYLINDRICAL_SURFACE('',#4092,0.001);
#3501=CYLINDRICAL_SURFACE('',#4096,0.001);
#3502=CYLINDRICAL_SURFACE('',#4098,0.001);
#3503=CYLINDRICAL_SURFACE('',#4105,0.0055);
#3504=CYLINDRICAL_SURFACE('',#4107,0.0025);
#3505=CYLINDRICAL_SURFACE('',#4109,0.0055);
#3506=CYLINDRICAL_SURFACE('',#4112,0.0025);
#3507=CYLINDRICAL_SURFACE('',#4115,0.0055);
#3508=CYLINDRICAL_SURFACE('',#4120,0.0025);
#3509=CYLINDRICAL_SURFACE('',#4122,0.0055);
#3510=CYLINDRICAL_SURFACE('',#4125,0.0055);
#3511=CYLINDRICAL_SURFACE('',#4128,0.0055);
#3512=CYLINDRICAL_SURFACE('',#4131,0.0055);
#3513=CYLINDRICAL_SURFACE('',#4137,0.004);
#3514=CYLINDRICAL_SURFACE('',#4139,0.004);
#3515=CYLINDRICAL_SURFACE('',#4145,0.004);
#3516=CYLINDRICAL_SURFACE('',#4147,0.004);
#3517=CYLINDRICAL_SURFACE('',#4172,0.003);
#3518=CYLINDRICAL_SURFACE('',#4175,0.003);
#3519=CYLINDRICAL_SURFACE('',#4176,0.003);
#3520=CYLINDRICAL_SURFACE('',#4177,0.003);
#3521=CYLINDRICAL_SURFACE('',#4179,0.003);
#3522=CYLINDRICAL_SURFACE('',#4182,0.003);
#3523=CYLINDRICAL_SURFACE('',#4184,0.003);
#3524=CYLINDRICAL_SURFACE('',#4188,0.003);
#3525=CYLINDRICAL_SURFACE('',#4190,0.003);
#3526=CYLINDRICAL_SURFACE('',#4192,0.003);
#3527=CYLINDRICAL_SURFACE('',#4194,0.003);
#3528=ADVANCED_FACE('',(#3032),#3405,.T.);
#3529=ADVANCED_FACE('',(#3033,#3034),#128,.T.);
#3530=ADVANCED_FACE('',(#3035,#3036),#129,.T.);
#3531=ADVANCED_FACE('',(#3037,#3038),#130,.T.);
#3532=ADVANCED_FACE('',(#3039),#113,.F.);
#3533=ADVANCED_FACE('',(#3040),#131,.T.);
#3534=ADVANCED_FACE('',(#3041),#132,.F.);
#3535=ADVANCED_FACE('',(#3042),#133,.F.);
#3536=ADVANCED_FACE('',(#3043),#134,.T.);
#3537=ADVANCED_FACE('',(#3044,#3045,#3046,#3047,#3048,#3049,#3050,#3051,
#3052,#3053,#3054,#3055,#3056,#3057,#3058,#3059,#3060,#3061,#3062,#3063,
#3064,#3065,#3066,#3067,#3068,#3069,#3070,#3071,#3072,#3073,#3074,#3075,
#3076,#3077,#3078,#3079,#3080,#3081,#3082,#3083,#3084,#3085,#3086,#3087,
#3088,#3089,#3090,#3091,#3092,#3093,#3094,#3095,#3096),#135,.T.);
#3538=ADVANCED_FACE('',(#3097),#136,.F.);
#3539=ADVANCED_FACE('',(#3098),#3406,.F.);
#3540=ADVANCED_FACE('',(#3099),#3407,.F.);
#3541=ADVANCED_FACE('',(#3100),#3408,.F.);
#3542=ADVANCED_FACE('',(#3101),#3409,.F.);
#3543=ADVANCED_FACE('',(#3102),#3410,.F.);
#3544=ADVANCED_FACE('',(#3103),#3411,.F.);
#3545=ADVANCED_FACE('',(#3104),#3412,.F.);
#3546=ADVANCED_FACE('',(#3105),#3413,.F.);
#3547=ADVANCED_FACE('',(#3106),#3414,.F.);
#3548=ADVANCED_FACE('',(#3107),#3415,.F.);
#3549=ADVANCED_FACE('',(#3108),#3416,.F.);
#3550=ADVANCED_FACE('',(#3109),#3417,.F.);
#3551=ADVANCED_FACE('',(#3110),#3418,.F.);
#3552=ADVANCED_FACE('',(#3111),#3419,.F.);
#3553=ADVANCED_FACE('',(#3112),#3420,.F.);
#3554=ADVANCED_FACE('',(#3113),#3421,.F.);
#3555=ADVANCED_FACE('',(#3114,#3115),#3422,.F.);
#3556=ADVANCED_FACE('',(#3116,#3117),#3423,.F.);
#3557=ADVANCED_FACE('',(#3118,#3119),#3424,.F.);
#3558=ADVANCED_FACE('',(#3120),#3425,.F.);
#3559=ADVANCED_FACE('',(#3121),#3426,.F.);
#3560=ADVANCED_FACE('',(#3122),#3427,.F.);
#3561=ADVANCED_FACE('',(#3123),#3428,.F.);
#3562=ADVANCED_FACE('',(#3124),#3429,.F.);
#3563=ADVANCED_FACE('',(#3125),#3430,.F.);
#3564=ADVANCED_FACE('',(#3126),#3431,.F.);
#3565=ADVANCED_FACE('',(#3127),#3432,.F.);
#3566=ADVANCED_FACE('',(#3128),#3433,.F.);
#3567=ADVANCED_FACE('',(#3129),#3434,.F.);
#3568=ADVANCED_FACE('',(#3130),#3435,.F.);
#3569=ADVANCED_FACE('',(#3131),#3436,.F.);
#3570=ADVANCED_FACE('',(#3132),#3437,.F.);
#3571=ADVANCED_FACE('',(#3133),#3438,.F.);
#3572=ADVANCED_FACE('',(#3134),#3439,.F.);
#3573=ADVANCED_FACE('',(#3135),#3440,.F.);
#3574=ADVANCED_FACE('',(#3136,#3137),#3441,.F.);
#3575=ADVANCED_FACE('',(#3138,#3139),#3442,.F.);
#3576=ADVANCED_FACE('',(#3140,#3141),#3443,.F.);
#3577=ADVANCED_FACE('',(#3142,#3143),#3444,.F.);
#3578=ADVANCED_FACE('',(#3144,#3145),#3445,.F.);
#3579=ADVANCED_FACE('',(#3146,#3147),#3446,.F.);
#3580=ADVANCED_FACE('',(#3148,#3149),#3447,.F.);
#3581=ADVANCED_FACE('',(#3150,#3151),#3448,.F.);
#3582=ADVANCED_FACE('',(#3152,#3153),#3449,.F.);
#3583=ADVANCED_FACE('',(#3154,#3155),#3450,.F.);
#3584=ADVANCED_FACE('',(#3156,#3157),#3451,.F.);
#3585=ADVANCED_FACE('',(#3158,#3159),#3452,.F.);
#3586=ADVANCED_FACE('',(#3160,#3161),#3453,.F.);
#3587=ADVANCED_FACE('',(#3162,#3163),#3454,.F.);
#3588=ADVANCED_FACE('',(#3164,#3165),#3455,.F.);
#3589=ADVANCED_FACE('',(#3166,#3167),#3456,.F.);
#3590=ADVANCED_FACE('',(#3168,#3169),#3457,.F.);
#3591=ADVANCED_FACE('',(#3170,#3171),#3458,.F.);
#3592=ADVANCED_FACE('',(#3172,#3173),#3459,.F.);
#3593=ADVANCED_FACE('',(#3174,#3175),#3460,.F.);
#3594=ADVANCED_FACE('',(#3176,#3177),#3461,.F.);
#3595=ADVANCED_FACE('',(#3178,#3179),#3462,.F.);
#3596=ADVANCED_FACE('',(#3180,#3181),#3463,.F.);
#3597=ADVANCED_FACE('',(#3182,#3183),#3464,.F.);
#3598=ADVANCED_FACE('',(#3184,#3185),#3465,.F.);
#3599=ADVANCED_FACE('',(#3186,#3187),#3466,.F.);
#3600=ADVANCED_FACE('',(#3188,#3189),#3467,.F.);
#3601=ADVANCED_FACE('',(#3190,#3191),#3468,.F.);
#3602=ADVANCED_FACE('',(#3192,#3193),#3469,.F.);
#3603=ADVANCED_FACE('',(#3194,#3195),#3470,.F.);
#3604=ADVANCED_FACE('',(#3196,#3197,#3198,#3199,#3200,#3201,#3202,#3203,
#3204,#3205,#3206,#3207,#3208,#3209,#3210,#3211,#3212,#3213,#3214,#3215,
#3216,#3217,#3218,#3219,#3220,#3221,#3222,#3223,#3224,#3225,#3226,#3227,
#3228,#3229,#3230,#3231,#3232,#3233,#3234,#3235,#3236,#3237,#3238,#3239,
#3240,#3241,#3242,#3243,#3244,#3245,#3246,#3247),#137,.F.);
#3605=ADVANCED_FACE('',(#3248),#138,.F.);
#3606=ADVANCED_FACE('',(#3249),#139,.T.);
#3607=ADVANCED_FACE('',(#3250),#140,.F.);
#3608=ADVANCED_FACE('',(#3251),#141,.F.);
#3609=ADVANCED_FACE('',(#3252),#142,.F.);
#3610=ADVANCED_FACE('',(#3253),#143,.T.);
#3611=ADVANCED_FACE('',(#3254),#144,.F.);
#3612=ADVANCED_FACE('',(#3255),#145,.F.);
#3613=ADVANCED_FACE('',(#3256),#146,.T.);
#3614=ADVANCED_FACE('',(#3257),#147,.F.);
#3615=ADVANCED_FACE('',(#3258),#148,.T.);
#3616=ADVANCED_FACE('',(#3259),#149,.F.);
#3617=ADVANCED_FACE('',(#3260),#150,.T.);
#3618=ADVANCED_FACE('',(#3261),#151,.T.);
#3619=ADVANCED_FACE('',(#3262),#3471,.F.);
#3620=ADVANCED_FACE('',(#3263),#3472,.F.);
#3621=ADVANCED_FACE('',(#3264),#3473,.T.);
#3622=ADVANCED_FACE('',(#3265),#3474,.T.);
#3623=ADVANCED_FACE('',(#3266),#3475,.T.);
#3624=ADVANCED_FACE('',(#3267),#3476,.F.);
#3625=ADVANCED_FACE('',(#3268),#3477,.F.);
#3626=ADVANCED_FACE('',(#3269),#3478,.F.);
#3627=ADVANCED_FACE('',(#3270),#3479,.F.);
#3628=ADVANCED_FACE('',(#3271),#3480,.F.);
#3629=ADVANCED_FACE('',(#3272),#3481,.T.);
#3630=ADVANCED_FACE('',(#3273),#114,.T.);
#3631=ADVANCED_FACE('',(#3274),#3482,.T.);
#3632=ADVANCED_FACE('',(#3275),#33,.F.);
#3633=ADVANCED_FACE('',(#3276),#3483,.F.);
#3634=ADVANCED_FACE('',(#3277),#3484,.F.);
#3635=ADVANCED_FACE('',(#3278),#3485,.F.);
#3636=ADVANCED_FACE('',(#3279),#3486,.F.);
#3637=ADVANCED_FACE('',(#3280),#3487,.T.);
#3638=ADVANCED_FACE('',(#3281),#115,.T.);
#3639=ADVANCED_FACE('',(#3282),#3488,.T.);
#3640=ADVANCED_FACE('',(#3283),#34,.F.);
#3641=ADVANCED_FACE('',(#3284),#3489,.F.);
#3642=ADVANCED_FACE('',(#3285),#3490,.F.);
#3643=ADVANCED_FACE('',(#3286),#3491,.F.);
#3644=ADVANCED_FACE('',(#3287),#3492,.F.);
#3645=ADVANCED_FACE('',(#3288),#116,.F.);
#3646=ADVANCED_FACE('',(#3289),#3493,.F.);
#3647=ADVANCED_FACE('',(#3290),#117,.F.);
#3648=ADVANCED_FACE('',(#3291),#3494,.F.);
#3649=ADVANCED_FACE('',(#3292),#118,.F.);
#3650=ADVANCED_FACE('',(#3293),#3495,.F.);
#3651=ADVANCED_FACE('',(#3294),#119,.F.);
#3652=ADVANCED_FACE('',(#3295),#3496,.F.);
#3653=ADVANCED_FACE('',(#3296),#120,.F.);
#3654=ADVANCED_FACE('',(#3297),#3497,.F.);
#3655=ADVANCED_FACE('',(#3298),#121,.F.);
#3656=ADVANCED_FACE('',(#3299),#3498,.F.);
#3657=ADVANCED_FACE('',(#3300),#3499,.F.);
#3658=ADVANCED_FACE('',(#3301),#122,.F.);
#3659=ADVANCED_FACE('',(#3302),#3500,.F.);
#3660=ADVANCED_FACE('',(#3303),#123,.F.);
#3661=ADVANCED_FACE('',(#3304),#3501,.F.);
#3662=ADVANCED_FACE('',(#3305),#3502,.F.);
#3663=ADVANCED_FACE('',(#3306),#21,.T.);
#3664=ADVANCED_FACE('',(#3307),#22,.T.);
#3665=ADVANCED_FACE('',(#3308),#152,.F.);
#3666=ADVANCED_FACE('',(#3309),#23,.T.);
#3667=ADVANCED_FACE('',(#3310),#153,.F.);
#3668=ADVANCED_FACE('',(#3311),#24,.T.);
#3669=ADVANCED_FACE('',(#3312),#154,.T.);
#3670=ADVANCED_FACE('',(#3313),#25,.T.);
#3671=ADVANCED_FACE('',(#3314),#26,.T.);
#3672=ADVANCED_FACE('',(#3315),#27,.T.);
#3673=ADVANCED_FACE('',(#3316),#28,.T.);
#3674=ADVANCED_FACE('',(#3317),#155,.F.);
#3675=ADVANCED_FACE('',(#3318),#29,.T.);
#3676=ADVANCED_FACE('',(#3319),#156,.F.);
#3677=ADVANCED_FACE('',(#3320),#30,.T.);
#3678=ADVANCED_FACE('',(#3321),#157,.T.);
#3679=ADVANCED_FACE('',(#3322),#31,.T.);
#3680=ADVANCED_FACE('',(#3323),#32,.T.);
#3681=ADVANCED_FACE('',(#3324),#3503,.T.);
#3682=ADVANCED_FACE('',(#3325,#3326),#3504,.F.);
#3683=ADVANCED_FACE('',(#3327),#3505,.T.);
#3684=ADVANCED_FACE('',(#3328),#158,.T.);
#3685=ADVANCED_FACE('',(#3329,#3330),#3506,.F.);
#3686=ADVANCED_FACE('',(#3331,#3332),#3507,.T.);
#3687=ADVANCED_FACE('',(#3333,#3334),#159,.T.);
#3688=ADVANCED_FACE('',(#3335),#160,.T.);
#3689=ADVANCED_FACE('',(#3336,#3337),#3508,.F.);
#3690=ADVANCED_FACE('',(#3338),#3509,.T.);
#3691=ADVANCED_FACE('',(#3339),#161,.T.);
#3692=ADVANCED_FACE('',(#3340),#3510,.T.);
#3693=ADVANCED_FACE('',(#3341,#3342),#162,.T.);
#3694=ADVANCED_FACE('',(#3343),#3511,.T.);
#3695=ADVANCED_FACE('',(#3344,#3345),#163,.T.);
#3696=ADVANCED_FACE('',(#3346,#3347),#3512,.T.);
#3697=ADVANCED_FACE('',(#3348,#3349),#164,.T.);
#3698=ADVANCED_FACE('',(#3350),#17,.T.);
#3699=ADVANCED_FACE('',(#3351),#3513,.T.);
#3700=ADVANCED_FACE('',(#3352),#3514,.T.);
#3701=ADVANCED_FACE('',(#3353),#18,.T.);
#3702=ADVANCED_FACE('',(#3354),#19,.T.);
#3703=ADVANCED_FACE('',(#3355),#3515,.T.);
#3704=ADVANCED_FACE('',(#3356),#3516,.T.);
#3705=ADVANCED_FACE('',(#3357),#20,.T.);
#3706=ADVANCED_FACE('',(#3358,#3359),#12,.F.);
#3707=ADVANCED_FACE('',(#3360,#3361),#13,.F.);
#3708=ADVANCED_FACE('',(#3362,#3363),#14,.F.);
#3709=ADVANCED_FACE('',(#3364,#3365),#15,.F.);
#3710=ADVANCED_FACE('',(#3366,#3367),#165,.T.);
#3711=ADVANCED_FACE('',(#3368),#166,.F.);
#3712=ADVANCED_FACE('',(#3369),#167,.F.);
#3713=ADVANCED_FACE('',(#3370),#168,.F.);
#3714=ADVANCED_FACE('',(#3371),#169,.F.);
#3715=ADVANCED_FACE('',(#3372,#3373),#170,.F.);
#3716=ADVANCED_FACE('',(#3374),#171,.F.);
#3717=ADVANCED_FACE('',(#3375),#172,.T.);
#3718=ADVANCED_FACE('',(#3376),#173,.F.);
#3719=ADVANCED_FACE('',(#3377),#174,.F.);
#3720=ADVANCED_FACE('',(#3378),#175,.T.);
#3721=ADVANCED_FACE('',(#3379,#3380),#3517,.F.);
#3722=ADVANCED_FACE('',(#3381,#3382),#16,.F.);
#3723=ADVANCED_FACE('',(#3383),#3518,.T.);
#3724=ADVANCED_FACE('',(#3384),#3519,.T.);
#3725=ADVANCED_FACE('',(#3385),#3520,.T.);
#3726=ADVANCED_FACE('',(#3386),#176,.T.);
#3727=ADVANCED_FACE('',(#3387),#3521,.F.);
#3728=ADVANCED_FACE('',(#3388),#3522,.F.);
#3729=ADVANCED_FACE('',(#3389),#3523,.F.);
#3730=ADVANCED_FACE('',(#3390),#124,.F.);
#3731=ADVANCED_FACE('',(#3391,#3392),#125,.F.);
#3732=ADVANCED_FACE('',(#3393),#3524,.F.);
#3733=ADVANCED_FACE('',(#3394),#3525,.F.);
#3734=ADVANCED_FACE('',(#3395),#3526,.F.);
#3735=ADVANCED_FACE('',(#3396),#3527,.F.);
#3736=ADVANCED_FACE('',(#3397),#126,.F.);
#3737=ADVANCED_FACE('',(#3398),#127,.F.);
#3738=ADVANCED_FACE('',(#3399),#177,.F.);
#3739=ADVANCED_FACE('',(#3400),#178,.F.);
#3740=ADVANCED_FACE('',(#3401),#179,.F.);
#3741=ADVANCED_FACE('',(#3402),#180,.F.);
#3742=ADVANCED_FACE('',(#3403),#181,.F.);
#3743=ADVANCED_FACE('',(#3404),#182,.F.);
#3744=CLOSED_SHELL('',(#3528,#3529,#3530,#3531,#3532,#3533,#3534,#3535,
#3536,#3537,#3538,#3539,#3540,#3541,#3542,#3543,#3544,#3545,#3546,#3547,
#3548,#3549,#3550,#3551,#3552,#3553,#3554,#3555,#3556,#3557,#3558,#3559,
#3560,#3561,#3562,#3563,#3564,#3565,#3566,#3567,#3568,#3569,#3570,#3571,
#3572,#3573,#3574,#3575,#3576,#3577,#3578,#3579,#3580,#3581,#3582,#3583,
#3584,#3585,#3586,#3587,#3588,#3589,#3590,#3591,#3592,#3593,#3594,#3595,
#3596,#3597,#3598,#3599,#3600,#3601,#3602,#3603,#3604,#3605,#3606,#3607,
#3608,#3609,#3610,#3611,#3612,#3613,#3614,#3615,#3616,#3617,#3618,#3619,
#3620,#3621,#3622,#3623,#3624,#3625,#3626,#3627,#3628,#3629,#3630,#3631,
#3632,#3633,#3634,#3635,#3636,#3637,#3638,#3639,#3640,#3641,#3642,#3643,
#3644,#3645,#3646,#3647,#3648,#3649,#3650,#3651,#3652,#3653,#3654,#3655,
#3656,#3657,#3658,#3659,#3660,#3661,#3662,#3663,#3664,#3665,#3666,#3667,
#3668,#3669,#3670,#3671,#3672,#3673,#3674,#3675,#3676,#3677,#3678,#3679,
#3680,#3681,#3682,#3683,#3684,#3685,#3686,#3687,#3688,#3689,#3690,#3691,
#3692,#3693,#3694,#3695,#3696,#3697,#3698,#3699,#3700,#3701,#3702,#3703,
#3704,#3705,#3706,#3707,#3708,#3709,#3710,#3711,#3712,#3713,#3714,#3715,
#3716,#3717,#3718,#3719,#3720,#3721,#3722,#3723,#3724,#3725,#3726,#3727,
#3728,#3729,#3730,#3731,#3732,#3733,#3734,#3735,#3736,#3737,#3738,#3739,
#3740,#3741,#3742,#3743));
#3745=STYLED_ITEM('',(#3746),#3753);
#3746=PRESENTATION_STYLE_ASSIGNMENT((#3747));
#3747=SURFACE_STYLE_USAGE(.BOTH.,#3748);
#3748=SURFACE_SIDE_STYLE('',(#3749));
#3749=SURFACE_STYLE_FILL_AREA(#3750);
#3750=FILL_AREA_STYLE('',(#3751));
#3751=FILL_AREA_STYLE_COLOUR('',#3752);
#3752=COLOUR_RGB('',0.0627450980392157,0.0627450980392157,0.0627450980392157);
#3753=MANIFOLD_SOLID_BREP('Base',#3744);
#3754=SHAPE_DEFINITION_REPRESENTATION(#6802,#3755);
#3755=SHAPE_REPRESENTATION('Base',(#3756),#6797);
#3756=AXIS2_PLACEMENT_3D('',#5305,#4204,#4205);
#3757=AXIS2_PLACEMENT_3D('',#5306,#4206,#4207);
#3758=AXIS2_PLACEMENT_3D('',#5307,#4208,#4209);
#3759=AXIS2_PLACEMENT_3D('',#5312,#4211,#4212);
#3760=AXIS2_PLACEMENT_3D('',#5315,#4214,#4215);
#3761=AXIS2_PLACEMENT_3D('',#5316,#4216,#4217);
#3762=AXIS2_PLACEMENT_3D('',#5318,#4218,#4219);
#3763=AXIS2_PLACEMENT_3D('',#5323,#4222,#4223);
#3764=AXIS2_PLACEMENT_3D('',#5324,#4224,#4225);
#3765=AXIS2_PLACEMENT_3D('',#5326,#4226,#4227);
#3766=AXIS2_PLACEMENT_3D('',#5330,#4229,#4230);
#3767=AXIS2_PLACEMENT_3D('',#5331,#4231,#4232);
#3768=AXIS2_PLACEMENT_3D('',#5333,#4233,#4234);
#3769=AXIS2_PLACEMENT_3D('',#5337,#4236,#4237);
#3770=AXIS2_PLACEMENT_3D('',#5345,#4238,#4239);
#3771=AXIS2_PLACEMENT_3D('',#5354,#4240,#4241);
#3772=AXIS2_PLACEMENT_3D('',#5363,#4246,#4247);
#3773=AXIS2_PLACEMENT_3D('',#5367,#4249,#4250);
#3774=AXIS2_PLACEMENT_3D('',#5373,#4254,#4255);
#3775=AXIS2_PLACEMENT_3D('',#5382,#4260,#4261);
#3776=AXIS2_PLACEMENT_3D('',#5391,#4266,#4267);
#3777=AXIS2_PLACEMENT_3D('',#5392,#4268,#4269);
#3778=AXIS2_PLACEMENT_3D('',#5396,#4271,#4272);
#3779=AXIS2_PLACEMENT_3D('',#5408,#4278,#4279);
#3780=AXIS2_PLACEMENT_3D('',#5412,#4281,#4282);
#3781=AXIS2_PLACEMENT_3D('',#5425,#4289,#4290);
#3782=AXIS2_PLACEMENT_3D('',#5429,#4292,#4293);
#3783=AXIS2_PLACEMENT_3D('',#5434,#4295,#4296);
#3784=AXIS2_PLACEMENT_3D('',#5438,#4298,#4299);
#3785=AXIS2_PLACEMENT_3D('',#5442,#4301,#4302);
#3786=AXIS2_PLACEMENT_3D('',#5445,#4304,#4305);
#3787=AXIS2_PLACEMENT_3D('',#5464,#4314,#4315);
#3788=AXIS2_PLACEMENT_3D('',#5468,#4317,#4318);
#3789=AXIS2_PLACEMENT_3D('',#5475,#4322,#4323);
#3790=AXIS2_PLACEMENT_3D('',#5477,#4324,#4325);
#3791=AXIS2_PLACEMENT_3D('',#5479,#4326,#4327);
#3792=AXIS2_PLACEMENT_3D('',#5481,#4328,#4329);
#3793=AXIS2_PLACEMENT_3D('',#5483,#4330,#4331);
#3794=AXIS2_PLACEMENT_3D('',#5485,#4332,#4333);
#3795=AXIS2_PLACEMENT_3D('',#5487,#4334,#4335);
#3796=AXIS2_PLACEMENT_3D('',#5489,#4336,#4337);
#3797=AXIS2_PLACEMENT_3D('',#5491,#4338,#4339);
#3798=AXIS2_PLACEMENT_3D('',#5493,#4340,#4341);
#3799=AXIS2_PLACEMENT_3D('',#5495,#4342,#4343);
#3800=AXIS2_PLACEMENT_3D('',#5497,#4344,#4345);
#3801=AXIS2_PLACEMENT_3D('',#5499,#4346,#4347);
#3802=AXIS2_PLACEMENT_3D('',#5501,#4348,#4349);
#3803=AXIS2_PLACEMENT_3D('',#5503,#4350,#4351);
#3804=AXIS2_PLACEMENT_3D('',#5505,#4352,#4353);
#3805=AXIS2_PLACEMENT_3D('',#5507,#4354,#4355);
#3806=AXIS2_PLACEMENT_3D('',#5509,#4356,#4357);
#3807=AXIS2_PLACEMENT_3D('',#5511,#4358,#4359);
#3808=AXIS2_PLACEMENT_3D('',#5513,#4360,#4361);
#3809=AXIS2_PLACEMENT_3D('',#5515,#4362,#4363);
#3810=AXIS2_PLACEMENT_3D('',#5517,#4364,#4365);
#3811=AXIS2_PLACEMENT_3D('',#5519,#4366,#4367);
#3812=AXIS2_PLACEMENT_3D('',#5521,#4368,#4369);
#3813=AXIS2_PLACEMENT_3D('',#5523,#4370,#4371);
#3814=AXIS2_PLACEMENT_3D('',#5525,#4372,#4373);
#3815=AXIS2_PLACEMENT_3D('',#5527,#4374,#4375);
#3816=AXIS2_PLACEMENT_3D('',#5529,#4376,#4377);
#3817=AXIS2_PLACEMENT_3D('',#5531,#4378,#4379);
#3818=AXIS2_PLACEMENT_3D('',#5533,#4380,#4381);
#3819=AXIS2_PLACEMENT_3D('',#5536,#4382,#4383);
#3820=AXIS2_PLACEMENT_3D('',#5537,#4384,#4385);
#3821=AXIS2_PLACEMENT_3D('',#5540,#4386,#4387);
#3822=AXIS2_PLACEMENT_3D('',#5541,#4388,#4389);
#3823=AXIS2_PLACEMENT_3D('',#5544,#4390,#4391);
#3824=AXIS2_PLACEMENT_3D('',#5545,#4392,#4393);
#3825=AXIS2_PLACEMENT_3D('',#5548,#4394,#4395);
#3826=AXIS2_PLACEMENT_3D('',#5549,#4396,#4397);
#3827=AXIS2_PLACEMENT_3D('',#5552,#4398,#4399);
#3828=AXIS2_PLACEMENT_3D('',#5553,#4400,#4401);
#3829=AXIS2_PLACEMENT_3D('',#5556,#4402,#4403);
#3830=AXIS2_PLACEMENT_3D('',#5557,#4404,#4405);
#3831=AXIS2_PLACEMENT_3D('',#5560,#4406,#4407);
#3832=AXIS2_PLACEMENT_3D('',#5561,#4408,#4409);
#3833=AXIS2_PLACEMENT_3D('',#5564,#4410,#4411);
#3834=AXIS2_PLACEMENT_3D('',#5565,#4412,#4413);
#3835=AXIS2_PLACEMENT_3D('',#5568,#4414,#4415);
#3836=AXIS2_PLACEMENT_3D('',#5569,#4416,#4417);
#3837=AXIS2_PLACEMENT_3D('',#5572,#4418,#4419);
#3838=AXIS2_PLACEMENT_3D('',#5573,#4420,#4421);
#3839=AXIS2_PLACEMENT_3D('',#5576,#4422,#4423);
#3840=AXIS2_PLACEMENT_3D('',#5577,#4424,#4425);
#3841=AXIS2_PLACEMENT_3D('',#5580,#4426,#4427);
#3842=AXIS2_PLACEMENT_3D('',#5581,#4428,#4429);
#3843=AXIS2_PLACEMENT_3D('',#5584,#4430,#4431);
#3844=AXIS2_PLACEMENT_3D('',#5585,#4432,#4433);
#3845=AXIS2_PLACEMENT_3D('',#5588,#4434,#4435);
#3846=AXIS2_PLACEMENT_3D('',#5589,#4436,#4437);
#3847=AXIS2_PLACEMENT_3D('',#5592,#4438,#4439);
#3848=AXIS2_PLACEMENT_3D('',#5593,#4440,#4441);
#3849=AXIS2_PLACEMENT_3D('',#5596,#4442,#4443);
#3850=AXIS2_PLACEMENT_3D('',#5597,#4444,#4445);
#3851=AXIS2_PLACEMENT_3D('',#5603,#4449,#4450);
#3852=AXIS2_PLACEMENT_3D('',#5604,#4451,#4452);
#3853=AXIS2_PLACEMENT_3D('',#5609,#4455,#4456);
#3854=AXIS2_PLACEMENT_3D('',#5610,#4457,#4458);
#3855=AXIS2_PLACEMENT_3D('',#5615,#4461,#4462);
#3856=AXIS2_PLACEMENT_3D('',#5616,#4463,#4464);
#3857=AXIS2_PLACEMENT_3D('',#5621,#4467,#4468);
#3858=AXIS2_PLACEMENT_3D('',#5622,#4469,#4470);
#3859=AXIS2_PLACEMENT_3D('',#5627,#4473,#4474);
#3860=AXIS2_PLACEMENT_3D('',#5628,#4475,#4476);
#3861=AXIS2_PLACEMENT_3D('',#5633,#4479,#4480);
#3862=AXIS2_PLACEMENT_3D('',#5634,#4481,#4482);
#3863=AXIS2_PLACEMENT_3D('',#5639,#4485,#4486);
#3864=AXIS2_PLACEMENT_3D('',#5640,#4487,#4488);
#3865=AXIS2_PLACEMENT_3D('',#5645,#4491,#4492);
#3866=AXIS2_PLACEMENT_3D('',#5646,#4493,#4494);
#3867=AXIS2_PLACEMENT_3D('',#5651,#4497,#4498);
#3868=AXIS2_PLACEMENT_3D('',#5652,#4499,#4500);
#3869=AXIS2_PLACEMENT_3D('',#5657,#4503,#4504);
#3870=AXIS2_PLACEMENT_3D('',#5658,#4505,#4506);
#3871=AXIS2_PLACEMENT_3D('',#5663,#4509,#4510);
#3872=AXIS2_PLACEMENT_3D('',#5664,#4511,#4512);
#3873=AXIS2_PLACEMENT_3D('',#5669,#4515,#4516);
#3874=AXIS2_PLACEMENT_3D('',#5670,#4517,#4518);
#3875=AXIS2_PLACEMENT_3D('',#5675,#4521,#4522);
#3876=AXIS2_PLACEMENT_3D('',#5676,#4523,#4524);
#3877=AXIS2_PLACEMENT_3D('',#5681,#4527,#4528);
#3878=AXIS2_PLACEMENT_3D('',#5682,#4529,#4530);
#3879=AXIS2_PLACEMENT_3D('',#5687,#4533,#4534);
#3880=AXIS2_PLACEMENT_3D('',#5688,#4535,#4536);
#3881=AXIS2_PLACEMENT_3D('',#5693,#4539,#4540);
#3882=AXIS2_PLACEMENT_3D('',#5694,#4541,#4542);
#3883=AXIS2_PLACEMENT_3D('',#5699,#4545,#4546);
#3884=AXIS2_PLACEMENT_3D('',#5700,#4547,#4548);
#3885=AXIS2_PLACEMENT_3D('',#5702,#4549,#4550);
#3886=AXIS2_PLACEMENT_3D('',#5704,#4551,#4552);
#3887=AXIS2_PLACEMENT_3D('',#5705,#4553,#4554);
#3888=AXIS2_PLACEMENT_3D('',#5707,#4555,#4556);
#3889=AXIS2_PLACEMENT_3D('',#5709,#4557,#4558);
#3890=AXIS2_PLACEMENT_3D('',#5710,#4559,#4560);
#3891=AXIS2_PLACEMENT_3D('',#5712,#4561,#4562);
#3892=AXIS2_PLACEMENT_3D('',#5713,#4563,#4564);
#3893=AXIS2_PLACEMENT_3D('',#5714,#4565,#4566);
#3894=AXIS2_PLACEMENT_3D('',#5715,#4567,#4568);
#3895=AXIS2_PLACEMENT_3D('',#5716,#4569,#4570);
#3896=AXIS2_PLACEMENT_3D('',#5717,#4571,#4572);
#3897=AXIS2_PLACEMENT_3D('',#5718,#4573,#4574);
#3898=AXIS2_PLACEMENT_3D('',#5719,#4575,#4576);
#3899=AXIS2_PLACEMENT_3D('',#5720,#4577,#4578);
#3900=AXIS2_PLACEMENT_3D('',#5721,#4579,#4580);
#3901=AXIS2_PLACEMENT_3D('',#5722,#4581,#4582);
#3902=AXIS2_PLACEMENT_3D('',#5723,#4583,#4584);
#3903=AXIS2_PLACEMENT_3D('',#5724,#4585,#4586);
#3904=AXIS2_PLACEMENT_3D('',#5725,#4587,#4588);
#3905=AXIS2_PLACEMENT_3D('',#5726,#4589,#4590);
#3906=AXIS2_PLACEMENT_3D('',#5727,#4591,#4592);
#3907=AXIS2_PLACEMENT_3D('',#5728,#4593,#4594);
#3908=AXIS2_PLACEMENT_3D('',#5729,#4595,#4596);
#3909=AXIS2_PLACEMENT_3D('',#5730,#4597,#4598);
#3910=AXIS2_PLACEMENT_3D('',#5731,#4599,#4600);
#3911=AXIS2_PLACEMENT_3D('',#5732,#4601,#4602);
#3912=AXIS2_PLACEMENT_3D('',#5733,#4603,#4604);
#3913=AXIS2_PLACEMENT_3D('',#5734,#4605,#4606);
#3914=AXIS2_PLACEMENT_3D('',#5735,#4607,#4608);
#3915=AXIS2_PLACEMENT_3D('',#5736,#4609,#4610);
#3916=AXIS2_PLACEMENT_3D('',#5737,#4611,#4612);
#3917=AXIS2_PLACEMENT_3D('',#5738,#4613,#4614);
#3918=AXIS2_PLACEMENT_3D('',#5739,#4615,#4616);
#3919=AXIS2_PLACEMENT_3D('',#5740,#4617,#4618);
#3920=AXIS2_PLACEMENT_3D('',#5741,#4619,#4620);
#3921=AXIS2_PLACEMENT_3D('',#5742,#4621,#4622);
#3922=AXIS2_PLACEMENT_3D('',#5743,#4623,#4624);
#3923=AXIS2_PLACEMENT_3D('',#5744,#4625,#4626);
#3924=AXIS2_PLACEMENT_3D('',#5745,#4627,#4628);
#3925=AXIS2_PLACEMENT_3D('',#5747,#4629,#4630);
#3926=AXIS2_PLACEMENT_3D('',#5748,#4631,#4632);
#3927=AXIS2_PLACEMENT_3D('',#5750,#4633,#4634);
#3928=AXIS2_PLACEMENT_3D('',#5751,#4635,#4636);
#3929=AXIS2_PLACEMENT_3D('',#5753,#4637,#4638);
#3930=AXIS2_PLACEMENT_3D('',#5754,#4639,#4640);
#3931=AXIS2_PLACEMENT_3D('',#5756,#4641,#4642);
#3932=AXIS2_PLACEMENT_3D('',#5757,#4643,#4644);
#3933=AXIS2_PLACEMENT_3D('',#5759,#4645,#4646);
#3934=AXIS2_PLACEMENT_3D('',#5760,#4647,#4648);
#3935=AXIS2_PLACEMENT_3D('',#5762,#4649,#4650);
#3936=AXIS2_PLACEMENT_3D('',#5763,#4651,#4652);
#3937=AXIS2_PLACEMENT_3D('',#5765,#4653,#4654);
#3938=AXIS2_PLACEMENT_3D('',#5766,#4655,#4656);
#3939=AXIS2_PLACEMENT_3D('',#5768,#4657,#4658);
#3940=AXIS2_PLACEMENT_3D('',#5769,#4659,#4660);
#3941=AXIS2_PLACEMENT_3D('',#5771,#4661,#4662);
#3942=AXIS2_PLACEMENT_3D('',#5772,#4663,#4664);
#3943=AXIS2_PLACEMENT_3D('',#5774,#4665,#4666);
#3944=AXIS2_PLACEMENT_3D('',#5775,#4667,#4668);
#3945=AXIS2_PLACEMENT_3D('',#5777,#4669,#4670);
#3946=AXIS2_PLACEMENT_3D('',#5778,#4671,#4672);
#3947=AXIS2_PLACEMENT_3D('',#5780,#4673,#4674);
#3948=AXIS2_PLACEMENT_3D('',#5781,#4675,#4676);
#3949=AXIS2_PLACEMENT_3D('',#5783,#4677,#4678);
#3950=AXIS2_PLACEMENT_3D('',#5784,#4679,#4680);
#3951=AXIS2_PLACEMENT_3D('',#5786,#4681,#4682);
#3952=AXIS2_PLACEMENT_3D('',#5787,#4683,#4684);
#3953=AXIS2_PLACEMENT_3D('',#5789,#4685,#4686);
#3954=AXIS2_PLACEMENT_3D('',#5790,#4687,#4688);
#3955=AXIS2_PLACEMENT_3D('',#5792,#4689,#4690);
#3956=AXIS2_PLACEMENT_3D('',#5793,#4691,#4692);
#3957=AXIS2_PLACEMENT_3D('',#5795,#4693,#4694);
#3958=AXIS2_PLACEMENT_3D('',#5796,#4695,#4696);
#3959=AXIS2_PLACEMENT_3D('',#5798,#4697,#4698);
#3960=AXIS2_PLACEMENT_3D('',#5799,#4699,#4700);
#3961=AXIS2_PLACEMENT_3D('',#5801,#4701,#4702);
#3962=AXIS2_PLACEMENT_3D('',#5802,#4703,#4704);
#3963=AXIS2_PLACEMENT_3D('',#5804,#4705,#4706);
#3964=AXIS2_PLACEMENT_3D('',#5805,#4707,#4708);
#3965=AXIS2_PLACEMENT_3D('',#5807,#4709,#4710);
#3966=AXIS2_PLACEMENT_3D('',#5808,#4711,#4712);
#3967=AXIS2_PLACEMENT_3D('',#5810,#4713,#4714);
#3968=AXIS2_PLACEMENT_3D('',#5811,#4715,#4716);
#3969=AXIS2_PLACEMENT_3D('',#5813,#4717,#4718);
#3970=AXIS2_PLACEMENT_3D('',#5814,#4719,#4720);
#3971=AXIS2_PLACEMENT_3D('',#5816,#4721,#4722);
#3972=AXIS2_PLACEMENT_3D('',#5817,#4723,#4724);
#3973=AXIS2_PLACEMENT_3D('',#5819,#4725,#4726);
#3974=AXIS2_PLACEMENT_3D('',#5820,#4727,#4728);
#3975=AXIS2_PLACEMENT_3D('',#5822,#4729,#4730);
#3976=AXIS2_PLACEMENT_3D('',#5823,#4731,#4732);
#3977=AXIS2_PLACEMENT_3D('',#5825,#4733,#4734);
#3978=AXIS2_PLACEMENT_3D('',#5826,#4735,#4736);
#3979=AXIS2_PLACEMENT_3D('',#5828,#4737,#4738);
#3980=AXIS2_PLACEMENT_3D('',#5829,#4739,#4740);
#3981=AXIS2_PLACEMENT_3D('',#5831,#4741,#4742);
#3982=AXIS2_PLACEMENT_3D('',#5832,#4743,#4744);
#3983=AXIS2_PLACEMENT_3D('',#5834,#4745,#4746);
#3984=AXIS2_PLACEMENT_3D('',#5836,#4747,#4748);
#3985=AXIS2_PLACEMENT_3D('',#5837,#4749,#4750);
#3986=AXIS2_PLACEMENT_3D('',#5839,#4751,#4752);
#3987=AXIS2_PLACEMENT_3D('',#5841,#4753,#4754);
#3988=AXIS2_PLACEMENT_3D('',#5843,#4755,#4756);
#3989=AXIS2_PLACEMENT_3D('',#5969,#4769,#4770);
#3990=AXIS2_PLACEMENT_3D('',#5978,#4775,#4776);
#3991=AXIS2_PLACEMENT_3D('',#5987,#4781,#4782);
#3992=AXIS2_PLACEMENT_3D('',#5997,#4787,#4788);
#3993=AXIS2_PLACEMENT_3D('',#6005,#4792,#4793);
#3994=AXIS2_PLACEMENT_3D('',#6009,#4795,#4796);
#3995=AXIS2_PLACEMENT_3D('',#6017,#4800,#4801);
#3996=AXIS2_PLACEMENT_3D('',#6020,#4803,#4804);
#3997=AXIS2_PLACEMENT_3D('',#6026,#4808,#4809);
#3998=AXIS2_PLACEMENT_3D('',#6042,#4813,#4814);
#3999=AXIS2_PLACEMENT_3D('',#6045,#4816,#4817);
#4000=AXIS2_PLACEMENT_3D('',#6050,#4820,#4821);
#4001=AXIS2_PLACEMENT_3D('',#6058,#4825,#4826);
#4002=AXIS2_PLACEMENT_3D('',#6064,#4830,#4831);
#4003=AXIS2_PLACEMENT_3D('',#6065,#4832,#4833);
#4004=AXIS2_PLACEMENT_3D('',#6072,#4837,#4838);
#4005=AXIS2_PLACEMENT_3D('',#6085,#4845,#4846);
#4006=AXIS2_PLACEMENT_3D('',#6086,#4847,#4848);
#4007=AXIS2_PLACEMENT_3D('',#6092,#4852,#4853);
#4008=AXIS2_PLACEMENT_3D('',#6105,#4860,#4861);
#4009=AXIS2_PLACEMENT_3D('',#6106,#4862,#4863);
#4010=AXIS2_PLACEMENT_3D('',#6114,#4867,#4868);
#4011=AXIS2_PLACEMENT_3D('',#6120,#4872,#4873);
#4012=AXIS2_PLACEMENT_3D('',#6122,#4875,#4876);
#4013=AXIS2_PLACEMENT_3D('',#6123,#4877,#4878);
#4014=AXIS2_PLACEMENT_3D('',#6125,#4880,#4881);
#4015=AXIS2_PLACEMENT_3D('',#6126,#4882,#4883);
#4016=AXIS2_PLACEMENT_3D('',#6127,#4884,#4885);
#4017=AXIS2_PLACEMENT_3D('',#6128,#4886,#4887);
#4018=AXIS2_PLACEMENT_3D('',#6129,#4888,#4889);
#4019=AXIS2_PLACEMENT_3D('',#6130,#4890,#4891);
#4020=AXIS2_PLACEMENT_3D('',#6131,#4892,#4893);
#4021=AXIS2_PLACEMENT_3D('',#6132,#4894,#4895);
#4022=AXIS2_PLACEMENT_3D('',#6133,#4896,#4897);
#4023=AXIS2_PLACEMENT_3D('',#6134,#4898,#4899);
#4024=AXIS2_PLACEMENT_3D('',#6135,#4900,#4901);
#4025=AXIS2_PLACEMENT_3D('',#6136,#4902,#4903);
#4026=AXIS2_PLACEMENT_3D('',#6137,#4904,#4905);
#4027=AXIS2_PLACEMENT_3D('',#6138,#4906,#4907);
#4028=AXIS2_PLACEMENT_3D('',#6139,#4908,#4909);
#4029=AXIS2_PLACEMENT_3D('',#6140,#4910,#4911);
#4030=AXIS2_PLACEMENT_3D('',#6141,#4912,#4913);
#4031=AXIS2_PLACEMENT_3D('',#6161,#4914,#4915);
#4032=AXIS2_PLACEMENT_3D('',#6162,#4916,#4917);
#4033=AXIS2_PLACEMENT_3D('',#6163,#4918,#4919);
#4034=AXIS2_PLACEMENT_3D('',#6164,#4920,#4921);
#4035=AXIS2_PLACEMENT_3D('',#6165,#4922,#4923);
#4036=AXIS2_PLACEMENT_3D('',#6166,#4924,#4925);
#4037=AXIS2_PLACEMENT_3D('',#6186,#4926,#4927);
#4038=AXIS2_PLACEMENT_3D('',#6187,#4928,#4929);
#4039=AXIS2_PLACEMENT_3D('',#6188,#4930,#4931);
#4040=AXIS2_PLACEMENT_3D('',#6189,#4932,#4933);
#4041=AXIS2_PLACEMENT_3D('',#6190,#4934,#4935);
#4042=AXIS2_PLACEMENT_3D('',#6191,#4936,#4937);
#4043=AXIS2_PLACEMENT_3D('',#6192,#4938,#4939);
#4044=AXIS2_PLACEMENT_3D('',#6193,#4940,#4941);
#4045=AXIS2_PLACEMENT_3D('',#6221,#4942,#4943);
#4046=AXIS2_PLACEMENT_3D('',#6222,#4944,#4945);
#4047=AXIS2_PLACEMENT_3D('',#6223,#4946,#4947);
#4048=AXIS2_PLACEMENT_3D('',#6224,#4948,#4949);
#4049=AXIS2_PLACEMENT_3D('',#6225,#4950,#4951);
#4050=AXIS2_PLACEMENT_3D('',#6226,#4952,#4953);
#4051=AXIS2_PLACEMENT_3D('',#6227,#4954,#4955);
#4052=AXIS2_PLACEMENT_3D('',#6228,#4956,#4957);
#4053=AXIS2_PLACEMENT_3D('',#6248,#4958,#4959);
#4054=AXIS2_PLACEMENT_3D('',#6249,#4960,#4961);
#4055=AXIS2_PLACEMENT_3D('',#6250,#4962,#4963);
#4056=AXIS2_PLACEMENT_3D('',#6251,#4964,#4965);
#4057=AXIS2_PLACEMENT_3D('',#6252,#4966,#4967);
#4058=AXIS2_PLACEMENT_3D('',#6253,#4968,#4969);
#4059=AXIS2_PLACEMENT_3D('',#6281,#4970,#4971);
#4060=AXIS2_PLACEMENT_3D('',#6282,#4972,#4973);
#4061=AXIS2_PLACEMENT_3D('',#6283,#4974,#4975);
#4062=AXIS2_PLACEMENT_3D('',#6284,#4976,#4977);
#4063=AXIS2_PLACEMENT_3D('',#6285,#4978,#4979);
#4064=AXIS2_PLACEMENT_3D('',#6286,#4980,#4981);
#4065=AXIS2_PLACEMENT_3D('',#6287,#4982,#4983);
#4066=AXIS2_PLACEMENT_3D('',#6288,#4984,#4985);
#4067=AXIS2_PLACEMENT_3D('',#6308,#4986,#4987);
#4068=AXIS2_PLACEMENT_3D('',#6309,#4988,#4989);
#4069=AXIS2_PLACEMENT_3D('',#6315,#4990,#4991);
#4070=AXIS2_PLACEMENT_3D('',#6320,#4992,#4993);
#4071=AXIS2_PLACEMENT_3D('',#6321,#4994,#4995);
#4072=AXIS2_PLACEMENT_3D('',#6322,#4996,#4997);
#4073=AXIS2_PLACEMENT_3D('',#6323,#4998,#4999);
#4074=AXIS2_PLACEMENT_3D('',#6324,#5000,#5001);
#4075=AXIS2_PLACEMENT_3D('',#6330,#5002,#5003);
#4076=AXIS2_PLACEMENT_3D('',#6331,#5004,#5005);
#4077=AXIS2_PLACEMENT_3D('',#6336,#5006,#5007);
#4078=AXIS2_PLACEMENT_3D('',#6337,#5008,#5009);
#4079=AXIS2_PLACEMENT_3D('',#6338,#5010,#5011);
#4080=AXIS2_PLACEMENT_3D('',#6339,#5012,#5013);
#4081=AXIS2_PLACEMENT_3D('',#6340,#5014,#5015);
#4082=AXIS2_PLACEMENT_3D('',#6346,#5016,#5017);
#4083=AXIS2_PLACEMENT_3D('',#6347,#5018,#5019);
#4084=AXIS2_PLACEMENT_3D('',#6352,#5020,#5021);
#4085=AXIS2_PLACEMENT_3D('',#6353,#5022,#5023);
#4086=AXIS2_PLACEMENT_3D('',#6354,#5024,#5025);
#4087=AXIS2_PLACEMENT_3D('',#6355,#5026,#5027);
#4088=AXIS2_PLACEMENT_3D('',#6356,#5028,#5029);
#4089=AXIS2_PLACEMENT_3D('',#6357,#5030,#5031);
#4090=AXIS2_PLACEMENT_3D('',#6358,#5032,#5033);
#4091=AXIS2_PLACEMENT_3D('',#6359,#5034,#5035);
#4092=AXIS2_PLACEMENT_3D('',#6365,#5036,#5037);
#4093=AXIS2_PLACEMENT_3D('',#6370,#5038,#5039);
#4094=AXIS2_PLACEMENT_3D('',#6371,#5040,#5041);
#4095=AXIS2_PLACEMENT_3D('',#6372,#5042,#5043);
#4096=AXIS2_PLACEMENT_3D('',#6373,#5044,#5045);
#4097=AXIS2_PLACEMENT_3D('',#6374,#5046,#5047);
#4098=AXIS2_PLACEMENT_3D('',#6375,#5048,#5049);
#4099=AXIS2_PLACEMENT_3D('',#6400,#5050,#5051);
#4100=AXIS2_PLACEMENT_3D('',#6421,#5052,#5053);
#4101=AXIS2_PLACEMENT_3D('',#6442,#5054,#5055);
#4102=AXIS2_PLACEMENT_3D('',#6491,#5056,#5057);
#4103=AXIS2_PLACEMENT_3D('',#6512,#5058,#5059);
#4104=AXIS2_PLACEMENT_3D('',#6533,#5060,#5061);
#4105=AXIS2_PLACEMENT_3D('',#6558,#5062,#5063);
#4106=AXIS2_PLACEMENT_3D('',#6559,#5064,#5065);
#4107=AXIS2_PLACEMENT_3D('',#6564,#5068,#5069);
#4108=AXIS2_PLACEMENT_3D('',#6565,#5070,#5071);
#4109=AXIS2_PLACEMENT_3D('',#6567,#5072,#5073);
#4110=AXIS2_PLACEMENT_3D('',#6570,#5075,#5076);
#4111=AXIS2_PLACEMENT_3D('',#6573,#5078,#5079);
#4112=AXIS2_PLACEMENT_3D('',#6574,#5080,#5081);
#4113=AXIS2_PLACEMENT_3D('',#6575,#5082,#5083);
#4114=AXIS2_PLACEMENT_3D('',#6577,#5084,#5085);
#4115=AXIS2_PLACEMENT_3D('',#6579,#5086,#5087);
#4116=AXIS2_PLACEMENT_3D('',#6580,#5088,#5089);
#4117=AXIS2_PLACEMENT_3D('',#6582,#5090,#5091);
#4118=AXIS2_PLACEMENT_3D('',#6584,#5092,#5093);
#4119=AXIS2_PLACEMENT_3D('',#6585,#5094,#5095);
#4120=AXIS2_PLACEMENT_3D('',#6586,#5096,#5097);
#4121=AXIS2_PLACEMENT_3D('',#6587,#5098,#5099);
#4122=AXIS2_PLACEMENT_3D('',#6589,#5100,#5101);
#4123=AXIS2_PLACEMENT_3D('',#6592,#5103,#5104);
#4124=AXIS2_PLACEMENT_3D('',#6595,#5106,#5107);
#4125=AXIS2_PLACEMENT_3D('',#6596,#5108,#5109);
#4126=AXIS2_PLACEMENT_3D('',#6597,#5110,#5111);
#4127=AXIS2_PLACEMENT_3D('',#6602,#5114,#5115);
#4128=AXIS2_PLACEMENT_3D('',#6604,#5117,#5118);
#4129=AXIS2_PLACEMENT_3D('',#6605,#5119,#5120);
#4130=AXIS2_PLACEMENT_3D('',#6610,#5123,#5124);
#4131=AXIS2_PLACEMENT_3D('',#6612,#5126,#5127);
#4132=AXIS2_PLACEMENT_3D('',#6613,#5128,#5129);
#4133=AXIS2_PLACEMENT_3D('',#6615,#5130,#5131);
#4134=AXIS2_PLACEMENT_3D('',#6616,#5132,#5133);
#4135=AXIS2_PLACEMENT_3D('',#6617,#5134,#5135);
#4136=AXIS2_PLACEMENT_3D('',#6618,#5136,#5137);
#4137=AXIS2_PLACEMENT_3D('',#6619,#5138,#5139);
#4138=AXIS2_PLACEMENT_3D('',#6620,#5140,#5141);
#4139=AXIS2_PLACEMENT_3D('',#6621,#5142,#5143);
#4140=AXIS2_PLACEMENT_3D('',#6622,#5144,#5145);
#4141=AXIS2_PLACEMENT_3D('',#6623,#5146,#5147);
#4142=AXIS2_PLACEMENT_3D('',#6624,#5148,#5149);
#4143=AXIS2_PLACEMENT_3D('',#6625,#5150,#5151);
#4144=AXIS2_PLACEMENT_3D('',#6626,#5152,#5153);
#4145=AXIS2_PLACEMENT_3D('',#6627,#5154,#5155);
#4146=AXIS2_PLACEMENT_3D('',#6628,#5156,#5157);
#4147=AXIS2_PLACEMENT_3D('',#6629,#5158,#5159);
#4148=AXIS2_PLACEMENT_3D('',#6630,#5160,#5161);
#4149=AXIS2_PLACEMENT_3D('',#6631,#5162,#5163);
#4150=AXIS2_PLACEMENT_3D('',#6632,#5164,#5165);
#4151=AXIS2_PLACEMENT_3D('',#6633,#5166,#5167);
#4152=AXIS2_PLACEMENT_3D('',#6634,#5168,#5169);
#4153=AXIS2_PLACEMENT_3D('',#6635,#5170,#5171);
#4154=AXIS2_PLACEMENT_3D('',#6636,#5172,#5173);
#4155=AXIS2_PLACEMENT_3D('',#6637,#5174,#5175);
#4156=AXIS2_PLACEMENT_3D('',#6642,#5177,#5178);
#4157=AXIS2_PLACEMENT_3D('',#6651,#5183,#5184);
#4158=AXIS2_PLACEMENT_3D('',#6654,#5187,#5188);
#4159=AXIS2_PLACEMENT_3D('',#6662,#5193,#5194);
#4160=AXIS2_PLACEMENT_3D('',#6667,#5197,#5198);
#4161=AXIS2_PLACEMENT_3D('',#6668,#5199,#5200);
#4162=AXIS2_PLACEMENT_3D('',#6669,#5201,#5202);
#4163=AXIS2_PLACEMENT_3D('',#6675,#5206,#5207);
#4164=AXIS2_PLACEMENT_3D('',#6676,#5208,#5209);
#4165=AXIS2_PLACEMENT_3D('',#6682,#5212,#5213);
#4166=AXIS2_PLACEMENT_3D('',#6686,#5215,#5216);
#4167=AXIS2_PLACEMENT_3D('',#6687,#5217,#5218);
#4168=AXIS2_PLACEMENT_3D('',#6692,#5222,#5223);
#4169=AXIS2_PLACEMENT_3D('',#6695,#5226,#5227);
#4170=AXIS2_PLACEMENT_3D('',#6701,#5231,#5232);
#4171=AXIS2_PLACEMENT_3D('',#6707,#5236,#5237);
#4172=AXIS2_PLACEMENT_3D('',#6709,#5239,#5240);
#4173=AXIS2_PLACEMENT_3D('',#6710,#5241,#5242);
#4174=AXIS2_PLACEMENT_3D('',#6712,#5243,#5244);
#4175=AXIS2_PLACEMENT_3D('',#6713,#5245,#5246);
#4176=AXIS2_PLACEMENT_3D('',#6715,#5248,#5249);
#4177=AXIS2_PLACEMENT_3D('',#6716,#5250,#5251);
#4178=AXIS2_PLACEMENT_3D('',#6717,#5252,#5253);
#4179=AXIS2_PLACEMENT_3D('',#6718,#5254,#5255);
#4180=AXIS2_PLACEMENT_3D('',#6719,#5256,#5257);
#4181=AXIS2_PLACEMENT_3D('',#6720,#5258,#5259);
#4182=AXIS2_PLACEMENT_3D('',#6721,#5260,#5261);
#4183=AXIS2_PLACEMENT_3D('',#6722,#5262,#5263);
#4184=AXIS2_PLACEMENT_3D('',#6723,#5264,#5265);
#4185=AXIS2_PLACEMENT_3D('',#6724,#5266,#5267);
#4186=AXIS2_PLACEMENT_3D('',#6725,#5268,#5269);
#4187=AXIS2_PLACEMENT_3D('',#6746,#5270,#5271);
#4188=AXIS2_PLACEMENT_3D('',#6754,#5272,#5273);
#4189=AXIS2_PLACEMENT_3D('',#6755,#5274,#5275);
#4190=AXIS2_PLACEMENT_3D('',#6756,#5276,#5277);
#4191=AXIS2_PLACEMENT_3D('',#6757,#5278,#5279);
#4192=AXIS2_PLACEMENT_3D('',#6758,#5280,#5281);
#4193=AXIS2_PLACEMENT_3D('',#6759,#5282,#5283);
#4194=AXIS2_PLACEMENT_3D('',#6760,#5284,#5285);
#4195=AXIS2_PLACEMENT_3D('',#6761,#5286,#5287);
#4196=AXIS2_PLACEMENT_3D('',#6762,#5288,#5289);
#4197=AXIS2_PLACEMENT_3D('',#6777,#5290,#5291);
#4198=AXIS2_PLACEMENT_3D('',#6789,#5292,#5293);
#4199=AXIS2_PLACEMENT_3D('',#6791,#5295,#5296);
#4200=AXIS2_PLACEMENT_3D('',#6792,#5297,#5298);
#4201=AXIS2_PLACEMENT_3D('',#6793,#5299,#5300);
#4202=AXIS2_PLACEMENT_3D('',#6794,#5301,#5302);
#4203=AXIS2_PLACEMENT_3D('',#6795,#5303,#5304);
#4204=DIRECTION('',(0.,0.,1.));
#4205=DIRECTION('',(1.,0.,0.));
#4206=DIRECTION('',(0.,0.,-1.));
#4207=DIRECTION('',(-1.,0.,0.));
#4208=DIRECTION('',(0.,0.,1.));
#4209=DIRECTION('',(1.,0.,0.));
#4210=DIRECTION('',(0.,0.,-1.));
#4211=DIRECTION('',(0.,0.,1.));
#4212=DIRECTION('',(1.,0.,0.));
#4213=DIRECTION('',(0.,0.,-1.));
#4214=DIRECTION('',(0.,0.,1.));
#4215=DIRECTION('',(1.,0.,0.));
#4216=DIRECTION('',(0.,0.,1.));
#4217=DIRECTION('',(1.,0.,0.));
#4218=DIRECTION('',(0.,0.,1.));
#4219=DIRECTION('',(1.,0.,0.));
#4220=DIRECTION('',(1.,0.,0.));
#4221=DIRECTION('',(0.,-1.,0.));
#4222=DIRECTION('',(0.,0.,1.));
#4223=DIRECTION('',(1.,0.,0.));
#4224=DIRECTION('',(0.,0.,1.));
#4225=DIRECTION('',(1.,0.,0.));
#4226=DIRECTION('',(0.,0.,1.));
#4227=DIRECTION('',(1.,0.,0.));
#4228=DIRECTION('',(1.,0.,0.));
#4229=DIRECTION('',(0.,0.,1.));
#4230=DIRECTION('',(1.,0.,0.));
#4231=DIRECTION('',(0.,0.,1.));
#4232=DIRECTION('',(1.,0.,0.));
#4233=DIRECTION('',(0.,0.,1.));
#4234=DIRECTION('',(1.,0.,0.));
#4235=DIRECTION('',(0.,-1.,0.));
#4236=DIRECTION('',(0.,0.,1.));
#4237=DIRECTION('',(1.,0.,0.));
#4238=DIRECTION('',(0.,0.,1.));
#4239=DIRECTION('',(1.,0.,0.));
#4240=DIRECTION('',(0.,0.,1.));
#4241=DIRECTION('',(1.,0.,0.));
#4242=DIRECTION('',(-1.,0.,0.));
#4243=DIRECTION('',(0.,-1.,0.));
#4244=DIRECTION('',(1.,0.,0.));
#4245=DIRECTION('',(0.,1.,0.));
#4246=DIRECTION('',(1.,0.,0.));
#4247=DIRECTION('',(0.,0.,-1.));
#4248=DIRECTION('',(0.,0.,-1.));
#4249=DIRECTION('',(1.,0.,0.));
#4250=DIRECTION('',(0.,0.,-1.));
#4251=DIRECTION('',(0.,-0.242535625036334,-0.970142500145332));
#4252=DIRECTION('',(0.,0.,-1.));
#4253=DIRECTION('',(0.,1.,0.));
#4254=DIRECTION('',(2.85932709341682E-17,0.342020143325669,0.939692620785908));
#4255=DIRECTION('',(0.,-0.939692620785908,0.342020143325669));
#4256=DIRECTION('',(-1.,8.36011313723762E-17,6.06874658583215E-33));
#4257=DIRECTION('',(7.85593662399752E-17,0.939692620785908,-0.342020143325669));
#4258=DIRECTION('',(-1.,8.36011313723762E-17,6.06874658583215E-33));
#4259=DIRECTION('',(7.85593662399752E-17,0.939692620785908,-0.342020143325669));
#4260=DIRECTION('',(0.,0.,-1.));
#4261=DIRECTION('',(-1.,0.,0.));
#4262=DIRECTION('',(-1.,8.36011313723762E-17,0.));
#4263=DIRECTION('',(-8.36011313723762E-17,-1.,0.));
#4264=DIRECTION('',(-1.,8.36011313723762E-17,0.));
#4265=DIRECTION('',(-8.36011313723762E-17,-1.,0.));
#4266=DIRECTION('',(0.,0.,1.));
#4267=DIRECTION('',(1.,0.,0.));
#4268=DIRECTION('',(0.,0.,1.));
#4269=DIRECTION('',(1.,0.,0.));
#4270=DIRECTION('',(0.,-1.,0.));
#4271=DIRECTION('',(0.,0.,1.));
#4272=DIRECTION('',(1.,0.,0.));
#4273=DIRECTION('',(0.,-1.,0.));
#4274=DIRECTION('',(1.,0.,0.));
#4275=DIRECTION('',(0.,-1.,0.));
#4276=DIRECTION('',(0.,1.,0.));
#4277=DIRECTION('',(1.,0.,0.));
#4278=DIRECTION('',(0.,0.,1.));
#4279=DIRECTION('',(1.,0.,0.));
#4280=DIRECTION('',(0.,-1.,0.));
#4281=DIRECTION('',(0.,0.,1.));
#4282=DIRECTION('',(1.,0.,0.));
#4283=DIRECTION('',(0.,-1.,0.));
#4284=DIRECTION('',(1.,0.,0.));
#4285=DIRECTION('',(0.,-1.,0.));
#4286=DIRECTION('',(-1.,0.,0.));
#4287=DIRECTION('',(0.,1.,0.));
#4288=DIRECTION('',(1.,0.,0.));
#4289=DIRECTION('',(0.,0.,1.));
#4290=DIRECTION('',(1.,0.,0.));
#4291=DIRECTION('',(1.,0.,0.));
#4292=DIRECTION('',(0.,0.,1.));
#4293=DIRECTION('',(1.,0.,0.));
#4294=DIRECTION('',(8.36011313723762E-17,1.,0.));
#4295=DIRECTION('',(0.,0.,1.));
#4296=DIRECTION('',(1.,0.,0.));
#4297=DIRECTION('',(-1.,-8.36011313723762E-17,0.));
#4298=DIRECTION('',(0.,0.,1.));
#4299=DIRECTION('',(1.,0.,0.));
#4300=DIRECTION('',(8.36011313723762E-17,1.,0.));
#4301=DIRECTION('',(0.,0.,1.));
#4302=DIRECTION('',(1.,0.,0.));
#4303=DIRECTION('',(-1.,-1.67202262744752E-16,0.));
#4304=DIRECTION('',(0.,0.,1.));
#4305=DIRECTION('',(1.,0.,0.));
#4306=DIRECTION('',(-1.,8.36011313723762E-17,0.));
#4307=DIRECTION('',(8.36011313723762E-17,1.,0.));
#4308=DIRECTION('',(1.,-8.36011313723762E-17,0.));
#4309=DIRECTION('',(8.36011313723762E-17,1.,0.));
#4310=DIRECTION('',(-1.,8.36011313723762E-17,0.));
#4311=DIRECTION('',(8.36011313723762E-17,1.,0.));
#4312=DIRECTION('',(1.,-8.36011313723762E-17,0.));
#4313=DIRECTION('',(8.36011313723762E-17,1.,0.));
#4314=DIRECTION('',(0.,0.,1.));
#4315=DIRECTION('',(8.36011313723762E-17,1.,0.));
#4316=DIRECTION('',(-1.,8.36011313723762E-17,0.));
#4317=DIRECTION('',(0.,0.,1.));
#4318=DIRECTION('',(-8.36011313723762E-17,-1.,0.));
#4319=DIRECTION('',(8.36011313723762E-17,1.,0.));
#4320=DIRECTION('',(-1.,8.36011313723762E-17,0.));
#4321=DIRECTION('',(8.36011313723762E-17,1.,0.));
#4322=DIRECTION('',(0.,0.,1.));
#4323=DIRECTION('',(1.,0.,0.));
#4324=DIRECTION('',(0.,0.,1.));
#4325=DIRECTION('',(1.,0.,0.));
#4326=DIRECTION('',(0.,0.,1.));
#4327=DIRECTION('',(1.,0.,0.));
#4328=DIRECTION('',(0.,0.,1.));
#4329=DIRECTION('',(1.,0.,0.));
#4330=DIRECTION('',(0.,0.,1.));
#4331=DIRECTION('',(1.,0.,0.));
#4332=DIRECTION('',(0.,0.,1.));
#4333=DIRECTION('',(1.,0.,0.));
#4334=DIRECTION('',(0.,0.,1.));
#4335=DIRECTION('',(1.,0.,0.));
#4336=DIRECTION('',(0.,0.,1.));
#4337=DIRECTION('',(1.,0.,0.));
#4338=DIRECTION('',(0.,0.,1.));
#4339=DIRECTION('',(1.,0.,0.));
#4340=DIRECTION('',(0.,0.,1.));
#4341=DIRECTION('',(1.,0.,0.));
#4342=DIRECTION('',(0.,0.,1.));
#4343=DIRECTION('',(1.,0.,0.));
#4344=DIRECTION('',(0.,0.,1.));
#4345=DIRECTION('',(1.,0.,0.));
#4346=DIRECTION('',(0.,0.,1.));
#4347=DIRECTION('',(1.,0.,0.));
#4348=DIRECTION('',(0.,0.,1.));
#4349=DIRECTION('',(1.,0.,0.));
#4350=DIRECTION('',(0.,0.,1.));
#4351=DIRECTION('',(1.,0.,0.));
#4352=DIRECTION('',(0.,0.,1.));
#4353=DIRECTION('',(1.,0.,0.));
#4354=DIRECTION('',(0.,0.,1.));
#4355=DIRECTION('',(1.,0.,0.));
#4356=DIRECTION('',(0.,0.,1.));
#4357=DIRECTION('',(1.,0.,0.));
#4358=DIRECTION('',(0.,0.,1.));
#4359=DIRECTION('',(1.,0.,0.));
#4360=DIRECTION('',(0.,0.,1.));
#4361=DIRECTION('',(1.,0.,0.));
#4362=DIRECTION('',(0.,0.,1.));
#4363=DIRECTION('',(1.,0.,0.));
#4364=DIRECTION('',(0.,0.,1.));
#4365=DIRECTION('',(1.,0.,0.));
#4366=DIRECTION('',(0.,0.,1.));
#4367=DIRECTION('',(1.,0.,0.));
#4368=DIRECTION('',(0.,0.,1.));
#4369=DIRECTION('',(1.,0.,0.));
#4370=DIRECTION('',(0.,0.,1.));
#4371=DIRECTION('',(1.,0.,0.));
#4372=DIRECTION('',(0.,0.,1.));
#4373=DIRECTION('',(1.,0.,0.));
#4374=DIRECTION('',(0.,0.,1.));
#4375=DIRECTION('',(1.,0.,0.));
#4376=DIRECTION('',(0.,0.,1.));
#4377=DIRECTION('',(1.,0.,0.));
#4378=DIRECTION('',(0.,0.,1.));
#4379=DIRECTION('',(1.,0.,0.));
#4380=DIRECTION('',(0.,0.,1.));
#4381=DIRECTION('',(1.,0.,0.));
#4382=DIRECTION('',(0.,0.,1.));
#4383=DIRECTION('',(1.,0.,0.));
#4384=DIRECTION('',(0.,0.,1.));
#4385=DIRECTION('',(1.,0.,0.));
#4386=DIRECTION('',(0.,0.,1.));
#4387=DIRECTION('',(1.,0.,0.));
#4388=DIRECTION('',(0.,0.,1.));
#4389=DIRECTION('',(1.,0.,0.));
#4390=DIRECTION('',(0.,0.,1.));
#4391=DIRECTION('',(1.,0.,0.));
#4392=DIRECTION('',(0.,0.,1.));
#4393=DIRECTION('',(1.,0.,0.));
#4394=DIRECTION('',(0.,0.,1.));
#4395=DIRECTION('',(1.,0.,0.));
#4396=DIRECTION('',(0.,0.,1.));
#4397=DIRECTION('',(1.,0.,0.));
#4398=DIRECTION('',(0.,0.,1.));
#4399=DIRECTION('',(1.,0.,0.));
#4400=DIRECTION('',(0.,0.,1.));
#4401=DIRECTION('',(1.,0.,0.));
#4402=DIRECTION('',(0.,0.,1.));
#4403=DIRECTION('',(1.,0.,0.));
#4404=DIRECTION('',(0.,0.,1.));
#4405=DIRECTION('',(1.,0.,0.));
#4406=DIRECTION('',(0.,0.,1.));
#4407=DIRECTION('',(1.,0.,0.));
#4408=DIRECTION('',(0.,0.,1.));
#4409=DIRECTION('',(1.,0.,0.));
#4410=DIRECTION('',(0.,0.,1.));
#4411=DIRECTION('',(1.,0.,0.));
#4412=DIRECTION('',(0.,0.,1.));
#4413=DIRECTION('',(1.,0.,0.));
#4414=DIRECTION('',(0.,0.,1.));
#4415=DIRECTION('',(1.,0.,0.));
#4416=DIRECTION('',(0.,0.,1.));
#4417=DIRECTION('',(1.,0.,0.));
#4418=DIRECTION('',(0.,0.,1.));
#4419=DIRECTION('',(1.,0.,0.));
#4420=DIRECTION('',(0.,0.,1.));
#4421=DIRECTION('',(1.,0.,0.));
#4422=DIRECTION('',(0.,0.,1.));
#4423=DIRECTION('',(1.,0.,0.));
#4424=DIRECTION('',(0.,0.,1.));
#4425=DIRECTION('',(1.,0.,0.));
#4426=DIRECTION('',(0.,0.,1.));
#4427=DIRECTION('',(1.,0.,0.));
#4428=DIRECTION('',(0.,0.,1.));
#4429=DIRECTION('',(1.,0.,0.));
#4430=DIRECTION('',(0.,0.,1.));
#4431=DIRECTION('',(1.,0.,0.));
#4432=DIRECTION('',(0.,0.,1.));
#4433=DIRECTION('',(1.,0.,0.));
#4434=DIRECTION('',(0.,0.,1.));
#4435=DIRECTION('',(1.,0.,0.));
#4436=DIRECTION('',(0.,0.,1.));
#4437=DIRECTION('',(1.,0.,0.));
#4438=DIRECTION('',(0.,0.,1.));
#4439=DIRECTION('',(1.,0.,0.));
#4440=DIRECTION('',(0.,0.,1.));
#4441=DIRECTION('',(1.,0.,0.));
#4442=DIRECTION('',(0.,0.,1.));
#4443=DIRECTION('',(1.,0.,0.));
#4444=DIRECTION('',(-2.85932709341682E-17,-0.342020143325669,-0.939692620785908));
#4445=DIRECTION('',(0.,0.939692620785908,-0.342020143325669));
#4446=DIRECTION('',(7.85593662399752E-17,0.939692620785908,-0.342020143325669));
#4447=DIRECTION('',(-1.,8.36011313723762E-17,0.));
#4448=DIRECTION('',(-7.85593662399752E-17,-0.939692620785908,0.342020143325669));
#4449=DIRECTION('',(0.,0.,-1.));
#4450=DIRECTION('',(-1.,0.,0.));
#4451=DIRECTION('',(0.,0.,1.));
#4452=DIRECTION('',(1.,0.,0.));
#4453=DIRECTION('',(0.,0.,-1.));
#4454=DIRECTION('',(0.,0.,-1.));
#4455=DIRECTION('',(0.,0.,-1.));
#4456=DIRECTION('',(-1.,0.,0.));
#4457=DIRECTION('',(0.,0.,1.));
#4458=DIRECTION('',(1.,0.,0.));
#4459=DIRECTION('',(0.,0.,-1.));
#4460=DIRECTION('',(0.,0.,-1.));
#4461=DIRECTION('',(0.,0.,-1.));
#4462=DIRECTION('',(-1.,0.,0.));
#4463=DIRECTION('',(0.,0.,1.));
#4464=DIRECTION('',(1.,0.,0.));
#4465=DIRECTION('',(0.,0.,-1.));
#4466=DIRECTION('',(0.,0.,-1.));
#4467=DIRECTION('',(0.,0.,-1.));
#4468=DIRECTION('',(-1.,0.,0.));
#4469=DIRECTION('',(0.,0.,1.));
#4470=DIRECTION('',(1.,0.,0.));
#4471=DIRECTION('',(0.,0.,-1.));
#4472=DIRECTION('',(0.,0.,-1.));
#4473=DIRECTION('',(0.,0.,-1.));
#4474=DIRECTION('',(-1.,0.,0.));
#4475=DIRECTION('',(0.,0.,1.));
#4476=DIRECTION('',(1.,0.,0.));
#4477=DIRECTION('',(0.,0.,-1.));
#4478=DIRECTION('',(0.,0.,-1.));
#4479=DIRECTION('',(0.,0.,-1.));
#4480=DIRECTION('',(-1.,0.,0.));
#4481=DIRECTION('',(0.,0.,1.));
#4482=DIRECTION('',(1.,0.,0.));
#4483=DIRECTION('',(0.,0.,-1.));
#4484=DIRECTION('',(0.,0.,-1.));
#4485=DIRECTION('',(0.,0.,-1.));
#4486=DIRECTION('',(-1.,0.,0.));
#4487=DIRECTION('',(0.,0.,1.));
#4488=DIRECTION('',(1.,0.,0.));
#4489=DIRECTION('',(0.,0.,-1.));
#4490=DIRECTION('',(0.,0.,-1.));
#4491=DIRECTION('',(0.,0.,-1.));
#4492=DIRECTION('',(-1.,0.,0.));
#4493=DIRECTION('',(0.,0.,1.));
#4494=DIRECTION('',(1.,0.,0.));
#4495=DIRECTION('',(0.,0.,-1.));
#4496=DIRECTION('',(0.,0.,-1.));
#4497=DIRECTION('',(0.,0.,-1.));
#4498=DIRECTION('',(-1.,0.,0.));
#4499=DIRECTION('',(0.,0.,1.));
#4500=DIRECTION('',(1.,0.,0.));
#4501=DIRECTION('',(0.,0.,-1.));
#4502=DIRECTION('',(0.,0.,-1.));
#4503=DIRECTION('',(0.,0.,-1.));
#4504=DIRECTION('',(-1.,0.,0.));
#4505=DIRECTION('',(0.,0.,1.));
#4506=DIRECTION('',(1.,0.,0.));
#4507=DIRECTION('',(0.,0.,-1.));
#4508=DIRECTION('',(0.,0.,-1.));
#4509=DIRECTION('',(0.,0.,-1.));
#4510=DIRECTION('',(-1.,0.,0.));
#4511=DIRECTION('',(0.,0.,1.));
#4512=DIRECTION('',(1.,0.,0.));
#4513=DIRECTION('',(0.,0.,-1.));
#4514=DIRECTION('',(0.,0.,-1.));
#4515=DIRECTION('',(0.,0.,-1.));
#4516=DIRECTION('',(-1.,0.,0.));
#4517=DIRECTION('',(0.,0.,1.));
#4518=DIRECTION('',(1.,0.,0.));
#4519=DIRECTION('',(0.,0.,-1.));
#4520=DIRECTION('',(0.,0.,-1.));
#4521=DIRECTION('',(0.,0.,-1.));
#4522=DIRECTION('',(-1.,0.,0.));
#4523=DIRECTION('',(0.,0.,1.));
#4524=DIRECTION('',(1.,0.,0.));
#4525=DIRECTION('',(0.,0.,-1.));
#4526=DIRECTION('',(0.,0.,-1.));
#4527=DIRECTION('',(0.,0.,-1.));
#4528=DIRECTION('',(-1.,0.,0.));
#4529=DIRECTION('',(0.,0.,1.));
#4530=DIRECTION('',(1.,0.,0.));
#4531=DIRECTION('',(0.,0.,-1.));
#4532=DIRECTION('',(0.,0.,-1.));
#4533=DIRECTION('',(0.,0.,-1.));
#4534=DIRECTION('',(-1.,0.,0.));
#4535=DIRECTION('',(0.,0.,1.));
#4536=DIRECTION('',(1.,0.,0.));
#4537=DIRECTION('',(0.,0.,-1.));
#4538=DIRECTION('',(0.,0.,-1.));
#4539=DIRECTION('',(0.,0.,-1.));
#4540=DIRECTION('',(-1.,0.,0.));
#4541=DIRECTION('',(0.,0.,1.));
#4542=DIRECTION('',(1.,0.,0.));
#4543=DIRECTION('',(0.,0.,-1.));
#4544=DIRECTION('',(0.,0.,-1.));
#4545=DIRECTION('',(0.,0.,-1.));
#4546=DIRECTION('',(-1.,0.,0.));
#4547=DIRECTION('',(0.,0.,1.));
#4548=DIRECTION('',(1.,0.,0.));
#4549=DIRECTION('',(0.,0.,1.));
#4550=DIRECTION('',(1.,0.,0.));
#4551=DIRECTION('',(0.,0.,-1.));
#4552=DIRECTION('',(-1.,0.,0.));
#4553=DIRECTION('',(0.,0.,1.));
#4554=DIRECTION('',(1.,0.,0.));
#4555=DIRECTION('',(0.,0.,1.));
#4556=DIRECTION('',(1.,0.,0.));
#4557=DIRECTION('',(0.,0.,-1.));
#4558=DIRECTION('',(-1.,0.,0.));
#4559=DIRECTION('',(0.,0.,1.));
#4560=DIRECTION('',(1.,0.,0.));
#4561=DIRECTION('',(0.,0.,-1.));
#4562=DIRECTION('',(-1.,0.,0.));
#4563=DIRECTION('',(0.,0.,1.));
#4564=DIRECTION('',(1.,0.,0.));
#4565=DIRECTION('',(0.,0.,-1.));
#4566=DIRECTION('',(-1.,0.,0.));
#4567=DIRECTION('',(0.,0.,1.));
#4568=DIRECTION('',(1.,0.,0.));
#4569=DIRECTION('',(0.,0.,-1.));
#4570=DIRECTION('',(-1.,0.,0.));
#4571=DIRECTION('',(0.,0.,1.));
#4572=DIRECTION('',(1.,0.,0.));
#4573=DIRECTION('',(0.,0.,-1.));
#4574=DIRECTION('',(-1.,0.,0.));
#4575=DIRECTION('',(0.,0.,1.));
#4576=DIRECTION('',(1.,0.,0.));
#4577=DIRECTION('',(0.,0.,-1.));
#4578=DIRECTION('',(-1.,0.,0.));
#4579=DIRECTION('',(0.,0.,1.));
#4580=DIRECTION('',(1.,0.,0.));
#4581=DIRECTION('',(0.,0.,-1.));
#4582=DIRECTION('',(-1.,0.,0.));
#4583=DIRECTION('',(0.,0.,1.));
#4584=DIRECTION('',(1.,0.,0.));
#4585=DIRECTION('',(0.,0.,-1.));
#4586=DIRECTION('',(-1.,0.,0.));
#4587=DIRECTION('',(0.,0.,1.));
#4588=DIRECTION('',(1.,0.,0.));
#4589=DIRECTION('',(0.,0.,-1.));
#4590=DIRECTION('',(-1.,0.,0.));
#4591=DIRECTION('',(0.,0.,1.));
#4592=DIRECTION('',(1.,0.,0.));
#4593=DIRECTION('',(0.,0.,-1.));
#4594=DIRECTION('',(-1.,0.,0.));
#4595=DIRECTION('',(0.,0.,1.));
#4596=DIRECTION('',(1.,0.,0.));
#4597=DIRECTION('',(0.,0.,-1.));
#4598=DIRECTION('',(-1.,0.,0.));
#4599=DIRECTION('',(0.,0.,1.));
#4600=DIRECTION('',(1.,0.,0.));
#4601=DIRECTION('',(0.,0.,-1.));
#4602=DIRECTION('',(-1.,0.,0.));
#4603=DIRECTION('',(0.,0.,1.));
#4604=DIRECTION('',(1.,0.,0.));
#4605=DIRECTION('',(0.,0.,-1.));
#4606=DIRECTION('',(-1.,0.,0.));
#4607=DIRECTION('',(0.,0.,1.));
#4608=DIRECTION('',(1.,0.,0.));
#4609=DIRECTION('',(0.,0.,-1.));
#4610=DIRECTION('',(-1.,0.,0.));
#4611=DIRECTION('',(0.,0.,1.));
#4612=DIRECTION('',(1.,0.,0.));
#4613=DIRECTION('',(0.,0.,-1.));
#4614=DIRECTION('',(-1.,0.,0.));
#4615=DIRECTION('',(0.,0.,1.));
#4616=DIRECTION('',(1.,0.,0.));
#4617=DIRECTION('',(0.,0.,-1.));
#4618=DIRECTION('',(-1.,0.,0.));
#4619=DIRECTION('',(0.,0.,1.));
#4620=DIRECTION('',(1.,0.,0.));
#4621=DIRECTION('',(0.,0.,-1.));
#4622=DIRECTION('',(-1.,0.,0.));
#4623=DIRECTION('',(0.,0.,1.));
#4624=DIRECTION('',(1.,0.,0.));
#4625=DIRECTION('',(0.,0.,-1.));
#4626=DIRECTION('',(-1.,0.,0.));
#4627=DIRECTION('',(0.,0.,1.));
#4628=DIRECTION('',(1.,0.,0.));
#4629=DIRECTION('',(0.,0.,-1.));
#4630=DIRECTION('',(-1.,0.,0.));
#4631=DIRECTION('',(0.,0.,1.));
#4632=DIRECTION('',(1.,0.,0.));
#4633=DIRECTION('',(0.,0.,-1.));
#4634=DIRECTION('',(-1.,0.,0.));
#4635=DIRECTION('',(0.,0.,1.));
#4636=DIRECTION('',(1.,0.,0.));
#4637=DIRECTION('',(0.,0.,-1.));
#4638=DIRECTION('',(-1.,0.,0.));
#4639=DIRECTION('',(0.,0.,1.));
#4640=DIRECTION('',(1.,0.,0.));
#4641=DIRECTION('',(0.,0.,-1.));
#4642=DIRECTION('',(-1.,0.,0.));
#4643=DIRECTION('',(0.,0.,1.));
#4644=DIRECTION('',(1.,0.,0.));
#4645=DIRECTION('',(0.,0.,-1.));
#4646=DIRECTION('',(-1.,0.,0.));
#4647=DIRECTION('',(0.,0.,1.));
#4648=DIRECTION('',(1.,0.,0.));
#4649=DIRECTION('',(0.,0.,-1.));
#4650=DIRECTION('',(-1.,0.,0.));
#4651=DIRECTION('',(0.,0.,1.));
#4652=DIRECTION('',(1.,0.,0.));
#4653=DIRECTION('',(0.,0.,-1.));
#4654=DIRECTION('',(-1.,0.,0.));
#4655=DIRECTION('',(0.,0.,1.));
#4656=DIRECTION('',(1.,0.,0.));
#4657=DIRECTION('',(0.,0.,-1.));
#4658=DIRECTION('',(-1.,0.,0.));
#4659=DIRECTION('',(0.,0.,1.));
#4660=DIRECTION('',(1.,0.,0.));
#4661=DIRECTION('',(0.,0.,-1.));
#4662=DIRECTION('',(-1.,0.,0.));
#4663=DIRECTION('',(0.,0.,1.));
#4664=DIRECTION('',(1.,0.,0.));
#4665=DIRECTION('',(0.,0.,-1.));
#4666=DIRECTION('',(-1.,0.,0.));
#4667=DIRECTION('',(0.,0.,1.));
#4668=DIRECTION('',(1.,0.,0.));
#4669=DIRECTION('',(0.,0.,-1.));
#4670=DIRECTION('',(-1.,0.,0.));
#4671=DIRECTION('',(0.,0.,1.));
#4672=DIRECTION('',(1.,0.,0.));
#4673=DIRECTION('',(0.,0.,-1.));
#4674=DIRECTION('',(-1.,0.,0.));
#4675=DIRECTION('',(0.,0.,1.));
#4676=DIRECTION('',(1.,0.,0.));
#4677=DIRECTION('',(0.,0.,-1.));
#4678=DIRECTION('',(-1.,0.,0.));
#4679=DIRECTION('',(0.,0.,1.));
#4680=DIRECTION('',(1.,0.,0.));
#4681=DIRECTION('',(0.,0.,-1.));
#4682=DIRECTION('',(-1.,0.,0.));
#4683=DIRECTION('',(0.,0.,1.));
#4684=DIRECTION('',(1.,0.,0.));
#4685=DIRECTION('',(0.,0.,-1.));
#4686=DIRECTION('',(-1.,0.,0.));
#4687=DIRECTION('',(0.,0.,1.));
#4688=DIRECTION('',(1.,0.,0.));
#4689=DIRECTION('',(0.,0.,-1.));
#4690=DIRECTION('',(-1.,0.,0.));
#4691=DIRECTION('',(0.,0.,1.));
#4692=DIRECTION('',(1.,0.,0.));
#4693=DIRECTION('',(0.,0.,-1.));
#4694=DIRECTION('',(-1.,0.,0.));
#4695=DIRECTION('',(0.,0.,1.));
#4696=DIRECTION('',(1.,0.,0.));
#4697=DIRECTION('',(0.,0.,-1.));
#4698=DIRECTION('',(-1.,0.,0.));
#4699=DIRECTION('',(0.,0.,1.));
#4700=DIRECTION('',(1.,0.,0.));
#4701=DIRECTION('',(0.,0.,-1.));
#4702=DIRECTION('',(-1.,0.,0.));
#4703=DIRECTION('',(0.,0.,1.));
#4704=DIRECTION('',(1.,0.,0.));
#4705=DIRECTION('',(0.,0.,-1.));
#4706=DIRECTION('',(-1.,0.,0.));
#4707=DIRECTION('',(0.,0.,1.));
#4708=DIRECTION('',(1.,0.,0.));
#4709=DIRECTION('',(0.,0.,-1.));
#4710=DIRECTION('',(-1.,0.,0.));
#4711=DIRECTION('',(0.,0.,1.));
#4712=DIRECTION('',(1.,0.,0.));
#4713=DIRECTION('',(0.,0.,-1.));
#4714=DIRECTION('',(-1.,0.,0.));
#4715=DIRECTION('',(0.,0.,1.));
#4716=DIRECTION('',(1.,0.,0.));
#4717=DIRECTION('',(0.,0.,-1.));
#4718=DIRECTION('',(-1.,0.,0.));
#4719=DIRECTION('',(0.,0.,1.));
#4720=DIRECTION('',(1.,0.,0.));
#4721=DIRECTION('',(0.,0.,-1.));
#4722=DIRECTION('',(-1.,0.,0.));
#4723=DIRECTION('',(0.,0.,1.));
#4724=DIRECTION('',(1.,0.,0.));
#4725=DIRECTION('',(0.,0.,-1.));
#4726=DIRECTION('',(-1.,0.,0.));
#4727=DIRECTION('',(0.,0.,1.));
#4728=DIRECTION('',(1.,0.,0.));
#4729=DIRECTION('',(0.,0.,-1.));
#4730=DIRECTION('',(-1.,0.,0.));
#4731=DIRECTION('',(0.,0.,1.));
#4732=DIRECTION('',(1.,0.,0.));
#4733=DIRECTION('',(0.,0.,-1.));
#4734=DIRECTION('',(-1.,0.,0.));
#4735=DIRECTION('',(0.,0.,1.));
#4736=DIRECTION('',(1.,0.,0.));
#4737=DIRECTION('',(0.,0.,-1.));
#4738=DIRECTION('',(-1.,0.,0.));
#4739=DIRECTION('',(0.,0.,1.));
#4740=DIRECTION('',(1.,0.,0.));
#4741=DIRECTION('',(0.,0.,-1.));
#4742=DIRECTION('',(-1.,0.,0.));
#4743=DIRECTION('',(0.,0.,1.));
#4744=DIRECTION('',(1.,0.,0.));
#4745=DIRECTION('',(0.,0.,1.));
#4746=DIRECTION('',(1.,0.,0.));
#4747=DIRECTION('',(0.,0.,1.));
#4748=DIRECTION('',(1.,0.,0.));
#4749=DIRECTION('',(0.,0.,1.));
#4750=DIRECTION('',(1.,0.,0.));
#4751=DIRECTION('',(0.,0.,1.));
#4752=DIRECTION('',(1.,0.,0.));
#4753=DIRECTION('',(0.,0.,1.));
#4754=DIRECTION('',(1.,0.,0.));
#4755=DIRECTION('',(0.,0.,1.));
#4756=DIRECTION('',(1.,0.,0.));
#4757=DIRECTION('',(-1.,-1.67202262744752E-16,0.));
#4758=DIRECTION('',(8.36011313723762E-17,1.,0.));
#4759=DIRECTION('',(-1.,-8.36011313723762E-17,0.));
#4760=DIRECTION('',(8.36011313723762E-17,1.,0.));
#4761=DIRECTION('',(-1.,8.36011313723762E-17,0.));
#4762=DIRECTION('',(-8.36011313723762E-17,-1.,0.));
#4763=DIRECTION('',(1.,-8.36011313723762E-17,0.));
#4764=DIRECTION('',(8.36011313723762E-17,1.,0.));
#4765=DIRECTION('',(-1.,8.36011313723762E-17,0.));
#4766=DIRECTION('',(-8.36011313723762E-17,-1.,0.));
#4767=DIRECTION('',(1.,-8.36011313723762E-17,0.));
#4768=DIRECTION('',(8.36011313723762E-17,1.,0.));
#4769=DIRECTION('',(2.85932709341682E-17,0.342020143325669,0.939692620785908));
#4770=DIRECTION('',(0.,-0.939692620785908,0.342020143325669));
#4771=DIRECTION('',(-1.,8.36011313723762E-17,6.06874658583215E-33));
#4772=DIRECTION('',(7.85593662399752E-17,0.939692620785908,-0.342020143325669));
#4773=DIRECTION('',(-1.,8.36011313723762E-17,6.06874658583215E-33));
#4774=DIRECTION('',(7.85593662399752E-17,0.939692620785908,-0.342020143325669));
#4775=DIRECTION('',(0.,0.,-1.));
#4776=DIRECTION('',(-1.,0.,0.));
#4777=DIRECTION('',(-1.,8.36011313723762E-17,0.));
#4778=DIRECTION('',(-8.36011313723762E-17,-1.,0.));
#4779=DIRECTION('',(-1.,8.36011313723762E-17,0.));
#4780=DIRECTION('',(-8.36011313723762E-17,-1.,0.));
#4781=DIRECTION('',(8.36011313723762E-17,1.,0.));
#4782=DIRECTION('',(-1.,8.36011313723762E-17,0.));
#4783=DIRECTION('',(0.,0.,1.));
#4784=DIRECTION('',(1.,-8.36011313723762E-17,0.));
#4785=DIRECTION('',(0.,0.,1.));
#4786=DIRECTION('',(1.,-8.36011313723762E-17,0.));
#4787=DIRECTION('',(8.36011313723762E-17,1.,0.));
#4788=DIRECTION('',(0.,0.,1.));
#4789=DIRECTION('',(0.,0.,1.));
#4790=DIRECTION('',(-1.,8.36011313723762E-17,0.));
#4791=DIRECTION('',(0.,0.,1.));
#4792=DIRECTION('',(8.36011313723762E-17,1.,0.));
#4793=DIRECTION('',(-1.,8.36011313723762E-17,0.));
#4794=DIRECTION('',(-1.,8.36011313723762E-17,0.));
#4795=DIRECTION('',(8.36011313723762E-17,1.,0.));
#4796=DIRECTION('',(-1.,8.36011313723762E-17,0.));
#4797=DIRECTION('',(0.,0.,1.));
#4798=DIRECTION('',(1.,-8.36011313723762E-17,0.));
#4799=DIRECTION('',(0.,0.,1.));
#4800=DIRECTION('',(8.36011313723762E-17,1.,0.));
#4801=DIRECTION('',(0.,0.,1.));
#4802=DIRECTION('',(1.,-8.36011313723762E-17,0.));
#4803=DIRECTION('',(0.,0.,-1.));
#4804=DIRECTION('',(-1.,0.,0.));
#4805=DIRECTION('',(-1.,8.36011313723762E-17,0.));
#4806=DIRECTION('',(-8.36011313723762E-17,-1.,0.));
#4807=DIRECTION('',(-8.36011313723762E-17,-1.,0.));
#4808=DIRECTION('',(-2.85932709341682E-17,-0.342020143325669,-0.939692620785908));
#4809=DIRECTION('',(0.,0.939692620785908,-0.342020143325669));
#4810=DIRECTION('',(-1.,8.36011313723762E-17,0.));
#4811=DIRECTION('',(-7.85593662399752E-17,-0.939692620785908,0.342020143325669));
#4812=DIRECTION('',(-7.85593662399752E-17,-0.939692620785908,0.342020143325669));
#4813=DIRECTION('',(-1.,8.36011313723762E-17,0.));
#4814=DIRECTION('',(-8.36011313723762E-17,-1.,0.));
#4815=DIRECTION('',(-8.36011313723762E-17,-1.,0.));
#4816=DIRECTION('',(-1.,8.36011313723762E-17,0.));
#4817=DIRECTION('',(-8.36011313723762E-17,-1.,0.));
#4818=DIRECTION('',(-7.85593662399752E-17,-0.939692620785908,0.342020143325669));
#4819=DIRECTION('',(8.36011313723762E-17,1.,0.));
#4820=DIRECTION('',(-1.,8.36011313723762E-17,0.));
#4821=DIRECTION('',(-8.36011313723762E-17,-1.,0.));
#4822=DIRECTION('',(-7.85593662399752E-17,-0.939692620785908,0.342020143325669));
#4823=DIRECTION('',(8.36011313723762E-17,1.,0.));
#4824=DIRECTION('',(7.85593662399753E-17,0.939692620785908,-0.342020143325669));
#4825=DIRECTION('',(-1.,8.36011313723762E-17,0.));
#4826=DIRECTION('',(-8.36011313723762E-17,-1.,0.));
#4827=DIRECTION('',(-8.36011313723762E-17,-1.,0.));
#4828=DIRECTION('',(-5.91149269082747E-17,-0.707106781186548,0.707106781186548));
#4829=DIRECTION('',(8.36011313723762E-17,1.,0.));
#4830=DIRECTION('',(-1.,8.36011313723762E-17,0.));
#4831=DIRECTION('',(-8.36011313723762E-17,-1.,0.));
#4832=DIRECTION('',(-1.,8.36011313723762E-17,0.));
#4833=DIRECTION('',(-8.36011313723762E-17,-1.,0.));
#4834=DIRECTION('',(-8.36011313723762E-17,-1.,0.));
#4835=DIRECTION('',(8.36011313723762E-17,1.,0.));
#4836=DIRECTION('',(-7.85593662399752E-17,-0.939692620785908,0.342020143325669));
#4837=DIRECTION('',(-1.,8.36011313723762E-17,0.));
#4838=DIRECTION('',(-8.36011313723762E-17,-1.,0.));
#4839=DIRECTION('',(7.85593662399753E-17,0.939692620785908,-0.342020143325669));
#4840=DIRECTION('',(-8.36011313723762E-17,-1.,0.));
#4841=DIRECTION('',(7.85593662399752E-17,0.939692620785908,-0.342020143325669));
#4842=DIRECTION('',(8.36011313723762E-17,1.,0.));
#4843=DIRECTION('',(5.91149269082747E-17,0.707106781186548,-0.707106781186548));
#4844=DIRECTION('',(-8.36011313723762E-17,-1.,0.));
#4845=DIRECTION('',(-1.,8.36011313723762E-17,0.));
#4846=DIRECTION('',(-8.36011313723762E-17,-1.,0.));
#4847=DIRECTION('',(-2.85932709341682E-17,-0.342020143325669,-0.939692620785908));
#4848=DIRECTION('',(0.,0.939692620785908,-0.342020143325669));
#4849=DIRECTION('',(-7.85593662399752E-17,-0.939692620785908,0.342020143325669));
#4850=DIRECTION('',(-1.,8.36011313723762E-17,0.));
#4851=DIRECTION('',(-7.85593662399752E-17,-0.939692620785908,0.342020143325669));
#4852=DIRECTION('',(-1.,8.36011313723762E-17,0.));
#4853=DIRECTION('',(-8.36011313723762E-17,-1.,0.));
#4854=DIRECTION('',(7.85593662399753E-17,0.939692620785908,-0.342020143325669));
#4855=DIRECTION('',(-8.36011313723762E-17,-1.,0.));
#4856=DIRECTION('',(-7.85593662399752E-17,-0.939692620785908,0.342020143325669));
#4857=DIRECTION('',(8.36011313723762E-17,1.,0.));
#4858=DIRECTION('',(5.91149269082747E-17,0.707106781186548,-0.707106781186548));
#4859=DIRECTION('',(-8.36011313723762E-17,-1.,0.));
#4860=DIRECTION('',(-1.,8.36011313723762E-17,0.));
#4861=DIRECTION('',(-8.36011313723762E-17,-1.,0.));
#4862=DIRECTION('',(-1.,8.36011313723762E-17,0.));
#4863=DIRECTION('',(-8.36011313723762E-17,-1.,0.));
#4864=DIRECTION('',(-7.85593662399752E-17,-0.939692620785908,0.342020143325669));
#4865=DIRECTION('',(8.36011313723762E-17,1.,0.));
#4866=DIRECTION('',(7.85593662399753E-17,0.939692620785908,-0.342020143325669));
#4867=DIRECTION('',(-1.,8.36011313723762E-17,0.));
#4868=DIRECTION('',(-8.36011313723762E-17,-1.,0.));
#4869=DIRECTION('',(-8.36011313723762E-17,-1.,0.));
#4870=DIRECTION('',(-5.91149269082747E-17,-0.707106781186548,0.707106781186548));
#4871=DIRECTION('',(8.36011313723762E-17,1.,0.));
#4872=DIRECTION('',(-5.91149269082747E-17,-0.707106781186548,-0.707106781186548));
#4873=DIRECTION('',(1.,-8.36011313723762E-17,0.));
#4874=DIRECTION('',(5.91149269082747E-17,0.707106781186548,-0.707106781186548));
#4875=DIRECTION('',(-5.91149269082747E-17,-0.707106781186548,-0.707106781186548));
#4876=DIRECTION('',(-5.91149269082747E-17,-0.707106781186548,0.707106781186548));
#4877=DIRECTION('',(-5.91149269082747E-17,-0.707106781186548,-0.707106781186548));
#4878=DIRECTION('',(1.,-8.36011313723762E-17,0.));
#4879=DIRECTION('',(-5.91149269082747E-17,-0.707106781186548,0.707106781186548));
#4880=DIRECTION('',(-5.91149269082747E-17,-0.707106781186548,-0.707106781186548));
#4881=DIRECTION('',(5.91149269082747E-17,0.707106781186548,-0.707106781186548));
#4882=DIRECTION('',(-1.,8.36011313723762E-17,0.));
#4883=DIRECTION('',(-8.36011313723762E-17,-1.,0.));
#4884=DIRECTION('',(-1.,8.36011313723762E-17,0.));
#4885=DIRECTION('',(-8.36011313723762E-17,-1.,0.));
#4886=DIRECTION('',(-1.,8.36011313723762E-17,0.));
#4887=DIRECTION('',(-8.36011313723762E-17,-1.,0.));
#4888=DIRECTION('',(-1.,8.36011313723762E-17,0.));
#4889=DIRECTION('',(-8.36011313723762E-17,-1.,0.));
#4890=DIRECTION('',(-1.,8.36011313723762E-17,0.));
#4891=DIRECTION('',(-8.36011313723762E-17,-1.,0.));
#4892=DIRECTION('',(-1.,8.36011313723762E-17,0.));
#4893=DIRECTION('',(-8.36011313723762E-17,-1.,0.));
#4894=DIRECTION('',(-1.,8.36011313723762E-17,0.));
#4895=DIRECTION('',(-8.36011313723762E-17,-1.,0.));
#4896=DIRECTION('',(-1.,8.36011313723762E-17,0.));
#4897=DIRECTION('',(-8.36011313723762E-17,-1.,0.));
#4898=DIRECTION('',(-1.,8.36011313723762E-17,0.));
#4899=DIRECTION('',(-8.36011313723762E-17,-1.,0.));
#4900=DIRECTION('',(-1.,8.36011313723762E-17,0.));
#4901=DIRECTION('',(-8.36011313723762E-17,-1.,0.));
#4902=DIRECTION('',(-1.,8.36011313723762E-17,0.));
#4903=DIRECTION('',(-8.36011313723762E-17,-1.,0.));
#4904=DIRECTION('',(-1.,8.36011313723762E-17,0.));
#4905=DIRECTION('',(-8.36011313723762E-17,-1.,0.));
#4906=DIRECTION('',(-1.,8.36011313723762E-17,0.));
#4907=DIRECTION('',(-8.36011313723762E-17,-1.,0.));
#4908=DIRECTION('',(-1.,8.36011313723762E-17,0.));
#4909=DIRECTION('',(-8.36011313723762E-17,-1.,0.));
#4910=DIRECTION('',(-1.,8.36011313723762E-17,0.));
#4911=DIRECTION('',(-8.36011313723762E-17,-1.,0.));
#4912=DIRECTION('',(-7.85593662399752E-17,-0.939692620785908,0.342020143325669));
#4913=DIRECTION('',(0.,-0.342020143325669,-0.939692620785908));
#4914=DIRECTION('',(-8.23310423361083E-17,-0.984807753012208,0.17364817766693));
#4915=DIRECTION('',(1.45171841137068E-17,0.17364817766693,0.984807753012208));
#4916=DIRECTION('',(-8.36011313723762E-17,-1.,0.));
#4917=DIRECTION('',(1.,-8.36011313723762E-17,0.));
#4918=DIRECTION('',(0.707106781186548,-0.707106781186548,0.));
#4919=DIRECTION('',(-0.707106781186548,-0.707106781186548,0.));
#4920=DIRECTION('',(1.,-8.36011313723762E-17,0.));
#4921=DIRECTION('',(8.36011313723762E-17,1.,0.));
#4922=DIRECTION('',(0.707106781186548,0.707106781186548,0.));
#4923=DIRECTION('',(0.707106781186548,-0.707106781186548,0.));
#4924=DIRECTION('',(7.85593662399752E-17,0.939692620785908,-0.342020143325669));
#4925=DIRECTION('',(0.,0.342020143325669,0.939692620785908));
#4926=DIRECTION('',(8.23310423361083E-17,0.984807753012208,-0.17364817766693));
#4927=DIRECTION('',(-1.45171841137068E-17,-0.17364817766693,-0.984807753012208));
#4928=DIRECTION('',(8.36011313723762E-17,1.,0.));
#4929=DIRECTION('',(-1.,8.36011313723762E-17,0.));
#4930=DIRECTION('',(8.36011313723762E-17,1.,0.));
#4931=DIRECTION('',(-1.,8.36011313723762E-17,0.));
#4932=DIRECTION('',(0.,1.,0.));
#4933=DIRECTION('',(0.,0.,1.));
#4934=DIRECTION('',(-1.,8.36011313723762E-17,0.));
#4935=DIRECTION('',(-8.36011313723762E-17,-1.,0.));
#4936=DIRECTION('',(0.,0.939692620785908,-0.342020143325669));
#4937=DIRECTION('',(0.,0.342020143325669,0.939692620785908));
#4938=DIRECTION('',(7.85593662399752E-17,0.939692620785908,-0.342020143325669));
#4939=DIRECTION('',(0.,0.342020143325669,0.939692620785908));
#4940=DIRECTION('',(-1.40656160116382E-17,-0.16824671844436,-0.985744917173152));
#4941=DIRECTION('',(0.,0.985744917173152,-0.16824671844436));
#4942=DIRECTION('',(0.,1.,0.));
#4943=DIRECTION('',(0.,0.,1.));
#4944=DIRECTION('',(-8.36011313723762E-17,-1.,0.));
#4945=DIRECTION('',(1.,-8.36011313723762E-17,0.));
#4946=DIRECTION('',(0.707106781186548,-0.707106781186548,0.));
#4947=DIRECTION('',(0.707106781186548,0.707106781186548,0.));
#4948=DIRECTION('',(1.,-8.36011313723762E-17,0.));
#4949=DIRECTION('',(8.36011313723762E-17,1.,0.));
#4950=DIRECTION('',(0.707106781186548,0.707106781186548,0.));
#4951=DIRECTION('',(-0.707106781186548,0.707106781186548,0.));
#4952=DIRECTION('',(8.36011313723762E-17,1.,0.));
#4953=DIRECTION('',(-1.,8.36011313723762E-17,0.));
#4954=DIRECTION('',(8.23310423361083E-17,0.984807753012208,-0.17364817766693));
#4955=DIRECTION('',(1.45171841137068E-17,0.17364817766693,0.984807753012208));
#4956=DIRECTION('',(7.85593662399752E-17,0.939692620785908,-0.342020143325669));
#4957=DIRECTION('',(0.,0.342020143325669,0.939692620785908));
#4958=DIRECTION('',(-8.36011313723762E-17,-1.,0.));
#4959=DIRECTION('',(1.,-8.36011313723762E-17,0.));
#4960=DIRECTION('',(0.,1.,0.));
#4961=DIRECTION('',(0.,0.,1.));
#4962=DIRECTION('',(-1.,8.36011313723762E-17,0.));
#4963=DIRECTION('',(-8.36011313723762E-17,-1.,0.));
#4964=DIRECTION('',(2.96655185941996E-16,0.939692620785908,-0.342020143325669));
#4965=DIRECTION('',(0.,0.342020143325669,0.939692620785908));
#4966=DIRECTION('',(-7.85593662399752E-17,-0.939692620785908,0.342020143325669));
#4967=DIRECTION('',(0.,-0.342020143325669,-0.939692620785908));
#4968=DIRECTION('',(-1.40656160116382E-17,-0.16824671844436,-0.985744917173152));
#4969=DIRECTION('',(-7.76481388130394E-17,-0.985744917173152,0.16824671844436));
#4970=DIRECTION('',(0.,1.,0.));
#4971=DIRECTION('',(0.,0.,1.));
#4972=DIRECTION('',(8.36011313723762E-17,1.,0.));
#4973=DIRECTION('',(-1.,8.36011313723762E-17,0.));
#4974=DIRECTION('',(-0.707106781186548,-0.707106781186548,0.));
#4975=DIRECTION('',(-0.707106781186548,0.707106781186548,0.));
#4976=DIRECTION('',(-1.,8.36011313723762E-17,0.));
#4977=DIRECTION('',(-8.36011313723762E-17,-1.,0.));
#4978=DIRECTION('',(-0.707106781186548,0.707106781186548,0.));
#4979=DIRECTION('',(-0.707106781186548,-0.707106781186548,0.));
#4980=DIRECTION('',(-8.36011313723762E-17,-1.,0.));
#4981=DIRECTION('',(1.,-8.36011313723762E-17,0.));
#4982=DIRECTION('',(-8.23310423361083E-17,-0.984807753012208,0.17364817766693));
#4983=DIRECTION('',(-1.45171841137068E-17,-0.17364817766693,-0.984807753012208));
#4984=DIRECTION('',(7.85593662399752E-17,0.939692620785908,-0.342020143325669));
#4985=DIRECTION('',(0.,0.342020143325669,0.939692620785908));
#4986=DIRECTION('',(-1.,8.36011313723762E-17,0.));
#4987=DIRECTION('',(-8.36011313723762E-17,-1.,0.));
#4988=DIRECTION('',(0.,0.939692620785908,-0.342020143325669));
#4989=DIRECTION('',(0.,0.342020143325669,0.939692620785908));
#4990=DIRECTION('',(-7.85593662399752E-17,-0.939692620785908,0.342020143325669));
#4991=DIRECTION('',(0.,-0.342020143325669,-0.939692620785908));
#4992=DIRECTION('',(0.,0.939692620785908,-0.342020143325669));
#4993=DIRECTION('',(0.,0.342020143325669,0.939692620785909));
#4994=DIRECTION('',(-1.,8.36011313723762E-17,0.));
#4995=DIRECTION('',(-8.36011313723762E-17,-1.,0.));
#4996=DIRECTION('',(0.,1.,0.));
#4997=DIRECTION('',(0.,0.,1.));
#4998=DIRECTION('',(-8.36011313723762E-17,-1.,0.));
#4999=DIRECTION('',(1.,-8.36011313723762E-17,0.));
#5000=DIRECTION('',(-1.,8.36011313723762E-17,0.));
#5001=DIRECTION('',(-8.36011313723762E-17,-1.,0.));
#5002=DIRECTION('',(0.,0.939692620785908,-0.342020143325669));
#5003=DIRECTION('',(0.,0.342020143325669,0.939692620785908));
#5004=DIRECTION('',(7.85593662399752E-17,0.939692620785908,-0.342020143325669));
#5005=DIRECTION('',(0.,0.342020143325669,0.939692620785908));
#5006=DIRECTION('',(5.9331037188399E-16,0.939692620785908,-0.342020143325669));
#5007=DIRECTION('',(0.,0.342020143325669,0.939692620785908));
#5008=DIRECTION('',(-1.,8.36011313723762E-17,0.));
#5009=DIRECTION('',(-8.36011313723762E-17,-1.,0.));
#5010=DIRECTION('',(0.,1.,0.));
#5011=DIRECTION('',(0.,0.,1.));
#5012=DIRECTION('',(8.36011313723762E-17,1.,0.));
#5013=DIRECTION('',(-1.,8.36011313723762E-17,0.));
#5014=DIRECTION('',(-1.,8.36011313723762E-17,0.));
#5015=DIRECTION('',(-8.36011313723762E-17,-1.,0.));
#5016=DIRECTION('',(0.,0.939692620785908,-0.342020143325669));
#5017=DIRECTION('',(0.,0.342020143325669,0.939692620785908));
#5018=DIRECTION('',(7.85593662399752E-17,0.939692620785908,-0.342020143325669));
#5019=DIRECTION('',(0.,0.342020143325669,0.939692620785908));
#5020=DIRECTION('',(1.18662074376798E-15,0.939692620785908,-0.342020143325669));
#5021=DIRECTION('',(0.,0.342020143325669,0.939692620785908));
#5022=DIRECTION('',(-1.,8.36011313723762E-17,0.));
#5023=DIRECTION('',(-8.36011313723762E-17,-1.,0.));
#5024=DIRECTION('',(0.,1.,0.));
#5025=DIRECTION('',(0.,0.,1.));
#5026=DIRECTION('',(8.36011313723762E-17,1.,0.));
#5027=DIRECTION('',(-1.,8.36011313723762E-17,0.));
#5028=DIRECTION('',(7.72373741697256E-17,0.923879532511287,-0.38268343236509));
#5029=DIRECTION('',(3.19927679031857E-17,0.38268343236509,0.923879532511287));
#5030=DIRECTION('',(-5.91149269082747E-17,-0.707106781186548,0.707106781186548));
#5031=DIRECTION('',(0.,-0.707106781186548,-0.707106781186548));
#5032=DIRECTION('',(-1.,8.36011313723762E-17,0.));
#5033=DIRECTION('',(-8.36011313723762E-17,-1.,0.));
#5034=DIRECTION('',(0.,0.939692620785908,-0.342020143325669));
#5035=DIRECTION('',(0.,0.342020143325669,0.939692620785908));
#5036=DIRECTION('',(-7.85593662399752E-17,-0.939692620785908,0.342020143325669));
#5037=DIRECTION('',(0.,-0.342020143325669,-0.939692620785908));
#5038=DIRECTION('',(0.,0.939692620785908,-0.342020143325669));
#5039=DIRECTION('',(0.,0.342020143325669,0.939692620785908));
#5040=DIRECTION('',(-1.,8.36011313723762E-17,0.));
#5041=DIRECTION('',(-8.36011313723762E-17,-1.,0.));
#5042=DIRECTION('',(0.,1.,0.));
#5043=DIRECTION('',(0.,0.,1.));
#5044=DIRECTION('',(-8.36011313723762E-17,-1.,0.));
#5045=DIRECTION('',(1.,-8.36011313723762E-17,0.));
#5046=DIRECTION('',(-7.72373741697256E-17,-0.923879532511287,0.38268343236509));
#5047=DIRECTION('',(-3.19927679031857E-17,-0.38268343236509,-0.923879532511287));
#5048=DIRECTION('',(-5.91149269082747E-17,-0.707106781186548,0.707106781186548));
#5049=DIRECTION('',(0.,-0.707106781186548,-0.707106781186548));
#5050=DIRECTION('',(-0.707106781186536,5.91149269082737E-17,0.707106781186559));
#5051=DIRECTION('',(8.36011313723762E-17,1.,0.));
#5052=DIRECTION('',(-8.23310423361082E-17,-0.984807753012207,0.173648177666934));
#5053=DIRECTION('',(-1.,8.36011313723762E-17,0.));
#5054=DIRECTION('',(-0.707106781186535,5.91149269082736E-17,-0.707106781186561));
#5055=DIRECTION('',(8.36011313723762E-17,1.,0.));
#5056=DIRECTION('',(-0.707106781186532,5.91149269082733E-17,0.707106781186563));
#5057=DIRECTION('',(8.36011313723762E-17,1.,0.));
#5058=DIRECTION('',(-8.23310423361085E-17,-0.984807753012211,0.173648177666915));
#5059=DIRECTION('',(-1.,8.36011313723762E-17,0.));
#5060=DIRECTION('',(-0.707106781186535,5.91149269082736E-17,-0.70710678118656));
#5061=DIRECTION('',(-8.36011313723762E-17,-1.,0.));
#5062=DIRECTION('',(0.,0.,-1.));
#5063=DIRECTION('',(-1.,0.,0.));
#5064=DIRECTION('',(0.,0.,1.));
#5065=DIRECTION('',(1.,0.,0.));
#5066=DIRECTION('',(0.,0.,-1.));
#5067=DIRECTION('',(0.,0.,-1.));
#5068=DIRECTION('',(0.,0.,-1.));
#5069=DIRECTION('',(-1.,0.,0.));
#5070=DIRECTION('',(0.,0.,1.));
#5071=DIRECTION('',(1.,0.,0.));
#5072=DIRECTION('',(0.,0.,-1.));
#5073=DIRECTION('',(-1.,0.,0.));
#5074=DIRECTION('',(0.,0.,-1.));
#5075=DIRECTION('',(0.,0.,1.));
#5076=DIRECTION('',(1.,0.,0.));
#5077=DIRECTION('',(0.,0.,-1.));
#5078=DIRECTION('',(0.,0.,1.));
#5079=DIRECTION('',(1.,0.,0.));
#5080=DIRECTION('',(0.,0.,-1.));
#5081=DIRECTION('',(-1.,0.,0.));
#5082=DIRECTION('',(0.,0.,1.));
#5083=DIRECTION('',(1.,0.,0.));
#5084=DIRECTION('',(0.,0.,1.));
#5085=DIRECTION('',(1.,0.,0.));
#5086=DIRECTION('',(0.,0.,-1.));
#5087=DIRECTION('',(-1.,0.,0.));
#5088=DIRECTION('',(0.,0.,1.));
#5089=DIRECTION('',(1.,0.,0.));
#5090=DIRECTION('',(0.,0.,1.));
#5091=DIRECTION('',(1.,0.,0.));
#5092=DIRECTION('',(0.,0.,1.));
#5093=DIRECTION('',(1.,0.,0.));
#5094=DIRECTION('',(0.,0.,1.));
#5095=DIRECTION('',(1.,0.,0.));
#5096=DIRECTION('',(0.,0.,-1.));
#5097=DIRECTION('',(-1.,0.,0.));
#5098=DIRECTION('',(0.,0.,1.));
#5099=DIRECTION('',(1.,0.,0.));
#5100=DIRECTION('',(0.,0.,-1.));
#5101=DIRECTION('',(-1.,0.,0.));
#5102=DIRECTION('',(0.,0.,-1.));
#5103=DIRECTION('',(0.,0.,1.));
#5104=DIRECTION('',(1.,0.,0.));
#5105=DIRECTION('',(0.,0.,-1.));
#5106=DIRECTION('',(0.,0.,1.));
#5107=DIRECTION('',(1.,0.,0.));
#5108=DIRECTION('',(0.,0.,-1.));
#5109=DIRECTION('',(-1.,0.,0.));
#5110=DIRECTION('',(0.,0.,1.));
#5111=DIRECTION('',(1.,0.,0.));
#5112=DIRECTION('',(0.,0.,-1.));
#5113=DIRECTION('',(0.,0.,-1.));
#5114=DIRECTION('',(0.,0.,1.));
#5115=DIRECTION('',(1.,0.,0.));
#5116=DIRECTION('',(-1.,0.,0.));
#5117=DIRECTION('',(0.,0.,-1.));
#5118=DIRECTION('',(-1.,0.,0.));
#5119=DIRECTION('',(0.,0.,1.));
#5120=DIRECTION('',(1.,0.,0.));
#5121=DIRECTION('',(0.,0.,-1.));
#5122=DIRECTION('',(0.,0.,-1.));
#5123=DIRECTION('',(0.,0.,1.));
#5124=DIRECTION('',(1.,0.,0.));
#5125=DIRECTION('',(0.,1.,0.));
#5126=DIRECTION('',(0.,0.,-1.));
#5127=DIRECTION('',(-1.,0.,0.));
#5128=DIRECTION('',(0.,0.,1.));
#5129=DIRECTION('',(1.,0.,0.));
#5130=DIRECTION('',(0.,0.,1.));
#5131=DIRECTION('',(1.,0.,0.));
#5132=DIRECTION('',(-1.,0.,0.));
#5133=DIRECTION('',(0.,0.,1.));
#5134=DIRECTION('',(-1.,-3.46944695195363E-15,0.));
#5135=DIRECTION('',(3.46944695195363E-15,-1.,0.));
#5136=DIRECTION('',(0.,-1.,3.46944695195361E-15));
#5137=DIRECTION('',(0.,-3.46944695195361E-15,-1.));
#5138=DIRECTION('',(-8.36011313723762E-17,-1.,0.));
#5139=DIRECTION('',(1.,-8.36011313723762E-17,0.));
#5140=DIRECTION('',(0.,1.,0.));
#5141=DIRECTION('',(0.,0.,1.));
#5142=DIRECTION('',(1.,8.36011313723762E-17,0.));
#5143=DIRECTION('',(-8.36011313723762E-17,1.,0.));
#5144=DIRECTION('',(1.,0.,0.));
#5145=DIRECTION('',(0.,0.,-1.));
#5146=DIRECTION('',(-1.,0.,0.));
#5147=DIRECTION('',(0.,0.,1.));
#5148=DIRECTION('',(-1.,0.,0.));
#5149=DIRECTION('',(0.,0.,1.));
#5150=DIRECTION('',(0.,-1.,0.));
#5151=DIRECTION('',(0.,0.,-1.));
#5152=DIRECTION('',(0.,-1.,0.));
#5153=DIRECTION('',(0.,0.,-1.));
#5154=DIRECTION('',(-1.,-1.67202262744752E-16,0.));
#5155=DIRECTION('',(1.67202262744752E-16,-1.,0.));
#5156=DIRECTION('',(1.,3.46944695195361E-15,0.));
#5157=DIRECTION('',(-3.46944695195361E-15,1.,0.));
#5158=DIRECTION('',(8.36011313723762E-17,1.,0.));
#5159=DIRECTION('',(-1.,8.36011313723762E-17,0.));
#5160=DIRECTION('',(0.,1.,0.));
#5161=DIRECTION('',(0.,0.,1.));
#5162=DIRECTION('',(3.46944695195361E-15,0.,-1.));
#5163=DIRECTION('',(-1.,0.,-3.46944695195361E-15));
#5164=DIRECTION('',(0.,0.,-1.));
#5165=DIRECTION('',(-1.,0.,0.));
#5166=DIRECTION('',(0.,0.,-1.));
#5167=DIRECTION('',(-1.,0.,0.));
#5168=DIRECTION('',(0.,0.,-1.));
#5169=DIRECTION('',(-1.,0.,0.));
#5170=DIRECTION('',(0.,0.,-1.));
#5171=DIRECTION('',(-1.,0.,0.));
#5172=DIRECTION('',(1.,0.,0.));
#5173=DIRECTION('',(0.,0.,-1.));
#5174=DIRECTION('',(1.,0.,0.));
#5175=DIRECTION('',(0.,0.,-1.));
#5176=DIRECTION('',(0.,-1.,0.));
#5177=DIRECTION('',(1.,0.,0.));
#5178=DIRECTION('',(0.,0.,-1.));
#5179=DIRECTION('',(0.,0.,-1.));
#5180=DIRECTION('',(0.,-1.,0.));
#5181=DIRECTION('',(0.,0.,-1.));
#5182=DIRECTION('',(0.,0.242535625036334,0.970142500145332));
#5183=DIRECTION('',(0.,1.,0.));
#5184=DIRECTION('',(0.,0.,1.));
#5185=DIRECTION('',(-1.,0.,0.));
#5186=DIRECTION('',(1.,0.,0.));
#5187=DIRECTION('',(0.,1.,0.));
#5188=DIRECTION('',(0.,0.,1.));
#5189=DIRECTION('',(0.,0.,-1.));
#5190=DIRECTION('',(1.,0.,0.));
#5191=DIRECTION('',(0.,0.,-1.));
#5192=DIRECTION('',(1.,0.,0.));
#5193=DIRECTION('',(-1.,0.,0.));
#5194=DIRECTION('',(0.,0.,1.));
#5195=DIRECTION('',(0.,1.,0.));
#5196=DIRECTION('',(0.,0.,-1.));
#5197=DIRECTION('',(-1.,0.,0.));
#5198=DIRECTION('',(0.,0.,1.));
#5199=DIRECTION('',(-1.,0.,0.));
#5200=DIRECTION('',(0.,0.,1.));
#5201=DIRECTION('',(0.,-1.,0.));
#5202=DIRECTION('',(0.,0.,-1.));
#5203=DIRECTION('',(-1.,0.,0.));
#5204=DIRECTION('',(0.,0.,-1.));
#5205=DIRECTION('',(-1.,0.,0.));
#5206=DIRECTION('',(1.,0.,0.));
#5207=DIRECTION('',(0.,0.,-1.));
#5208=DIRECTION('',(1.,0.,0.));
#5209=DIRECTION('',(0.,0.,-1.));
#5210=DIRECTION('',(0.,-1.,0.));
#5211=DIRECTION('',(0.,0.,-1.));
#5212=DIRECTION('',(1.,0.,0.));
#5213=DIRECTION('',(0.,0.,-1.));
#5214=DIRECTION('',(0.,-1.,0.));
#5215=DIRECTION('',(1.,0.,0.));
#5216=DIRECTION('',(0.,0.,-1.));
#5217=DIRECTION('',(0.,1.,0.));
#5218=DIRECTION('',(0.,0.,1.));
#5219=DIRECTION('',(1.,0.,0.));
#5220=DIRECTION('',(0.,0.,-1.));
#5221=DIRECTION('',(1.,0.,0.));
#5222=DIRECTION('',(0.,0.,1.));
#5223=DIRECTION('',(1.,0.,0.));
#5224=DIRECTION('',(-1.,0.,0.));
#5225=DIRECTION('',(1.,0.,0.));
#5226=DIRECTION('',(1.,0.,0.));
#5227=DIRECTION('',(0.,0.,-1.));
#5228=DIRECTION('',(0.,-1.,0.));
#5229=DIRECTION('',(0.,0.,1.));
#5230=DIRECTION('',(0.,-1.,0.));
#5231=DIRECTION('',(-1.,0.,0.));
#5232=DIRECTION('',(0.,0.,1.));
#5233=DIRECTION('',(0.,1.,0.));
#5234=DIRECTION('',(0.,0.,-1.));
#5235=DIRECTION('',(0.,1.,0.));
#5236=DIRECTION('',(0.,0.,1.));
#5237=DIRECTION('',(1.,0.,0.));
#5238=DIRECTION('',(-1.,0.,0.));
#5239=DIRECTION('',(-1.,0.,0.));
#5240=DIRECTION('',(0.,0.,1.));
#5241=DIRECTION('',(1.,0.,0.));
#5242=DIRECTION('',(0.,0.,-1.));
#5243=DIRECTION('',(-1.,0.,0.));
#5244=DIRECTION('',(0.,0.,1.));
#5245=DIRECTION('',(1.,0.,0.));
#5246=DIRECTION('',(0.,0.,-1.));
#5247=DIRECTION('',(-1.,0.,0.));
#5248=DIRECTION('',(-1.,0.,0.));
#5249=DIRECTION('',(0.,0.,1.));
#5250=DIRECTION('',(-1.,0.,0.));
#5251=DIRECTION('',(0.,0.,1.));
#5252=DIRECTION('',(0.,-0.970142500145332,0.242535625036334));
#5253=DIRECTION('',(-1.,0.,0.));
#5254=DIRECTION('',(-1.,0.,0.));
#5255=DIRECTION('',(0.,0.,1.));
#5256=DIRECTION('',(-0.707106781186548,0.707106781186548,0.));
#5257=DIRECTION('',(-0.707106781186548,-0.707106781186548,0.));
#5258=DIRECTION('',(-0.707106781186548,-0.707106781186548,0.));
#5259=DIRECTION('',(0.707106781186548,-0.707106781186548,0.));
#5260=DIRECTION('',(0.,-1.,0.));
#5261=DIRECTION('',(0.,0.,-1.));
#5262=DIRECTION('',(0.707106781186548,-0.707106781186548,0.));
#5263=DIRECTION('',(-0.707106781186548,-0.707106781186548,0.));
#5264=DIRECTION('',(0.,1.,0.));
#5265=DIRECTION('',(0.,0.,1.));
#5266=DIRECTION('',(0.707106781186548,0.707106781186548,0.));
#5267=DIRECTION('',(-0.707106781186548,0.707106781186548,0.));
#5268=DIRECTION('',(0.,0.,1.));
#5269=DIRECTION('',(1.,0.,0.));
#5270=DIRECTION('',(0.,0.,1.));
#5271=DIRECTION('',(1.,0.,0.));
#5272=DIRECTION('',(1.,0.,0.));
#5273=DIRECTION('',(0.,0.,-1.));
#5274=DIRECTION('',(0.707106781186548,-0.707106781186548,0.));
#5275=DIRECTION('',(-0.707106781186548,-0.707106781186548,0.));
#5276=DIRECTION('',(1.,0.,0.));
#5277=DIRECTION('',(0.,0.,-1.));
#5278=DIRECTION('',(0.707106781186548,0.707106781186548,0.));
#5279=DIRECTION('',(-0.707106781186548,0.707106781186548,0.));
#5280=DIRECTION('',(0.,-1.,0.));
#5281=DIRECTION('',(0.,0.,-1.));
#5282=DIRECTION('',(0.,1.,0.));
#5283=DIRECTION('',(0.,0.,1.));
#5284=DIRECTION('',(0.,1.,0.));
#5285=DIRECTION('',(0.,0.,1.));
#5286=DIRECTION('',(0.,1.,0.));
#5287=DIRECTION('',(0.,0.,1.));
#5288=DIRECTION('',(0.,0.,1.));
#5289=DIRECTION('',(1.,0.,0.));
#5290=DIRECTION('',(0.,0.,1.));
#5291=DIRECTION('',(1.,0.,0.));
#5292=DIRECTION('',(1.,0.,0.));
#5293=DIRECTION('',(0.,0.,-1.));
#5294=DIRECTION('',(0.,0.,-1.));
#5295=DIRECTION('',(0.,1.,0.));
#5296=DIRECTION('',(0.,0.,1.));
#5297=DIRECTION('',(1.,0.,0.));
#5298=DIRECTION('',(0.,0.,-1.));
#5299=DIRECTION('',(0.,1.,0.));
#5300=DIRECTION('',(0.,0.,1.));
#5301=DIRECTION('',(1.,0.,0.));
#5302=DIRECTION('',(0.,0.,-1.));
#5303=DIRECTION('',(0.,1.,0.));
#5304=DIRECTION('',(0.,0.,1.));
#5305=CARTESIAN_POINT('',(0.,0.,0.));
#5306=CARTESIAN_POINT('',(-0.073,-0.0735,0.018));
#5307=CARTESIAN_POINT('',(-0.073,-0.0735,0.018));
#5308=CARTESIAN_POINT('',(-0.0695089399890577,-0.07775,0.018));
#5309=CARTESIAN_POINT('',(-0.07775,-0.0707273658733976,0.018));
#5310=CARTESIAN_POINT('',(-0.0695089399890577,-0.07775,0.018));
#5311=CARTESIAN_POINT('',(-0.0695089399890577,-0.07775,0.00699999999999893));
#5312=CARTESIAN_POINT('',(-0.073,-0.0735,0.007));
#5313=CARTESIAN_POINT('',(-0.07775,-0.0707273658733976,0.007));
#5314=CARTESIAN_POINT('',(-0.07775,-0.0707273658733976,0.018));
#5315=CARTESIAN_POINT('',(1.38777878078145E-17,0.,0.018));
#5316=CARTESIAN_POINT('',(-0.073,-0.0735,0.018));
#5317=CARTESIAN_POINT('',(-0.0705,-0.0735,0.018));
#5318=CARTESIAN_POINT('',(-0.073,-0.0735,0.018));
#5319=CARTESIAN_POINT('',(-0.07775,-0.0762726341266024,0.018));
#5320=CARTESIAN_POINT('',(-0.0764910600109423,-0.07775,0.018));
#5321=CARTESIAN_POINT('',(0.002625,-0.07775,0.018));
#5322=CARTESIAN_POINT('',(-0.07775,0.000625,0.018));
#5323=CARTESIAN_POINT('',(1.38777878078145E-17,0.,0.018));
#5324=CARTESIAN_POINT('',(0.022,-0.0735,0.018));
#5325=CARTESIAN_POINT('',(0.0245,-0.0735,0.018));
#5326=CARTESIAN_POINT('',(0.022,-0.0735,0.018));
#5327=CARTESIAN_POINT('',(0.0254910600109422,-0.07775,0.018));
#5328=CARTESIAN_POINT('',(0.0185089399890577,-0.07775,0.018));
#5329=CARTESIAN_POINT('',(0.002625,-0.07775,0.018));
#5330=CARTESIAN_POINT('',(1.38777878078145E-17,0.,0.018));
#5331=CARTESIAN_POINT('',(-0.073,0.017,0.018));
#5332=CARTESIAN_POINT('',(-0.0705,0.017,0.018));
#5333=CARTESIAN_POINT('',(-0.073,0.017,0.018));
#5334=CARTESIAN_POINT('',(-0.07775,0.0142273658733976,0.018));
#5335=CARTESIAN_POINT('',(-0.07775,0.0197726341266024,0.018));
#5336=CARTESIAN_POINT('',(-0.07775,0.000625,0.018));
#5337=CARTESIAN_POINT('',(-0.073,-0.0735,0.007));
#5338=CARTESIAN_POINT('',(-0.0695089399890574,-0.07775,0.00699999999999896));
#5339=CARTESIAN_POINT('',(-0.0695089399890572,-0.07775,0.00655168138801092));
#5340=CARTESIAN_POINT('',(-0.0691711693589335,-0.07775,0.00568450091066051));
#5341=CARTESIAN_POINT('',(-0.0678504603101542,-0.07775,0.00444240101143066));
#5342=CARTESIAN_POINT('',(-0.0665372219633853,-0.07775,0.00400000000000001));
#5343=CARTESIAN_POINT('',(-0.0656387840678323,-0.07775,0.004));
#5344=CARTESIAN_POINT('',(-0.0656387840678323,-0.07775,0.004));
#5345=CARTESIAN_POINT('',(-0.073,-0.0735,0.004));
#5346=CARTESIAN_POINT('',(-0.07775,-0.0664510639100642,0.004));
#5347=CARTESIAN_POINT('',(-0.07775,-0.0664510639100642,0.00399999999999999));
#5348=CARTESIAN_POINT('',(-0.07775,-0.066922652046015,0.004));
#5349=CARTESIAN_POINT('',(-0.07775,-0.0678636178314599,0.00415193831155718));
#5350=CARTESIAN_POINT('',(-0.07775,-0.0691581377009256,0.00475548696675098));
#5351=CARTESIAN_POINT('',(-0.07775,-0.0702517406040426,0.00563925806658271));
#5352=CARTESIAN_POINT('',(-0.07775,-0.0707273658733976,0.00652033377334136));
#5353=CARTESIAN_POINT('',(-0.07775,-0.0707273658733976,0.00700000000000001));
#5354=CARTESIAN_POINT('',(0.038,-0.0064,0.024));
#5355=CARTESIAN_POINT('',(0.0265,0.0622,0.024));
#5356=CARTESIAN_POINT('',(0.0565,0.0622,0.024));
#5357=CARTESIAN_POINT('',(0.0515,0.0622,0.024));
#5358=CARTESIAN_POINT('',(0.0515,0.05495,0.024));
#5359=CARTESIAN_POINT('',(0.0515,0.0527,0.024));
#5360=CARTESIAN_POINT('',(0.0565,0.0527,0.024));
#5361=CARTESIAN_POINT('',(0.0565,0.0527,0.024));
#5362=CARTESIAN_POINT('',(0.0565,0.05745,0.024));
#5363=CARTESIAN_POINT('',(0.0515,0.05495,0.024));
#5364=CARTESIAN_POINT('',(0.0515,0.0497,0.024));
#5365=CARTESIAN_POINT('',(0.0515,0.0497,0.021));
#5366=CARTESIAN_POINT('',(0.0515,0.0497,0.014125));
#5367=CARTESIAN_POINT('',(0.0515,0.0527,0.021));
#5368=CARTESIAN_POINT('',(0.0515,0.0617735294117647,0.0222941176470588));
#5369=CARTESIAN_POINT('',(0.0515,0.0602,0.016));
#5370=CARTESIAN_POINT('',(0.0515,0.0602,0.024));
#5371=CARTESIAN_POINT('',(0.0515,0.0602,0.014125));
#5372=CARTESIAN_POINT('',(0.0515,-0.01415,0.014125));
#5373=CARTESIAN_POINT('',(0.0025,0.0526464419346357,0.0085));
#5374=CARTESIAN_POINT('',(0.0025,0.074343068373828,0.000603073792140921));
#5375=CARTESIAN_POINT('',(-0.052,0.074343068373828,0.000603073792140921));
#5376=CARTESIAN_POINT('',(-0.02725,0.074343068373828,0.000603073792140921));
#5377=CARTESIAN_POINT('',(-0.02725,0.0526464419346357,0.0085));
#5378=CARTESIAN_POINT('',(-0.02725,0.0416083388480275,0.0125175409662873));
#5379=CARTESIAN_POINT('',(0.0025,0.0416083388480275,0.0125175409662873));
#5380=CARTESIAN_POINT('',(-0.052,0.0416083388480276,0.0125175409662873));
#5381=CARTESIAN_POINT('',(-0.052,0.074343068373828,0.000603073792140917));
#5382=CARTESIAN_POINT('',(0.0025,0.0328464419346358,0.013));
#5383=CARTESIAN_POINT('',(0.0025,0.0388721777014222,0.013));
#5384=CARTESIAN_POINT('',(-0.052,0.0388721777014222,0.013));
#5385=CARTESIAN_POINT('',(-0.02725,0.0388721777014222,0.013));
#5386=CARTESIAN_POINT('',(-0.02725,0.0264100903221816,0.013));
#5387=CARTESIAN_POINT('',(-0.02725,0.0264100903221816,0.013));
#5388=CARTESIAN_POINT('',(-0.053,0.0264100903221816,0.013));
#5389=CARTESIAN_POINT('',(-0.052,0.0264100903221816,0.013));
#5390=CARTESIAN_POINT('',(-0.052,0.0328464419346358,0.013));
#5391=CARTESIAN_POINT('',(1.38777878078145E-17,0.,0.004));
#5392=CARTESIAN_POINT('',(-0.073,0.073,0.004));
#5393=CARTESIAN_POINT('',(-0.07775,0.0702273658733976,0.004));
#5394=CARTESIAN_POINT('',(-0.07775,0.0757726341266024,0.004));
#5395=CARTESIAN_POINT('',(-0.07775,0.000625,0.004));
#5396=CARTESIAN_POINT('',(-0.073,0.017,0.004));
#5397=CARTESIAN_POINT('',(-0.07775,0.0240489360899359,0.004));
#5398=CARTESIAN_POINT('',(-0.07775,0.00995106391006414,0.004));
#5399=CARTESIAN_POINT('',(-0.07775,0.000625,0.004));
#5400=CARTESIAN_POINT('',(0.002625,-0.07775,0.004));
#5401=CARTESIAN_POINT('',(-0.07775,-0.07775,0.004));
#5402=CARTESIAN_POINT('',(-0.07775,0.000625,0.004));
#5403=CARTESIAN_POINT('',(0.0545,0.,0.004));
#5404=CARTESIAN_POINT('',(0.0545,0.0467,0.004));
#5405=CARTESIAN_POINT('',(0.0545,-0.07775,0.004));
#5406=CARTESIAN_POINT('',(0.002625,-0.07775,0.004));
#5407=CARTESIAN_POINT('',(0.0146387840678322,-0.07775,0.004));
#5408=CARTESIAN_POINT('',(0.022,-0.0735,0.004));
#5409=CARTESIAN_POINT('',(0.0285,-0.0680227744249484,0.004));
#5410=CARTESIAN_POINT('',(0.0285,0.,0.004));
#5411=CARTESIAN_POINT('',(0.0285,0.0115227744249484,0.004));
#5412=CARTESIAN_POINT('',(0.022,0.017,0.004));
#5413=CARTESIAN_POINT('',(0.0285,0.0224772255750516,0.004));
#5414=CARTESIAN_POINT('',(0.0285,0.,0.004));
#5415=CARTESIAN_POINT('',(0.0285,0.0467,0.004));
#5416=CARTESIAN_POINT('',(1.38777878078145E-17,0.0467,0.004));
#5417=CARTESIAN_POINT('',(0.0235,0.0467,0.004));
#5418=CARTESIAN_POINT('',(0.0235,0.,0.004));
#5419=CARTESIAN_POINT('',(0.0235,0.0682,0.004));
#5420=CARTESIAN_POINT('',(1.38777878078145E-17,0.0682,0.004));
#5421=CARTESIAN_POINT('',(0.0595,0.0682,0.004));
#5422=CARTESIAN_POINT('',(0.0595,0.,0.004));
#5423=CARTESIAN_POINT('',(0.0595,0.0467,0.004));
#5424=CARTESIAN_POINT('',(1.38777878078145E-17,0.0467,0.004));
#5425=CARTESIAN_POINT('',(0.0735,-0.0735,0.004));
#5426=CARTESIAN_POINT('',(0.0769910600109423,-0.07775,0.004));
#5427=CARTESIAN_POINT('',(0.0700089399890577,-0.07775,0.004));
#5428=CARTESIAN_POINT('',(0.002625,-0.07775,0.004));
#5429=CARTESIAN_POINT('',(-0.079,0.079,0.004));
#5430=CARTESIAN_POINT('',(-0.079,0.083,0.004));
#5431=CARTESIAN_POINT('',(-0.083,0.079,0.004));
#5432=CARTESIAN_POINT('',(-0.083,0.,0.004));
#5433=CARTESIAN_POINT('',(-0.083,-0.079,0.004));
#5434=CARTESIAN_POINT('',(-0.079,-0.079,0.004));
#5435=CARTESIAN_POINT('',(-0.079,-0.083,0.004));
#5436=CARTESIAN_POINT('',(-1.38777878078145E-17,-0.083,0.004));
#5437=CARTESIAN_POINT('',(0.079,-0.083,0.004));
#5438=CARTESIAN_POINT('',(0.079,-0.079,0.004));
#5439=CARTESIAN_POINT('',(0.083,-0.079,0.004));
#5440=CARTESIAN_POINT('',(0.083,0.,0.004));
#5441=CARTESIAN_POINT('',(0.083,0.079,0.004));
#5442=CARTESIAN_POINT('',(0.079,0.079,0.004));
#5443=CARTESIAN_POINT('',(0.079,0.083,0.004));
#5444=CARTESIAN_POINT('',(1.38777878078145E-17,0.083,0.004));
#5445=CARTESIAN_POINT('',(0.0735,0.073,0.004));
#5446=CARTESIAN_POINT('',(0.079,0.073,0.004));
#5447=CARTESIAN_POINT('',(0.002502,0.0386958507207137,0.004));
#5448=CARTESIAN_POINT('',(0.000500000000000006,0.0386958507207137,0.004));
#5449=CARTESIAN_POINT('',(-0.02225,0.0386958507207137,0.004));
#5450=CARTESIAN_POINT('',(-0.02225,1.86012517303537E-18,0.004));
#5451=CARTESIAN_POINT('',(-0.02225,0.0234100903221816,0.004));
#5452=CARTESIAN_POINT('',(1.58348978442783E-17,0.0234100903221816,0.004));
#5453=CARTESIAN_POINT('',(-0.02825,0.0234100903221816,0.004));
#5454=CARTESIAN_POINT('',(-0.02825,0.0386958507207137,0.004));
#5455=CARTESIAN_POINT('',(-0.02825,0.0386958507207137,0.004));
#5456=CARTESIAN_POINT('',(0.002502,0.0386958507207137,0.004));
#5457=CARTESIAN_POINT('',(-0.051,0.0386958507207137,0.004));
#5458=CARTESIAN_POINT('',(-0.051,4.26365769999119E-18,0.004));
#5459=CARTESIAN_POINT('',(-0.051,0.0234100903221816,0.004));
#5460=CARTESIAN_POINT('',(1.58348978442783E-17,0.0234100903221816,0.004));
#5461=CARTESIAN_POINT('',(-0.0575,0.0234100903221816,0.004));
#5462=CARTESIAN_POINT('',(-0.0575,0.0708576991225077,0.004));
#5463=CARTESIAN_POINT('',(-0.0575,0.0595151354832723,0.004));
#5464=CARTESIAN_POINT('',(-0.0535,0.0595151354832723,0.004));
#5465=CARTESIAN_POINT('',(-0.0525251307023633,0.0708576991225077,0.004));
#5466=CARTESIAN_POINT('',(0.0025,0.0708576991225077,0.004));
#5467=CARTESIAN_POINT('',(0.00202513070236328,0.0708576991225077,0.004));
#5468=CARTESIAN_POINT('',(0.003,0.0595151354832723,0.004));
#5469=CARTESIAN_POINT('',(0.007,0.0595151354832723,0.004));
#5470=CARTESIAN_POINT('',(0.007,-5.85207919606633E-19,0.004));
#5471=CARTESIAN_POINT('',(0.007,0.0234100903221816,0.004));
#5472=CARTESIAN_POINT('',(1.58348978442783E-17,0.0234100903221816,0.004));
#5473=CARTESIAN_POINT('',(0.0005,0.0234100903221816,0.004));
#5474=CARTESIAN_POINT('',(0.0005,0.0386958507207137,0.004));
#5475=CARTESIAN_POINT('',(-0.006,-0.0475,0.004));
#5476=CARTESIAN_POINT('',(-0.003,-0.0475,0.004));
#5477=CARTESIAN_POINT('',(-0.0125,-0.0345,0.004));
#5478=CARTESIAN_POINT('',(-0.0095,-0.0345,0.004));
#5479=CARTESIAN_POINT('',(-0.0125,-0.041,0.004));
#5480=CARTESIAN_POINT('',(-0.0095,-0.041,0.004));
#5481=CARTESIAN_POINT('',(-0.0125,-0.0475,0.004));
#5482=CARTESIAN_POINT('',(-0.0095,-0.0475,0.004));
#5483=CARTESIAN_POINT('',(-0.0125,-0.054,0.004));
#5484=CARTESIAN_POINT('',(-0.0095,-0.054,0.004));
#5485=CARTESIAN_POINT('',(-0.0125,-0.0605,0.004));
#5486=CARTESIAN_POINT('',(-0.0095,-0.0605,0.004));
#5487=CARTESIAN_POINT('',(-0.019,-0.0345,0.004));
#5488=CARTESIAN_POINT('',(-0.016,-0.0345,0.004));
#5489=CARTESIAN_POINT('',(-0.019,-0.041,0.004));
#5490=CARTESIAN_POINT('',(-0.016,-0.041,0.004));
#5491=CARTESIAN_POINT('',(-0.019,-0.0475,0.004));
#5492=CARTESIAN_POINT('',(-0.016,-0.0475,0.004));
#5493=CARTESIAN_POINT('',(-0.019,-0.054,0.004));
#5494=CARTESIAN_POINT('',(-0.016,-0.054,0.004));
#5495=CARTESIAN_POINT('',(-0.019,-0.0605,0.004));
#5496=CARTESIAN_POINT('',(-0.016,-0.0605,0.004));
#5497=CARTESIAN_POINT('',(-0.0255,-0.028,0.004));
#5498=CARTESIAN_POINT('',(-0.0225,-0.028,0.004));
#5499=CARTESIAN_POINT('',(-0.0255,-0.0345,0.004));
#5500=CARTESIAN_POINT('',(-0.0225,-0.0345,0.004));
#5501=CARTESIAN_POINT('',(-0.0255,-0.041,0.004));
#5502=CARTESIAN_POINT('',(-0.0225,-0.041,0.004));
#5503=CARTESIAN_POINT('',(-0.0255,-0.0475,0.004));
#5504=CARTESIAN_POINT('',(-0.0225,-0.0475,0.004));
#5505=CARTESIAN_POINT('',(-0.0255,-0.054,0.004));
#5506=CARTESIAN_POINT('',(-0.0225,-0.054,0.004));
#5507=CARTESIAN_POINT('',(-0.0255,-0.0605,0.004));
#5508=CARTESIAN_POINT('',(-0.0225,-0.0605,0.004));
#5509=CARTESIAN_POINT('',(-0.0255,-0.067,0.004));
#5510=CARTESIAN_POINT('',(-0.0225,-0.067,0.004));
#5511=CARTESIAN_POINT('',(-0.032,-0.0345,0.004));
#5512=CARTESIAN_POINT('',(-0.029,-0.0345,0.004));
#5513=CARTESIAN_POINT('',(-0.032,-0.041,0.004));
#5514=CARTESIAN_POINT('',(-0.029,-0.041,0.004));
#5515=CARTESIAN_POINT('',(-0.032,-0.0475,0.004));
#5516=CARTESIAN_POINT('',(-0.029,-0.0475,0.004));
#5517=CARTESIAN_POINT('',(-0.032,-0.054,0.004));
#5518=CARTESIAN_POINT('',(-0.029,-0.054,0.004));
#5519=CARTESIAN_POINT('',(-0.032,-0.0605,0.004));
#5520=CARTESIAN_POINT('',(-0.029,-0.0605,0.004));
#5521=CARTESIAN_POINT('',(-0.0385,-0.0345,0.004));
#5522=CARTESIAN_POINT('',(-0.0355,-0.0345,0.004));
#5523=CARTESIAN_POINT('',(-0.0385,-0.041,0.004));
#5524=CARTESIAN_POINT('',(-0.0355,-0.041,0.004));
#5525=CARTESIAN_POINT('',(-0.0385,-0.0475,0.004));
#5526=CARTESIAN_POINT('',(-0.0355,-0.0475,0.004));
#5527=CARTESIAN_POINT('',(-0.0385,-0.054,0.004));
#5528=CARTESIAN_POINT('',(-0.0355,-0.054,0.004));
#5529=CARTESIAN_POINT('',(-0.0385,-0.0605,0.004));
#5530=CARTESIAN_POINT('',(-0.0355,-0.0605,0.004));
#5531=CARTESIAN_POINT('',(-0.045,-0.0475,0.004));
#5532=CARTESIAN_POINT('',(-0.042,-0.0475,0.004));
#5533=CARTESIAN_POINT('',(-0.032,-0.067,0.004));
#5534=CARTESIAN_POINT('',(-0.030311291759082,-0.0694795694136393,0.004));
#5535=CARTESIAN_POINT('',(-0.0348387082409179,-0.0679704305863607,0.004));
#5536=CARTESIAN_POINT('',(-0.0255,-0.047499999999999,0.004));
#5537=CARTESIAN_POINT('',(-0.0385,-0.067,0.004));
#5538=CARTESIAN_POINT('',(-0.0355654133182029,-0.0676230577878648,0.004));
#5539=CARTESIAN_POINT('',(-0.0402038174510278,-0.0645307883659814,0.004));
#5540=CARTESIAN_POINT('',(-0.0254999999999996,-0.0474999999999992,0.004));
#5541=CARTESIAN_POINT('',(-0.045,-0.0605,0.004));
#5542=CARTESIAN_POINT('',(-0.0425307883659813,-0.0622038174510279,0.004));
#5543=CARTESIAN_POINT('',(-0.0456230577878647,-0.0575654133182029,0.004));
#5544=CARTESIAN_POINT('',(-0.0254999999999994,-0.0475,0.004));
#5545=CARTESIAN_POINT('',(-0.045,-0.054,0.004));
#5546=CARTESIAN_POINT('',(-0.0459704305863606,-0.056838708240918,0.004));
#5547=CARTESIAN_POINT('',(-0.0474795694136393,-0.052311291759082,0.004));
#5548=CARTESIAN_POINT('',(-0.0255,-0.0475,0.004));
#5549=CARTESIAN_POINT('',(-0.045,-0.041,0.004));
#5550=CARTESIAN_POINT('',(-0.0474795694136393,-0.042688708240918,0.004));
#5551=CARTESIAN_POINT('',(-0.0459704305863607,-0.0381612917590821,0.004));
#5552=CARTESIAN_POINT('',(-0.0255000000000003,-0.0475,0.004));
#5553=CARTESIAN_POINT('',(-0.045,-0.0345,0.004));
#5554=CARTESIAN_POINT('',(-0.0456230577878648,-0.0374345866817972,0.004));
#5555=CARTESIAN_POINT('',(-0.0425307883659814,-0.0327961825489721,0.004));
#5556=CARTESIAN_POINT('',(-0.0255,-0.0475,0.004));
#5557=CARTESIAN_POINT('',(-0.0385,-0.028,0.004));
#5558=CARTESIAN_POINT('',(-0.0402038174510279,-0.0304692116340186,0.004));
#5559=CARTESIAN_POINT('',(-0.0355654133182029,-0.0273769422121353,0.004));
#5560=CARTESIAN_POINT('',(-0.0255,-0.0475,0.004));
#5561=CARTESIAN_POINT('',(-0.032,-0.028,0.004));
#5562=CARTESIAN_POINT('',(-0.0348387082409179,-0.0270295694136393,0.004));
#5563=CARTESIAN_POINT('',(-0.030311291759082,-0.0255204305863607,0.004));
#5564=CARTESIAN_POINT('',(-0.0255,-0.0475,0.004));
#5565=CARTESIAN_POINT('',(-0.019,-0.028,0.004));
#5566=CARTESIAN_POINT('',(-0.0206887082409179,-0.0255204305863607,0.004));
#5567=CARTESIAN_POINT('',(-0.016161291759082,-0.0270295694136393,0.004));
#5568=CARTESIAN_POINT('',(-0.0255,-0.0475,0.004));
#5569=CARTESIAN_POINT('',(-0.0125,-0.028,0.004));
#5570=CARTESIAN_POINT('',(-0.0154345866817971,-0.0273769422121353,0.004));
#5571=CARTESIAN_POINT('',(-0.010796182548972,-0.0304692116340186,0.004));
#5572=CARTESIAN_POINT('',(-0.0255,-0.0475,0.004));
#5573=CARTESIAN_POINT('',(-0.006,-0.0345,0.004));
#5574=CARTESIAN_POINT('',(-0.00846921163401856,-0.0327961825489721,0.004));
#5575=CARTESIAN_POINT('',(-0.0053769422121352,-0.0374345866817972,0.004));
#5576=CARTESIAN_POINT('',(-0.0255,-0.0475,0.004));
#5577=CARTESIAN_POINT('',(-0.006,-0.041,0.004));
#5578=CARTESIAN_POINT('',(-0.00502956941363929,-0.0381612917590821,0.004));
#5579=CARTESIAN_POINT('',(-0.00352043058636064,-0.042688708240918,0.004));
#5580=CARTESIAN_POINT('',(-0.0255,-0.0475,0.004));
#5581=CARTESIAN_POINT('',(-0.006,-0.054,0.004));
#5582=CARTESIAN_POINT('',(-0.00352043058636066,-0.052311291759082,0.004));
#5583=CARTESIAN_POINT('',(-0.00502956941363931,-0.056838708240918,0.004));
#5584=CARTESIAN_POINT('',(-0.0255,-0.0475,0.004));
#5585=CARTESIAN_POINT('',(-0.006,-0.0605,0.004));
#5586=CARTESIAN_POINT('',(-0.00537694221213523,-0.0575654133182029,0.004));
#5587=CARTESIAN_POINT('',(-0.00846921163401858,-0.0622038174510279,0.004));
#5588=CARTESIAN_POINT('',(-0.0255,-0.0475,0.004));
#5589=CARTESIAN_POINT('',(-0.0125,-0.067,0.004));
#5590=CARTESIAN_POINT('',(-0.0107961825489721,-0.0645307883659814,0.004));
#5591=CARTESIAN_POINT('',(-0.0154345866817971,-0.0676230577878648,0.004));
#5592=CARTESIAN_POINT('',(-0.0255000000000004,-0.0474999999999993,0.004));
#5593=CARTESIAN_POINT('',(-0.0255,-0.0474999999999992,0.004));
#5594=CARTESIAN_POINT('',(-0.020688708240918,-0.0694795694136393,0.004));
#5595=CARTESIAN_POINT('',(-0.016161291759082,-0.0679704305863607,0.004));
#5596=CARTESIAN_POINT('',(-0.019,-0.067,0.004));
#5597=CARTESIAN_POINT('',(0.002502,0.044190805559623,0.002));
#5598=CARTESIAN_POINT('',(0.000500000000000006,0.044190805559623,0.002));
#5599=CARTESIAN_POINT('',(0.000500000000000006,0.0478063751569604,0.00068404028665134));
#5600=CARTESIAN_POINT('',(0.002502,0.0478063751569604,0.000684040286651341));
#5601=CARTESIAN_POINT('',(-0.02225,0.0478063751569604,0.000684040286651341));
#5602=CARTESIAN_POINT('',(-0.02225,0.0386958507207137,0.004));
#5603=CARTESIAN_POINT('',(-0.0255,-0.0474999999999992,0.004));
#5604=CARTESIAN_POINT('',(-0.0255,-0.0474999999999992,0.));
#5605=CARTESIAN_POINT('',(-0.020688708240918,-0.0694795694136393,0.));
#5606=CARTESIAN_POINT('',(-0.016161291759082,-0.0679704305863607,0.));
#5607=CARTESIAN_POINT('',(-0.020688708240918,-0.0694795694136393,0.004));
#5608=CARTESIAN_POINT('',(-0.016161291759082,-0.0679704305863607,0.004));
#5609=CARTESIAN_POINT('',(-0.0125,-0.067,0.004));
#5610=CARTESIAN_POINT('',(-0.0125,-0.067,0.));
#5611=CARTESIAN_POINT('',(-0.0107961825489721,-0.0645307883659814,0.));
#5612=CARTESIAN_POINT('',(-0.0154345866817971,-0.0676230577878648,0.));
#5613=CARTESIAN_POINT('',(-0.0107961825489721,-0.0645307883659814,0.004));
#5614=CARTESIAN_POINT('',(-0.0154345866817971,-0.0676230577878648,0.004));
#5615=CARTESIAN_POINT('',(-0.006,-0.0605,0.004));
#5616=CARTESIAN_POINT('',(-0.006,-0.0605,0.));
#5617=CARTESIAN_POINT('',(-0.00537694221213523,-0.0575654133182029,0.));
#5618=CARTESIAN_POINT('',(-0.00846921163401858,-0.0622038174510279,0.));
#5619=CARTESIAN_POINT('',(-0.00537694221213523,-0.0575654133182029,0.004));
#5620=CARTESIAN_POINT('',(-0.00846921163401858,-0.0622038174510279,0.004));
#5621=CARTESIAN_POINT('',(-0.006,-0.054,0.004));
#5622=CARTESIAN_POINT('',(-0.006,-0.054,0.));
#5623=CARTESIAN_POINT('',(-0.00352043058636066,-0.052311291759082,0.));
#5624=CARTESIAN_POINT('',(-0.00502956941363931,-0.056838708240918,0.));
#5625=CARTESIAN_POINT('',(-0.00352043058636066,-0.052311291759082,0.004));
#5626=CARTESIAN_POINT('',(-0.00502956941363931,-0.056838708240918,0.004));
#5627=CARTESIAN_POINT('',(-0.006,-0.041,0.004));
#5628=CARTESIAN_POINT('',(-0.006,-0.041,0.));
#5629=CARTESIAN_POINT('',(-0.00502956941363929,-0.0381612917590821,0.));
#5630=CARTESIAN_POINT('',(-0.00352043058636064,-0.042688708240918,0.));
#5631=CARTESIAN_POINT('',(-0.00502956941363929,-0.0381612917590821,0.004));
#5632=CARTESIAN_POINT('',(-0.00352043058636064,-0.042688708240918,0.004));
#5633=CARTESIAN_POINT('',(-0.006,-0.0345,0.004));
#5634=CARTESIAN_POINT('',(-0.006,-0.0345,0.));
#5635=CARTESIAN_POINT('',(-0.00846921163401856,-0.0327961825489721,0.));
#5636=CARTESIAN_POINT('',(-0.0053769422121352,-0.0374345866817972,0.));
#5637=CARTESIAN_POINT('',(-0.00846921163401856,-0.0327961825489721,0.004));
#5638=CARTESIAN_POINT('',(-0.0053769422121352,-0.0374345866817972,0.004));
#5639=CARTESIAN_POINT('',(-0.0125,-0.028,0.004));
#5640=CARTESIAN_POINT('',(-0.0125,-0.028,0.));
#5641=CARTESIAN_POINT('',(-0.0154345866817971,-0.0273769422121353,0.));
#5642=CARTESIAN_POINT('',(-0.010796182548972,-0.0304692116340186,0.));
#5643=CARTESIAN_POINT('',(-0.0154345866817971,-0.0273769422121353,0.004));
#5644=CARTESIAN_POINT('',(-0.010796182548972,-0.0304692116340186,0.004));
#5645=CARTESIAN_POINT('',(-0.019,-0.028,0.004));
#5646=CARTESIAN_POINT('',(-0.019,-0.028,0.));
#5647=CARTESIAN_POINT('',(-0.0206887082409179,-0.0255204305863607,0.));
#5648=CARTESIAN_POINT('',(-0.016161291759082,-0.0270295694136393,0.));
#5649=CARTESIAN_POINT('',(-0.0206887082409179,-0.0255204305863607,0.004));
#5650=CARTESIAN_POINT('',(-0.016161291759082,-0.0270295694136393,0.004));
#5651=CARTESIAN_POINT('',(-0.032,-0.028,0.004));
#5652=CARTESIAN_POINT('',(-0.032,-0.028,0.));
#5653=CARTESIAN_POINT('',(-0.0348387082409179,-0.0270295694136393,0.));
#5654=CARTESIAN_POINT('',(-0.030311291759082,-0.0255204305863607,0.));
#5655=CARTESIAN_POINT('',(-0.0348387082409179,-0.0270295694136393,0.004));
#5656=CARTESIAN_POINT('',(-0.030311291759082,-0.0255204305863607,0.004));
#5657=CARTESIAN_POINT('',(-0.0385,-0.028,0.004));
#5658=CARTESIAN_POINT('',(-0.0385,-0.028,0.));
#5659=CARTESIAN_POINT('',(-0.0402038174510279,-0.0304692116340186,0.));
#5660=CARTESIAN_POINT('',(-0.0355654133182029,-0.0273769422121353,0.));
#5661=CARTESIAN_POINT('',(-0.0402038174510279,-0.0304692116340186,0.004));
#5662=CARTESIAN_POINT('',(-0.0355654133182029,-0.0273769422121353,0.004));
#5663=CARTESIAN_POINT('',(-0.045,-0.0345,0.004));
#5664=CARTESIAN_POINT('',(-0.045,-0.0345,0.));
#5665=CARTESIAN_POINT('',(-0.0456230577878648,-0.0374345866817972,0.));
#5666=CARTESIAN_POINT('',(-0.0425307883659814,-0.0327961825489721,0.));
#5667=CARTESIAN_POINT('',(-0.0456230577878648,-0.0374345866817972,0.004));
#5668=CARTESIAN_POINT('',(-0.0425307883659814,-0.0327961825489721,0.004));
#5669=CARTESIAN_POINT('',(-0.045,-0.041,0.004));
#5670=CARTESIAN_POINT('',(-0.045,-0.041,0.));
#5671=CARTESIAN_POINT('',(-0.0474795694136393,-0.042688708240918,0.));
#5672=CARTESIAN_POINT('',(-0.0459704305863607,-0.0381612917590821,0.));
#5673=CARTESIAN_POINT('',(-0.0474795694136393,-0.042688708240918,0.004));
#5674=CARTESIAN_POINT('',(-0.0459704305863607,-0.0381612917590821,0.004));
#5675=CARTESIAN_POINT('',(-0.045,-0.054,0.004));
#5676=CARTESIAN_POINT('',(-0.045,-0.054,0.));
#5677=CARTESIAN_POINT('',(-0.0459704305863606,-0.056838708240918,0.));
#5678=CARTESIAN_POINT('',(-0.0474795694136393,-0.052311291759082,0.));
#5679=CARTESIAN_POINT('',(-0.0459704305863606,-0.056838708240918,0.004));
#5680=CARTESIAN_POINT('',(-0.0474795694136393,-0.052311291759082,0.004));
#5681=CARTESIAN_POINT('',(-0.045,-0.0605,0.004));
#5682=CARTESIAN_POINT('',(-0.045,-0.0605,0.));
#5683=CARTESIAN_POINT('',(-0.0425307883659813,-0.0622038174510279,0.));
#5684=CARTESIAN_POINT('',(-0.0456230577878647,-0.0575654133182029,0.));
#5685=CARTESIAN_POINT('',(-0.0425307883659813,-0.0622038174510279,0.004));
#5686=CARTESIAN_POINT('',(-0.0456230577878647,-0.0575654133182029,0.004));
#5687=CARTESIAN_POINT('',(-0.0385,-0.067,0.004));
#5688=CARTESIAN_POINT('',(-0.0385,-0.067,0.));
#5689=CARTESIAN_POINT('',(-0.0355654133182029,-0.0676230577878648,0.));
#5690=CARTESIAN_POINT('',(-0.0402038174510278,-0.0645307883659814,0.));
#5691=CARTESIAN_POINT('',(-0.0355654133182029,-0.0676230577878648,0.004));
#5692=CARTESIAN_POINT('',(-0.0402038174510278,-0.0645307883659814,0.004));
#5693=CARTESIAN_POINT('',(-0.032,-0.067,0.004));
#5694=CARTESIAN_POINT('',(-0.032,-0.067,0.));
#5695=CARTESIAN_POINT('',(-0.030311291759082,-0.0694795694136393,0.));
#5696=CARTESIAN_POINT('',(-0.0348387082409179,-0.0679704305863607,0.));
#5697=CARTESIAN_POINT('',(-0.030311291759082,-0.0694795694136393,0.004));
#5698=CARTESIAN_POINT('',(-0.0348387082409179,-0.0679704305863607,0.004));
#5699=CARTESIAN_POINT('',(0.0735,0.073,0.004));
#5700=CARTESIAN_POINT('',(0.0735,0.073,0.00125));
#5701=CARTESIAN_POINT('',(0.076,0.073,0.00125));
#5702=CARTESIAN_POINT('',(0.0735,0.073,0.009));
#5703=CARTESIAN_POINT('',(0.076,0.073,0.009));
#5704=CARTESIAN_POINT('',(-0.073,0.073,0.004));
#5705=CARTESIAN_POINT('',(-0.073,0.073,0.00125));
#5706=CARTESIAN_POINT('',(-0.0705,0.073,0.00125));
#5707=CARTESIAN_POINT('',(-0.073,0.073,0.009));
#5708=CARTESIAN_POINT('',(-0.0705,0.073,0.009));
#5709=CARTESIAN_POINT('',(-0.073,-0.0735,0.004));
#5710=CARTESIAN_POINT('',(-0.073,-0.0735,0.00125));
#5711=CARTESIAN_POINT('',(-0.0705,-0.0735,0.00125));
#5712=CARTESIAN_POINT('',(-0.019,-0.067,0.004));
#5713=CARTESIAN_POINT('',(-0.019,-0.067,0.));
#5714=CARTESIAN_POINT('',(-0.0255000000000004,-0.0474999999999993,0.004));
#5715=CARTESIAN_POINT('',(-0.0255000000000004,-0.0474999999999993,0.));
#5716=CARTESIAN_POINT('',(-0.0255,-0.0475,0.004));
#5717=CARTESIAN_POINT('',(-0.0255,-0.0475,0.));
#5718=CARTESIAN_POINT('',(-0.0255,-0.0475,0.004));
#5719=CARTESIAN_POINT('',(-0.0255,-0.0475,0.));
#5720=CARTESIAN_POINT('',(-0.0255,-0.0475,0.004));
#5721=CARTESIAN_POINT('',(-0.0255,-0.0475,0.));
#5722=CARTESIAN_POINT('',(-0.0255,-0.0475,0.004));
#5723=CARTESIAN_POINT('',(-0.0255,-0.0475,0.));
#5724=CARTESIAN_POINT('',(-0.0255,-0.0475,0.004));
#5725=CARTESIAN_POINT('',(-0.0255,-0.0475,0.));
#5726=CARTESIAN_POINT('',(-0.0255,-0.0475,0.004));
#5727=CARTESIAN_POINT('',(-0.0255,-0.0475,0.));
#5728=CARTESIAN_POINT('',(-0.0255,-0.0475,0.004));
#5729=CARTESIAN_POINT('',(-0.0255,-0.0475,0.));
#5730=CARTESIAN_POINT('',(-0.0255,-0.0475,0.004));
#5731=CARTESIAN_POINT('',(-0.0255,-0.0475,0.));
#5732=CARTESIAN_POINT('',(-0.0255,-0.0475,0.004));
#5733=CARTESIAN_POINT('',(-0.0255,-0.0475,0.));
#5734=CARTESIAN_POINT('',(-0.0255000000000003,-0.0475,0.004));
#5735=CARTESIAN_POINT('',(-0.0255000000000003,-0.0475,0.));
#5736=CARTESIAN_POINT('',(-0.0255,-0.0475,0.004));
#5737=CARTESIAN_POINT('',(-0.0255,-0.0475,0.));
#5738=CARTESIAN_POINT('',(-0.0254999999999994,-0.0475,0.004));
#5739=CARTESIAN_POINT('',(-0.0254999999999994,-0.0475,0.));
#5740=CARTESIAN_POINT('',(-0.0254999999999996,-0.0474999999999992,0.004));
#5741=CARTESIAN_POINT('',(-0.0254999999999996,-0.0474999999999992,0.));
#5742=CARTESIAN_POINT('',(-0.0255,-0.047499999999999,0.004));
#5743=CARTESIAN_POINT('',(-0.0255,-0.047499999999999,0.));
#5744=CARTESIAN_POINT('',(-0.045,-0.0475,0.004));
#5745=CARTESIAN_POINT('',(-0.045,-0.0475,0.));
#5746=CARTESIAN_POINT('',(-0.042,-0.0475,0.));
#5747=CARTESIAN_POINT('',(-0.0385,-0.0605,0.004));
#5748=CARTESIAN_POINT('',(-0.0385,-0.0605,0.));
#5749=CARTESIAN_POINT('',(-0.0355,-0.0605,0.));
#5750=CARTESIAN_POINT('',(-0.0385,-0.054,0.004));
#5751=CARTESIAN_POINT('',(-0.0385,-0.054,0.));
#5752=CARTESIAN_POINT('',(-0.0355,-0.054,0.));
#5753=CARTESIAN_POINT('',(-0.0385,-0.0475,0.004));
#5754=CARTESIAN_POINT('',(-0.0385,-0.0475,0.));
#5755=CARTESIAN_POINT('',(-0.0355,-0.0475,0.));
#5756=CARTESIAN_POINT('',(-0.0385,-0.041,0.004));
#5757=CARTESIAN_POINT('',(-0.0385,-0.041,0.));
#5758=CARTESIAN_POINT('',(-0.0355,-0.041,0.));
#5759=CARTESIAN_POINT('',(-0.0385,-0.0345,0.004));
#5760=CARTESIAN_POINT('',(-0.0385,-0.0345,0.));
#5761=CARTESIAN_POINT('',(-0.0355,-0.0345,0.));
#5762=CARTESIAN_POINT('',(-0.032,-0.0605,0.004));
#5763=CARTESIAN_POINT('',(-0.032,-0.0605,0.));
#5764=CARTESIAN_POINT('',(-0.029,-0.0605,0.));
#5765=CARTESIAN_POINT('',(-0.032,-0.054,0.004));
#5766=CARTESIAN_POINT('',(-0.032,-0.054,0.));
#5767=CARTESIAN_POINT('',(-0.029,-0.054,0.));
#5768=CARTESIAN_POINT('',(-0.032,-0.0475,0.004));
#5769=CARTESIAN_POINT('',(-0.032,-0.0475,0.));
#5770=CARTESIAN_POINT('',(-0.029,-0.0475,0.));
#5771=CARTESIAN_POINT('',(-0.032,-0.041,0.004));
#5772=CARTESIAN_POINT('',(-0.032,-0.041,0.));
#5773=CARTESIAN_POINT('',(-0.029,-0.041,0.));
#5774=CARTESIAN_POINT('',(-0.032,-0.0345,0.004));
#5775=CARTESIAN_POINT('',(-0.032,-0.0345,0.));
#5776=CARTESIAN_POINT('',(-0.029,-0.0345,0.));
#5777=CARTESIAN_POINT('',(-0.0255,-0.067,0.004));
#5778=CARTESIAN_POINT('',(-0.0255,-0.067,0.));
#5779=CARTESIAN_POINT('',(-0.0225,-0.067,0.));
#5780=CARTESIAN_POINT('',(-0.0255,-0.0605,0.004));
#5781=CARTESIAN_POINT('',(-0.0255,-0.0605,0.));
#5782=CARTESIAN_POINT('',(-0.0225,-0.0605,0.));
#5783=CARTESIAN_POINT('',(-0.0255,-0.054,0.004));
#5784=CARTESIAN_POINT('',(-0.0255,-0.054,0.));
#5785=CARTESIAN_POINT('',(-0.0225,-0.054,0.));
#5786=CARTESIAN_POINT('',(-0.0255,-0.0475,0.004));
#5787=CARTESIAN_POINT('',(-0.0255,-0.0475,0.));
#5788=CARTESIAN_POINT('',(-0.0225,-0.0475,0.));
#5789=CARTESIAN_POINT('',(-0.0255,-0.041,0.004));
#5790=CARTESIAN_POINT('',(-0.0255,-0.041,0.));
#5791=CARTESIAN_POINT('',(-0.0225,-0.041,0.));
#5792=CARTESIAN_POINT('',(-0.0255,-0.0345,0.004));
#5793=CARTESIAN_POINT('',(-0.0255,-0.0345,0.));
#5794=CARTESIAN_POINT('',(-0.0225,-0.0345,0.));
#5795=CARTESIAN_POINT('',(-0.0255,-0.028,0.004));
#5796=CARTESIAN_POINT('',(-0.0255,-0.028,0.));
#5797=CARTESIAN_POINT('',(-0.0225,-0.028,0.));
#5798=CARTESIAN_POINT('',(-0.019,-0.0605,0.004));
#5799=CARTESIAN_POINT('',(-0.019,-0.0605,0.));
#5800=CARTESIAN_POINT('',(-0.016,-0.0605,0.));
#5801=CARTESIAN_POINT('',(-0.019,-0.054,0.004));
#5802=CARTESIAN_POINT('',(-0.019,-0.054,0.));
#5803=CARTESIAN_POINT('',(-0.016,-0.054,0.));
#5804=CARTESIAN_POINT('',(-0.019,-0.0475,0.004));
#5805=CARTESIAN_POINT('',(-0.019,-0.0475,0.));
#5806=CARTESIAN_POINT('',(-0.016,-0.0475,0.));
#5807=CARTESIAN_POINT('',(-0.019,-0.041,0.004));
#5808=CARTESIAN_POINT('',(-0.019,-0.041,0.));
#5809=CARTESIAN_POINT('',(-0.016,-0.041,0.));
#5810=CARTESIAN_POINT('',(-0.019,-0.0345,0.004));
#5811=CARTESIAN_POINT('',(-0.019,-0.0345,0.));
#5812=CARTESIAN_POINT('',(-0.016,-0.0345,0.));
#5813=CARTESIAN_POINT('',(-0.0125,-0.0605,0.004));
#5814=CARTESIAN_POINT('',(-0.0125,-0.0605,0.));
#5815=CARTESIAN_POINT('',(-0.0095,-0.0605,0.));
#5816=CARTESIAN_POINT('',(-0.0125,-0.054,0.004));
#5817=CARTESIAN_POINT('',(-0.0125,-0.054,0.));
#5818=CARTESIAN_POINT('',(-0.0095,-0.054,0.));
#5819=CARTESIAN_POINT('',(-0.0125,-0.0475,0.004));
#5820=CARTESIAN_POINT('',(-0.0125,-0.0475,0.));
#5821=CARTESIAN_POINT('',(-0.0095,-0.0475,0.));
#5822=CARTESIAN_POINT('',(-0.0125,-0.041,0.004));
#5823=CARTESIAN_POINT('',(-0.0125,-0.041,0.));
#5824=CARTESIAN_POINT('',(-0.0095,-0.041,0.));
#5825=CARTESIAN_POINT('',(-0.0125,-0.0345,0.004));
#5826=CARTESIAN_POINT('',(-0.0125,-0.0345,0.));
#5827=CARTESIAN_POINT('',(-0.0095,-0.0345,0.));
#5828=CARTESIAN_POINT('',(-0.006,-0.0475,0.004));
#5829=CARTESIAN_POINT('',(-0.006,-0.0475,0.));
#5830=CARTESIAN_POINT('',(-0.003,-0.0475,0.));
#5831=CARTESIAN_POINT('',(0.0735,-0.0735,0.004));
#5832=CARTESIAN_POINT('',(0.0735,-0.0735,0.00125));
#5833=CARTESIAN_POINT('',(0.076,-0.0735,0.00125));
#5834=CARTESIAN_POINT('',(0.0735,-0.0735,0.009));
#5835=CARTESIAN_POINT('',(0.076,-0.0735,0.009));
#5836=CARTESIAN_POINT('',(1.38777878078145E-17,0.,0.));
#5837=CARTESIAN_POINT('',(0.0735,-0.0735,0.));
#5838=CARTESIAN_POINT('',(0.07725,-0.0735,0.));
#5839=CARTESIAN_POINT('',(0.0735,0.073,0.));
#5840=CARTESIAN_POINT('',(0.07725,0.073,0.));
#5841=CARTESIAN_POINT('',(-0.073,0.073,0.));
#5842=CARTESIAN_POINT('',(-0.06925,0.073,0.));
#5843=CARTESIAN_POINT('',(-0.073,-0.0735,0.));
#5844=CARTESIAN_POINT('',(-0.06925,-0.0735,0.));
#5845=CARTESIAN_POINT('',(6.68809050979011E-19,0.079,0.));
#5846=CARTESIAN_POINT('',(-0.079,0.079,0.));
#5847=CARTESIAN_POINT('',(0.079,0.079,0.));
#5848=CARTESIAN_POINT('',(0.079,-6.60448937841772E-18,0.));
#5849=CARTESIAN_POINT('',(0.079,-0.079,0.));
#5850=CARTESIAN_POINT('',(-0.083,-0.079,0.));
#5851=CARTESIAN_POINT('',(-0.079,-0.079,0.));
#5852=CARTESIAN_POINT('',(-0.079,0.083,0.));
#5853=CARTESIAN_POINT('',(0.00285265396141695,0.0721072868039627,0.));
#5854=CARTESIAN_POINT('',(0.0028530860046492,0.0728846159206326,0.));
#5855=CARTESIAN_POINT('',(0.00278103546956147,0.0735994946557698,0.));
#5856=CARTESIAN_POINT('',(0.00263650235615377,0.0742519230093744,0.));
#5857=CARTESIAN_POINT('',(0.00285265396141695,0.0721072868039627,0.));
#5858=CARTESIAN_POINT('',(0.00263650235615377,0.0742519230093744,0.));
#5859=CARTESIAN_POINT('',(0.00263650235615377,0.0742519230093744,0.));
#5860=CARTESIAN_POINT('',(0.00257730403095174,0.0745177014891536,0.));
#5861=CARTESIAN_POINT('',(0.00246905815223446,0.0749401083760321,0.));
#5862=CARTESIAN_POINT('',(0.00231096547862084,0.0754678942162802,0.));
#5863=CARTESIAN_POINT('',(0.00222173881904672,0.0757470973248539,0.));
#5864=CARTESIAN_POINT('',(0.00217134600119763,0.0759006987110722,0.));
#5865=CARTESIAN_POINT('',(0.00212397760466705,0.0760420049626636,0.));
#5866=CARTESIAN_POINT('',(0.00210747347666417,0.0760902951966558,0.));
#5867=CARTESIAN_POINT('',(0.00207114110439956,0.0761960041540318,0.));
#5868=CARTESIAN_POINT('',(0.00200549962879113,0.0763835216068243,0.));
#5869=CARTESIAN_POINT('',(0.00184074962257797,0.0768438492725478,0.));
#5870=CARTESIAN_POINT('',(0.00165002643468676,0.0773611975149064,0.));
#5871=CARTESIAN_POINT('',(0.00150000000000001,0.0777632698070847,0.));
#5872=CARTESIAN_POINT('',(0.0015,0.0777632698070847,0.));
#5873=CARTESIAN_POINT('',(2.03788851429021E-17,0.0777632698070847,0.));
#5874=CARTESIAN_POINT('',(-0.02325,0.0777632698070847,0.));
#5875=CARTESIAN_POINT('',(-0.02325,0.0777632698070847,0.));
#5876=CARTESIAN_POINT('',(-0.0233999409656232,0.0773614265728211,0.));
#5877=CARTESIAN_POINT('',(-0.0235906010517807,0.0768442470077086,0.));
#5878=CARTESIAN_POINT('',(-0.0237553861172268,0.076383826400257,0.));
#5879=CARTESIAN_POINT('',(-0.0238210775422675,0.0761961736836418,0.));
#5880=CARTESIAN_POINT('',(-0.0238574394693426,0.0760903877718019,0.));
#5881=CARTESIAN_POINT('',(-0.0238739895210769,0.0760419675401239,0.));
#5882=CARTESIAN_POINT('',(-0.0239213323428797,0.0759007558260846,0.));
#5883=CARTESIAN_POINT('',(-0.0239717182984584,0.0757471918503546,0.));
#5884=CARTESIAN_POINT('',(-0.0240609259115284,0.0754680701542216,0.));
#5885=CARTESIAN_POINT('',(-0.0242190080769653,0.0749403344730795,0.));
#5886=CARTESIAN_POINT('',(-0.0243272748650222,0.0745178324333377,0.));
#5887=CARTESIAN_POINT('',(-0.0243865023561537,0.0742519230093744,0.));
#5888=CARTESIAN_POINT('',(-0.0243865023561537,0.0742519230093744,0.));
#5889=CARTESIAN_POINT('',(-0.0243865023561537,0.0742519230093744,0.));
#5890=CARTESIAN_POINT('',(-0.0245310354695614,0.0735994946557698,0.));
#5891=CARTESIAN_POINT('',(-0.0246030860046492,0.0728846159206326,0.));
#5892=CARTESIAN_POINT('',(-0.0246026539614169,0.0721072868039627,0.));
#5893=CARTESIAN_POINT('',(-0.0246026539614169,0.0721072868039627,0.));
#5894=CARTESIAN_POINT('',(-0.024602653961417,2.05680970593753E-18,0.));
#5895=CARTESIAN_POINT('',(-0.0246026539614169,0.0545644604029842,0.));
#5896=CARTESIAN_POINT('',(-0.0246026539614169,0.0545644604029842,0.));
#5897=CARTESIAN_POINT('',(-0.0246051465315764,0.0527658671140414,0.));
#5898=CARTESIAN_POINT('',(-0.0240917718146017,0.0491788028600416,0.));
#5899=CARTESIAN_POINT('',(-0.0228656201188334,0.0476784671022286,0.));
#5900=CARTESIAN_POINT('',(-0.02225,0.0476857603985322,0.));
#5901=CARTESIAN_POINT('',(-0.02225,0.0476857603985322,0.));
#5902=CARTESIAN_POINT('',(1.78643713274838E-17,0.0476857603985322,0.));
#5903=CARTESIAN_POINT('',(0.000500000000000006,0.0476857603985322,0.));
#5904=CARTESIAN_POINT('',(0.000500000000000006,0.0476857603985322,0.));
#5905=CARTESIAN_POINT('',(0.00111503878865682,0.0476784739892894,0.));
#5906=CARTESIAN_POINT('',(0.00234206177303605,0.0491793093251472,0.));
#5907=CARTESIAN_POINT('',(0.00285514794488436,0.0527648472967694,0.));
#5908=CARTESIAN_POINT('',(0.00285265396141694,0.0545644604029842,0.));
#5909=CARTESIAN_POINT('',(0.00285265396141695,0.0545644604029842,0.));
#5910=CARTESIAN_POINT('',(0.00285265396141695,0.0730761955998369,0.));
#5911=CARTESIAN_POINT('',(-0.025897346038583,0.0721072868039627,0.));
#5912=CARTESIAN_POINT('',(-0.0258969139953508,0.0728846159206326,0.));
#5913=CARTESIAN_POINT('',(-0.0259689645304385,0.0735994946557698,0.));
#5914=CARTESIAN_POINT('',(-0.0261134976438462,0.0742519230093744,0.));
#5915=CARTESIAN_POINT('',(-0.0258973460385831,0.0721072868039627,0.));
#5916=CARTESIAN_POINT('',(-0.0261134976438462,0.0742519230093744,0.));
#5917=CARTESIAN_POINT('',(-0.0261134976438462,0.0742519230093744,0.));
#5918=CARTESIAN_POINT('',(-0.0261726959690524,0.0745177014891724,0.));
#5919=CARTESIAN_POINT('',(-0.0262809418477727,0.0749401083760646,0.));
#5920=CARTESIAN_POINT('',(-0.0264390345213849,0.0754678942163055,0.));
#5921=CARTESIAN_POINT('',(-0.0265282611809562,0.0757470973248675,0.));
#5922=CARTESIAN_POINT('',(-0.0265786539988043,0.0759006987110804,0.));
#5923=CARTESIAN_POINT('',(-0.0266260223953312,0.0760420049626582,0.));
#5924=CARTESIAN_POINT('',(-0.0266425265233407,0.0760902951966691,0.));
#5925=CARTESIAN_POINT('',(-0.0266788588956096,0.0761960041540561,0.));
#5926=CARTESIAN_POINT('',(-0.0267445003712252,0.0763835216068681,0.));
#5927=CARTESIAN_POINT('',(-0.0269092503774434,0.0768438492726049,0.));
#5928=CARTESIAN_POINT('',(-0.0270999735653255,0.0773611975149393,0.));
#5929=CARTESIAN_POINT('',(-0.02725,0.0777632698070847,0.));
#5930=CARTESIAN_POINT('',(-0.02725,0.0777632698070847,0.));
#5931=CARTESIAN_POINT('',(2.03788851429021E-17,0.0777632698070847,0.));
#5932=CARTESIAN_POINT('',(-0.052,0.0777632698070847,0.));
#5933=CARTESIAN_POINT('',(-0.052,0.0777632698070847,0.));
#5934=CARTESIAN_POINT('',(-0.0521499409656355,0.0773614265727881,0.));
#5935=CARTESIAN_POINT('',(-0.052340601051802,0.0768442470076514,0.));
#5936=CARTESIAN_POINT('',(-0.0525053861172431,0.0763838264002131,0.));
#5937=CARTESIAN_POINT('',(-0.0525710775422766,0.0761961736836174,0.));
#5938=CARTESIAN_POINT('',(-0.0526074394693474,0.0760903877717885,0.));
#5939=CARTESIAN_POINT('',(-0.0526239895210751,0.0760419675401293,0.));
#5940=CARTESIAN_POINT('',(-0.0526713323428816,0.0759007558260764,0.));
#5941=CARTESIAN_POINT('',(-0.0527217182984613,0.0757471918503411,0.));
#5942=CARTESIAN_POINT('',(-0.0528109259115341,0.0754680701541964,0.));
#5943=CARTESIAN_POINT('',(-0.0529690080769725,0.0749403344730472,0.));
#5944=CARTESIAN_POINT('',(-0.0530772748650265,0.074517832433319,0.));
#5945=CARTESIAN_POINT('',(-0.0531365023561538,0.0742519230093744,0.));
#5946=CARTESIAN_POINT('',(-0.0531365023561537,0.0742519230093744,0.));
#5947=CARTESIAN_POINT('',(-0.0531365023561538,0.0742519230093744,0.));
#5948=CARTESIAN_POINT('',(-0.0532810354695615,0.0735994946557699,0.));
#5949=CARTESIAN_POINT('',(-0.0533530860046491,0.0728846159206326,0.));
#5950=CARTESIAN_POINT('',(-0.0533526539614169,0.0721072868039627,0.));
#5951=CARTESIAN_POINT('',(-0.0533526539614169,0.0721072868039627,0.));
#5952=CARTESIAN_POINT('',(-0.0533526539614169,4.46034223289335E-18,0.));
#5953=CARTESIAN_POINT('',(-0.0533526539614169,0.0545644604029842,0.));
#5954=CARTESIAN_POINT('',(-0.0533526539614169,0.0545644604029842,0.));
#5955=CARTESIAN_POINT('',(-0.0533551465315764,0.0527658671141097,0.));
#5956=CARTESIAN_POINT('',(-0.0528417718146013,0.0491788028600075,0.));
#5957=CARTESIAN_POINT('',(-0.0516156201188342,0.0476784671022286,0.));
#5958=CARTESIAN_POINT('',(-0.051,0.0476857603985322,0.));
#5959=CARTESIAN_POINT('',(-0.051,0.0476857603985322,0.));
#5960=CARTESIAN_POINT('',(1.78643713274838E-17,0.0476857603985322,0.));
#5961=CARTESIAN_POINT('',(-0.02825,0.0476857603985322,0.));
#5962=CARTESIAN_POINT('',(-0.02825,0.0476857603985322,0.));
#5963=CARTESIAN_POINT('',(-0.0276349612113495,0.0476784739892895,0.));
#5964=CARTESIAN_POINT('',(-0.0264079382269608,0.0491793093251381,0.));
#5965=CARTESIAN_POINT('',(-0.0258948520551156,0.0527648472967874,0.));
#5966=CARTESIAN_POINT('',(-0.025897346038583,0.0545644604029842,0.));
#5967=CARTESIAN_POINT('',(-0.0258973460385831,0.0545644604029842,0.));
#5968=CARTESIAN_POINT('',(-0.0258973460385831,0.0730761955998369,0.));
#5969=CARTESIAN_POINT('',(0.0025,0.0526464419346357,0.0085));
#5970=CARTESIAN_POINT('',(0.0025,0.0416083388480275,0.0125175409662873));
#5971=CARTESIAN_POINT('',(0.0015,0.0416083388480275,0.0125175409662873));
#5972=CARTESIAN_POINT('',(-0.02325,0.0416083388480275,0.0125175409662873));
#5973=CARTESIAN_POINT('',(-0.02325,0.074343068373828,0.000603073792140917));
#5974=CARTESIAN_POINT('',(-0.02325,0.074343068373828,0.00060307379214092));
#5975=CARTESIAN_POINT('',(0.0025,0.074343068373828,0.00060307379214092));
#5976=CARTESIAN_POINT('',(0.0015,0.074343068373828,0.00060307379214092));
#5977=CARTESIAN_POINT('',(0.0015,0.0526464419346357,0.0085));
#5978=CARTESIAN_POINT('',(0.0025,0.0328464419346358,0.013));
#5979=CARTESIAN_POINT('',(-0.02425,0.0264100903221816,0.013));
#5980=CARTESIAN_POINT('',(0.0015,0.0264100903221816,0.013));
#5981=CARTESIAN_POINT('',(-0.02325,0.0264100903221816,0.013));
#5982=CARTESIAN_POINT('',(-0.02325,0.0328464419346358,0.013));
#5983=CARTESIAN_POINT('',(-0.02325,0.0388721777014222,0.013));
#5984=CARTESIAN_POINT('',(0.0025,0.0388721777014222,0.013));
#5985=CARTESIAN_POINT('',(0.0015,0.0388721777014222,0.013));
#5986=CARTESIAN_POINT('',(0.0015,0.0264100903221816,0.013));
#5987=CARTESIAN_POINT('',(0.0025,0.0254100903221816,0.014));
#5988=CARTESIAN_POINT('',(-0.02625,0.0254100903221816,0.0085));
#5989=CARTESIAN_POINT('',(-0.02625,0.0254100903221816,0.006));
#5990=CARTESIAN_POINT('',(-0.02625,0.0254100903221816,0.014));
#5991=CARTESIAN_POINT('',(0.0025,0.0254100903221816,0.006));
#5992=CARTESIAN_POINT('',(-0.02425,0.0254100903221816,0.006));
#5993=CARTESIAN_POINT('',(-0.02425,0.0254100903221816,0.0085));
#5994=CARTESIAN_POINT('',(-0.02425,0.0254100903221816,0.014));
#5995=CARTESIAN_POINT('',(0.0025,0.0254100903221816,0.014));
#5996=CARTESIAN_POINT('',(0.0015,0.0254100903221816,0.014));
#5997=CARTESIAN_POINT('',(0.0015,0.0254100903221816,0.0125857864376269));
#5998=CARTESIAN_POINT('',(0.0025,0.0254100903221816,0.0125857864376269));
#5999=CARTESIAN_POINT('',(0.0025,0.0254100903221816,0.0085));
#6000=CARTESIAN_POINT('',(0.0025,0.0254100903221816,0.006));
#6001=CARTESIAN_POINT('',(0.0025,0.0254100903221816,0.006));
#6002=CARTESIAN_POINT('',(0.005,0.0254100903221816,0.006));
#6003=CARTESIAN_POINT('',(0.005,0.0254100903221816,0.0085));
#6004=CARTESIAN_POINT('',(0.005,0.0254100903221816,0.013));
#6005=CARTESIAN_POINT('',(0.003,0.0254100903221816,0.013));
#6006=CARTESIAN_POINT('',(0.003,0.0254100903221816,0.015));
#6007=CARTESIAN_POINT('',(0.0025,0.0254100903221816,0.015));
#6008=CARTESIAN_POINT('',(-0.0535,0.0254100903221816,0.015));
#6009=CARTESIAN_POINT('',(-0.0535,0.0254100903221816,0.013));
#6010=CARTESIAN_POINT('',(-0.0555,0.0254100903221816,0.013));
#6011=CARTESIAN_POINT('',(-0.0555,0.0254100903221816,0.0085));
#6012=CARTESIAN_POINT('',(-0.0555,0.0254100903221816,0.006));
#6013=CARTESIAN_POINT('',(0.0025,0.0254100903221816,0.006));
#6014=CARTESIAN_POINT('',(-0.053,0.0254100903221816,0.006));
#6015=CARTESIAN_POINT('',(-0.053,0.0254100903221816,0.0085));
#6016=CARTESIAN_POINT('',(-0.053,0.0254100903221816,0.0125857864376269));
#6017=CARTESIAN_POINT('',(-0.052,0.0254100903221816,0.0125857864376269));
#6018=CARTESIAN_POINT('',(-0.052,0.0254100903221816,0.014));
#6019=CARTESIAN_POINT('',(-0.02625,0.0254100903221816,0.014));
#6020=CARTESIAN_POINT('',(0.0025,0.0330227689153442,0.015));
#6021=CARTESIAN_POINT('',(0.0025,0.0388721777014222,0.015));
#6022=CARTESIAN_POINT('',(0.003,0.0388721777014222,0.015));
#6023=CARTESIAN_POINT('',(-0.0535,0.0388721777014222,0.015));
#6024=CARTESIAN_POINT('',(-0.0535,0.0254100903221816,0.015));
#6025=CARTESIAN_POINT('',(0.003,0.0330227689153442,0.015));
#6026=CARTESIAN_POINT('',(0.0025,0.0557465733155073,0.0095));
#6027=CARTESIAN_POINT('',(0.0025,0.0422923791346789,0.0143969262078591));
#6028=CARTESIAN_POINT('',(-0.0535,0.0422923791346789,0.0143969262078591));
#6029=CARTESIAN_POINT('',(0.003,0.0422923791346789,0.0143969262078591));
#6030=CARTESIAN_POINT('',(0.003,0.0557465733155073,0.0095));
#6031=CARTESIAN_POINT('',(0.003,0.0705263127972733,0.00412061475842818));
#6032=CARTESIAN_POINT('',(0.00202513070236328,0.0708576991225077,0.004));
#6033=CARTESIAN_POINT('',(0.00238176712660581,0.0708576991225077,0.00400000000000001));
#6034=CARTESIAN_POINT('',(0.00275024202935737,0.0707589776938867,0.00403593166150228));
#6035=CARTESIAN_POINT('',(0.003,0.0705263127972733,0.00412061475842818));
#6036=CARTESIAN_POINT('',(-0.0525251307023633,0.0708576991225077,0.004));
#6037=CARTESIAN_POINT('',(-0.0528818875767938,0.0708576991225077,0.004));
#6038=CARTESIAN_POINT('',(-0.0532503745068347,0.070758854282849,0.00403597657944657));
#6039=CARTESIAN_POINT('',(-0.0535,0.0705263127972733,0.00412061475842819));
#6040=CARTESIAN_POINT('',(-0.0535,0.0705263127972733,0.00412061475842819));
#6041=CARTESIAN_POINT('',(-0.0535,0.0422923791346789,0.0143969262078591));
#6042=CARTESIAN_POINT('',(-0.0555,4.63986279116688E-18,0.0075));
#6043=CARTESIAN_POINT('',(-0.0555,0.0388721777014222,0.013));
#6044=CARTESIAN_POINT('',(-0.0555,0.0388721777014222,0.013));
#6045=CARTESIAN_POINT('',(-0.0555,0.0388721777014222,0.005));
#6046=CARTESIAN_POINT('',(-0.0555,0.0416083388480276,0.0125175409662873));
#6047=CARTESIAN_POINT('',(-0.0555,0.0701736588358564,0.00212061475842818));
#6048=CARTESIAN_POINT('',(-0.0555,0.0595151354832723,0.006));
#6049=CARTESIAN_POINT('',(-0.0555,0.0254100903221816,0.006));
#6050=CARTESIAN_POINT('',(-0.053,4.43085996273594E-18,0.0075));
#6051=CARTESIAN_POINT('',(-0.053,0.0503698006851836,0.00187938524157182));
#6052=CARTESIAN_POINT('',(-0.053,0.0390485046821307,0.006));
#6053=CARTESIAN_POINT('',(-0.053,0.0545644604029842,0.000352653961416925));
#6054=CARTESIAN_POINT('',(-0.053,4.43085996273594E-18,0.000352653961416925));
#6055=CARTESIAN_POINT('',(-0.053,0.0721072868039627,0.000352653961416918));
#6056=CARTESIAN_POINT('',(-0.053,0.0412663187047019,0.0115778483455014));
#6057=CARTESIAN_POINT('',(-0.053,0.0412663187047019,0.0115778483455014));
#6058=CARTESIAN_POINT('',(-0.053,0.0388721777014222,0.005));
#6059=CARTESIAN_POINT('',(-0.053,0.0388721777014222,0.012));
#6060=CARTESIAN_POINT('',(-0.053,4.43085996273594E-18,0.012));
#6061=CARTESIAN_POINT('',(-0.053,0.0259958767598084,0.012));
#6062=CARTESIAN_POINT('',(-0.053,0.0152479383799042,0.0227479383799042));
#6063=CARTESIAN_POINT('',(-0.053,4.43085996273594E-18,0.006));
#6064=CARTESIAN_POINT('',(0.005,-4.18005656861881E-19,0.0075));
#6065=CARTESIAN_POINT('',(0.005,0.0388721777014222,0.005));
#6066=CARTESIAN_POINT('',(0.005,0.0416083388480275,0.0125175409662873));
#6067=CARTESIAN_POINT('',(0.005,0.0388721777014222,0.013));
#6068=CARTESIAN_POINT('',(0.005,-4.18005656861881E-19,0.013));
#6069=CARTESIAN_POINT('',(0.005,-4.18005656861881E-19,0.006));
#6070=CARTESIAN_POINT('',(0.005,0.0595151354832723,0.006));
#6071=CARTESIAN_POINT('',(0.005,0.00647985762515433,0.0253032625063923));
#6072=CARTESIAN_POINT('',(0.0025,-2.09002828430941E-19,0.0075));
#6073=CARTESIAN_POINT('',(0.0025,0.00613783748182866,0.0243635698856064));
#6074=CARTESIAN_POINT('',(0.0025,0.0412663187047019,0.0115778483455014));
#6075=CARTESIAN_POINT('',(0.0025,0.0721072868039628,0.000352653961416902));
#6076=CARTESIAN_POINT('',(0.0025,0.0555333691988584,0.000352653961416926));
#6077=CARTESIAN_POINT('',(0.0025,0.0545644604029842,0.000352653961416926));
#6078=CARTESIAN_POINT('',(0.0025,0.00408571662187464,0.018725414160891));
#6079=CARTESIAN_POINT('',(0.0025,0.0390485046821307,0.006));
#6080=CARTESIAN_POINT('',(0.0025,0.0254100903221816,0.006));
#6081=CARTESIAN_POINT('',(0.0025,0.025702983540995,0.0122928932188134));
#6082=CARTESIAN_POINT('',(0.0025,0.0259958767598084,0.012));
#6083=CARTESIAN_POINT('',(0.0025,0.0388721777014222,0.012));
#6084=CARTESIAN_POINT('',(0.0025,0.0388721777014222,0.012));
#6085=CARTESIAN_POINT('',(0.0025,0.0388721777014222,0.005));
#6086=CARTESIAN_POINT('',(0.002502,0.044190805559623,0.002));
#6087=CARTESIAN_POINT('',(-0.02825,0.044190805559623,0.002));
#6088=CARTESIAN_POINT('',(-0.02825,0.0478063751569604,0.000684040286651338));
#6089=CARTESIAN_POINT('',(0.002502,0.0478063751569604,0.00068404028665134));
#6090=CARTESIAN_POINT('',(-0.051,0.0478063751569604,0.00068404028665134));
#6091=CARTESIAN_POINT('',(-0.051,0.0386958507207137,0.004));
#6092=CARTESIAN_POINT('',(-0.02625,2.19452969852487E-18,0.0075));
#6093=CARTESIAN_POINT('',(-0.02625,0.00613783748182866,0.0243635698856064));
#6094=CARTESIAN_POINT('',(-0.02625,0.0412663187047019,0.0115778483455014));
#6095=CARTESIAN_POINT('',(-0.02625,0.0721072868039628,0.000352653961416902));
#6096=CARTESIAN_POINT('',(-0.02625,0.0555333691988584,0.000352653961416925));
#6097=CARTESIAN_POINT('',(-0.02625,0.0545644604029842,0.000352653961416926));
#6098=CARTESIAN_POINT('',(-0.02625,0.00408571662187465,0.018725414160891));
#6099=CARTESIAN_POINT('',(-0.02625,0.0390485046821307,0.006));
#6100=CARTESIAN_POINT('',(-0.02625,0.0254100903221816,0.006));
#6101=CARTESIAN_POINT('',(-0.02625,0.0264100903221816,0.013));
#6102=CARTESIAN_POINT('',(-0.02625,0.0274100903221816,0.012));
#6103=CARTESIAN_POINT('',(-0.02625,0.0388721777014222,0.012));
#6104=CARTESIAN_POINT('',(-0.02625,0.0388721777014222,0.012));
#6105=CARTESIAN_POINT('',(-0.02625,0.0388721777014222,0.005));
#6106=CARTESIAN_POINT('',(-0.02425,2.02732743578012E-18,0.0075));
#6107=CARTESIAN_POINT('',(-0.02425,0.0503698006851836,0.00187938524157182));
#6108=CARTESIAN_POINT('',(-0.02425,0.0390485046821307,0.006));
#6109=CARTESIAN_POINT('',(-0.02425,0.0545644604029842,0.000352653961416925));
#6110=CARTESIAN_POINT('',(-0.02425,2.02732743578012E-18,0.000352653961416926));
#6111=CARTESIAN_POINT('',(-0.02425,0.0721072868039627,0.000352653961416916));
#6112=CARTESIAN_POINT('',(-0.02425,0.0412663187047019,0.0115778483455014));
#6113=CARTESIAN_POINT('',(-0.02425,0.0412663187047019,0.0115778483455014));
#6114=CARTESIAN_POINT('',(-0.02425,0.0388721777014222,0.005));
#6115=CARTESIAN_POINT('',(-0.02425,0.0388721777014222,0.012));
#6116=CARTESIAN_POINT('',(-0.02425,2.02732743578012E-18,0.012));
#6117=CARTESIAN_POINT('',(-0.02425,0.0274100903221816,0.012));
#6118=CARTESIAN_POINT('',(-0.02425,0.0159550451610907,0.0234550451610907));
#6119=CARTESIAN_POINT('',(-0.02425,2.02732743578012E-18,0.006));
#6120=CARTESIAN_POINT('',(0.0025,0.0264100903221816,0.013));
#6121=CARTESIAN_POINT('',(0.0015,0.0254100903221816,0.014));
#6122=CARTESIAN_POINT('',(-0.02325,0.0274100903221816,0.012));
#6123=CARTESIAN_POINT('',(0.0025,0.0264100903221816,0.013));
#6124=CARTESIAN_POINT('',(-0.052,0.0264100903221816,0.013));
#6125=CARTESIAN_POINT('',(-0.02725,0.0274100903221816,0.012));
#6126=CARTESIAN_POINT('',(0.0025,0.0388721777014222,0.005));
#6127=CARTESIAN_POINT('',(-0.02325,0.0388721777014222,0.005));
#6128=CARTESIAN_POINT('',(0.0015,0.0388721777014222,0.005));
#6129=CARTESIAN_POINT('',(0.0025,0.0388721777014222,0.005));
#6130=CARTESIAN_POINT('',(-0.02725,0.0388721777014222,0.005));
#6131=CARTESIAN_POINT('',(-0.052,0.0388721777014222,0.005));
#6132=CARTESIAN_POINT('',(2.03788851429021E-17,0.0777632698070847,0.01));
#6133=CARTESIAN_POINT('',(-0.02325,0.0777632698070847,0.01));
#6134=CARTESIAN_POINT('',(0.0015,0.0777632698070847,0.01));
#6135=CARTESIAN_POINT('',(2.03788851429021E-17,0.0777632698070847,0.01));
#6136=CARTESIAN_POINT('',(-0.02725,0.0777632698070847,0.01));
#6137=CARTESIAN_POINT('',(-0.052,0.0777632698070847,0.01));
#6138=CARTESIAN_POINT('',(0.0025,0.0388721777014222,0.005));
#6139=CARTESIAN_POINT('',(-0.0535,0.0388721777014222,0.005));
#6140=CARTESIAN_POINT('',(0.003,0.0388721777014222,0.005));
#6141=CARTESIAN_POINT('',(-0.02825,0.00408571662187465,0.018725414160891));
#6142=CARTESIAN_POINT('',(-0.02625,0.0545644604029842,0.000352653961416917));
#6143=CARTESIAN_POINT('',(-0.02625,0.0542716241185547,0.000367013345274868));
#6144=CARTESIAN_POINT('',(-0.0262612595976302,0.053724241412501,0.00039312192455094));
#6145=CARTESIAN_POINT('',(-0.0262998277239619,0.0530208397800453,0.000427068197823494));
#6146=CARTESIAN_POINT('',(-0.0263419198674103,0.0525283349620609,0.000451645447771324));
#6147=CARTESIAN_POINT('',(-0.0263717144130162,0.0522413635552541,0.000466073459260105));
#6148=CARTESIAN_POINT('',(-0.0263900027619799,0.052081120144592,0.000474050014419315));
#6149=CARTESIAN_POINT('',(-0.0263997163623435,0.0519984951077232,0.000478120970543071));
#6150=CARTESIAN_POINT('',(-0.0264238761106875,0.0518072205553545,0.000487428672476885));
#6151=CARTESIAN_POINT('',(-0.0264528291947668,0.0515969186548831,0.00049765563779522));
#6152=CARTESIAN_POINT('',(-0.0265092027707479,0.0512244862608066,0.000515764404158482));
#6153=CARTESIAN_POINT('',(-0.0265964677546246,0.0507448252491254,0.000539276337741499));
#6154=CARTESIAN_POINT('',(-0.0267149451666049,0.0502200359772692,0.000565408591083702));
#6155=CARTESIAN_POINT('',(-0.026827712721058,0.0497978399303923,0.000586538995895017));
#6156=CARTESIAN_POINT('',(-0.0269889225749247,0.0493032392872654,0.00061031230043236));
#6157=CARTESIAN_POINT('',(-0.027206218286054,0.0487739064023921,0.000635252597250119));
#6158=CARTESIAN_POINT('',(-0.0276228996258969,0.0480445855740483,0.000670112983753272));
#6159=CARTESIAN_POINT('',(-0.0280039429619646,0.0478033472220407,0.000685142364833399));
#6160=CARTESIAN_POINT('',(-0.02825,0.0478063751569604,0.000684040286651338));
#6161=CARTESIAN_POINT('',(-0.02825,0.0390485046821307,0.006));
#6162=CARTESIAN_POINT('',(-0.02825,2.36173196126963E-18,0.006));
#6163=CARTESIAN_POINT('',(-0.02825,0.0234100903221816,0.006));
#6164=CARTESIAN_POINT('',(0.0025,0.0234100903221816,0.006));
#6165=CARTESIAN_POINT('',(-0.02225,0.0234100903221816,0.006));
#6166=CARTESIAN_POINT('',(-0.02225,0.0448748458462744,0.00387938524157182));
#6167=CARTESIAN_POINT('',(-0.02225,0.0478063751569604,0.000684040286651342));
#6168=CARTESIAN_POINT('',(-0.0224960359192537,0.0478033474819248,0.000685142270243348));
#6169=CARTESIAN_POINT('',(-0.0228770629619299,0.0480445762288116,0.000670101672597248));
#6170=CARTESIAN_POINT('',(-0.0232937605605008,0.0487739092375891,0.000635238285917706));
#6171=CARTESIAN_POINT('',(-0.0235110624423522,0.0493032228706045,0.000610303459516285));
#6172=CARTESIAN_POINT('',(-0.0236723022689413,0.0497978906693529,0.0005865376720192));
#6173=CARTESIAN_POINT('',(-0.0237850098561213,0.0502198494380882,0.000565422727502953));
#6174=CARTESIAN_POINT('',(-0.0239034897486511,0.0507446104504687,0.000539287725440307));
#6175=CARTESIAN_POINT('',(-0.0239907662461867,0.0512243034634918,0.000515771091504411));
#6176=CARTESIAN_POINT('',(-0.0240471554050591,0.0515968177395078,0.000497658414129248));
#6177=CARTESIAN_POINT('',(-0.0240761161477147,0.0518071642723716,0.000487430088538216));
#6178=CARTESIAN_POINT('',(-0.0241002868618314,0.0519985205259201,0.000478119870138562));
#6179=CARTESIAN_POINT('',(-0.0241099920829187,0.0520810747547876,0.000474052999975929));
#6180=CARTESIAN_POINT('',(-0.0241282775414541,0.0522412853245767,0.000466078783772442));
#6181=CARTESIAN_POINT('',(-0.024158066737212,0.0525281911264728,0.000451654452033445));
#6182=CARTESIAN_POINT('',(-0.0242001604759363,0.0530206657169477,0.000427077970309044));
#6183=CARTESIAN_POINT('',(-0.0242387362714588,0.053724106195183,0.000393128639918899));
#6184=CARTESIAN_POINT('',(-0.02425,0.0542715701291883,0.000367015992672338));
#6185=CARTESIAN_POINT('',(-0.02425,0.0545644604029842,0.000352653961416924));
#6186=CARTESIAN_POINT('',(-0.02225,0.0390485046821306,0.006));
#6187=CARTESIAN_POINT('',(-0.02225,1.86012517303537E-18,0.006));
#6188=CARTESIAN_POINT('',(-0.0535,0.0330227689153442,0.013));
#6189=CARTESIAN_POINT('',(-0.0535,0.0388721777014222,0.013));
#6190=CARTESIAN_POINT('',(-0.0535,0.0388721777014222,0.005));
#6191=CARTESIAN_POINT('',(-0.0535,0.0416083388480276,0.0125175409662873));
#6192=CARTESIAN_POINT('',(-0.0535,0.0550625330288559,0.00762061475842818));
#6193=CARTESIAN_POINT('',(-0.0535,0.0595151354832723,0.006));
#6194=CARTESIAN_POINT('',(-0.0575,0.0595151354832723,0.004));
#6195=CARTESIAN_POINT('',(-0.0555,0.0595151354832723,0.004));
#6196=CARTESIAN_POINT('',(-0.0555,0.0595151354832723,0.00599999999999999));
#6197=CARTESIAN_POINT('',(-0.0574999999992919,0.0614966246735107,0.004));
#6198=CARTESIAN_POINT('',(-0.0557949404988399,0.0612431697652357,0.00399999999997482));
#6199=CARTESIAN_POINT('',(-0.0555,0.0613807295717796,0.00568158082494919));
#6200=CARTESIAN_POINT('',(-0.0572333344324434,0.0643183062618806,0.004));
#6201=CARTESIAN_POINT('',(-0.055926421142669,0.0639996302844415,0.00400000000000519));
#6202=CARTESIAN_POINT('',(-0.0553666672161421,0.0640373741383025,0.0052281453340741));
#6203=CARTESIAN_POINT('',(-0.0565822837076873,0.0670853792501781,0.004));
#6204=CARTESIAN_POINT('',(-0.0556347595283022,0.0667840472054819,0.0039999999999991));
#6205=CARTESIAN_POINT('',(-0.0550411418538583,0.0666426041011261,0.00478348527608307));
#6206=CARTESIAN_POINT('',(-0.0560482506931498,0.068624416036653,0.004));
#6207=CARTESIAN_POINT('',(-0.0553218096308225,0.068300953047034,0.0040000000000002));
#6208=CARTESIAN_POINT('',(-0.0547741253465725,0.0680916243354879,0.0045361668317766));
#6209=CARTESIAN_POINT('',(-0.0553489110548804,0.0699925055083348,0.004));
#6210=CARTESIAN_POINT('',(-0.0548561129677419,0.0696483308807228,0.00400000000000004));
#6211=CARTESIAN_POINT('',(-0.0544244555274352,0.0693796957736272,0.0043163190914675));
#6212=CARTESIAN_POINT('',(-0.0541981544898751,0.0712941844862066,0.004));
#6213=CARTESIAN_POINT('',(-0.0540340002073851,0.0709334987160832,0.0039999999999995));
#6214=CARTESIAN_POINT('',(-0.053849077244969,0.070605240993912,0.00410714331164788));
#6215=CARTESIAN_POINT('',(-0.0531447613380305,0.0713377503354474,0.004));
#6216=CARTESIAN_POINT('',(-0.0532267769379947,0.0709774919828822,0.00400000000000234));
#6217=CARTESIAN_POINT('',(-0.0533223806688731,0.0706462587252507,0.00410014241521));
#6218=CARTESIAN_POINT('',(-0.0524772943372729,0.0708216323154401,0.004));
#6219=CARTESIAN_POINT('',(-0.0527452344370913,0.070475120148146,0.004));
#6220=CARTESIAN_POINT('',(-0.0529886471686364,0.0701603278747542,0.0041830809818306));
#6221=CARTESIAN_POINT('',(-0.0575,0.0595151354832723,0.006));
#6222=CARTESIAN_POINT('',(-0.0575,4.80706505391163E-18,0.006));
#6223=CARTESIAN_POINT('',(-0.0575,0.0234100903221816,0.006));
#6224=CARTESIAN_POINT('',(0.0025,0.0234100903221816,0.006));
#6225=CARTESIAN_POINT('',(-0.051,0.0234100903221816,0.006));
#6226=CARTESIAN_POINT('',(-0.051,4.26365769999119E-18,0.006));
#6227=CARTESIAN_POINT('',(-0.051,0.0390485046821306,0.006));
#6228=CARTESIAN_POINT('',(-0.051,0.0448748458462744,0.00387938524157182));
#6229=CARTESIAN_POINT('',(-0.051,0.0478063751569604,0.000684040286651342));
#6230=CARTESIAN_POINT('',(-0.051246035919267,0.0478033474819246,0.000685142270243411));
#6231=CARTESIAN_POINT('',(-0.0516270629619524,0.0480445762288138,0.000670101672604484));
#6232=CARTESIAN_POINT('',(-0.0520437605605154,0.0487739092375922,0.000635238285926553));
#6233=CARTESIAN_POINT('',(-0.0522610624423593,0.0493032228706062,0.000610303459522124));
#6234=CARTESIAN_POINT('',(-0.0524223022689409,0.0497978906693536,0.000586537672018979));
#6235=CARTESIAN_POINT('',(-0.0525350098561159,0.0502198494380836,0.000565422727498016));
#6236=CARTESIAN_POINT('',(-0.0526534897486453,0.0507446104504636,0.000539287725433199));
#6237=CARTESIAN_POINT('',(-0.0527407662461825,0.0512243034634854,0.000515771091498338));
#6238=CARTESIAN_POINT('',(-0.0527971554050572,0.0515968177395072,0.000497658414125488));
#6239=CARTESIAN_POINT('',(-0.0528261161477133,0.0518071642723663,0.000487430088536578));
#6240=CARTESIAN_POINT('',(-0.0528502868618333,0.0519985205259353,0.000478119870138042));
#6241=CARTESIAN_POINT('',(-0.0528599920829124,0.0520810747547322,0.000474052999979647));
#6242=CARTESIAN_POINT('',(-0.0528782775414431,0.05224128532447,0.000466078783779652));
#6243=CARTESIAN_POINT('',(-0.0529080667371944,0.0525281911262837,0.000451654452045299));
#6244=CARTESIAN_POINT('',(-0.0529501604759205,0.0530206657167158,0.000427077970322052));
#6245=CARTESIAN_POINT('',(-0.0529887362714533,0.0537241061950036,0.000393128639927804));
#6246=CARTESIAN_POINT('',(-0.053,0.0542715701291165,0.000367015992675853));
#6247=CARTESIAN_POINT('',(-0.053,0.0545644604029842,0.000352653961416924));
#6248=CARTESIAN_POINT('',(0.003,-2.50803394117129E-19,0.013));
#6249=CARTESIAN_POINT('',(0.003,0.0388721777014222,0.013));
#6250=CARTESIAN_POINT('',(0.003,0.0388721777014222,0.005));
#6251=CARTESIAN_POINT('',(0.003,0.0416083388480275,0.0125175409662873));
#6252=CARTESIAN_POINT('',(0.003,0.00647985762515433,0.0253032625063923));
#6253=CARTESIAN_POINT('',(0.003,0.0595151354832723,0.006));
#6254=CARTESIAN_POINT('',(0.00197729433727285,0.0708216323154401,0.004));
#6255=CARTESIAN_POINT('',(0.00224523443709127,0.070475120148146,0.004));
#6256=CARTESIAN_POINT('',(0.00248864716863643,0.0701603278747542,0.00418308098183063));
#6257=CARTESIAN_POINT('',(0.00264476133799901,0.0713377503354474,0.004));
#6258=CARTESIAN_POINT('',(0.00272677693798664,0.0709774919828366,0.00399999999999469));
#6259=CARTESIAN_POINT('',(0.00282238066885602,0.0706462587251905,0.00410014241522713));
#6260=CARTESIAN_POINT('',(0.00369815448988218,0.0712941844862067,0.004));
#6261=CARTESIAN_POINT('',(0.00353400020738637,0.0709334987160938,0.0040000000000012));
#6262=CARTESIAN_POINT('',(0.00334907724497281,0.0706052409939258,0.00410714331164405));
#6263=CARTESIAN_POINT('',(0.00484891105487911,0.0699925055083348,0.004));
#6264=CARTESIAN_POINT('',(0.0043561129677418,0.0696483308807203,0.00399999999999977));
#6265=CARTESIAN_POINT('',(0.00392445552743452,0.0693796957736244,0.00431631909146822));
#6266=CARTESIAN_POINT('',(0.00554825069315016,0.0686244160366532,0.004));
#6267=CARTESIAN_POINT('',(0.00482180963082267,0.0683009530470357,0.00400000000000004));
#6268=CARTESIAN_POINT('',(0.00427412534657271,0.0680916243354894,0.00453616683177652));
#6269=CARTESIAN_POINT('',(0.00608228370768745,0.0670853792501775,0.004));
#6270=CARTESIAN_POINT('',(0.0051347595283014,0.0667840472054784,0.00400000000000008));
#6271=CARTESIAN_POINT('',(0.00454114185385823,0.0666426041011229,0.00478348527608279));
#6272=CARTESIAN_POINT('',(0.00673333443244231,0.0643183062618839,0.004));
#6273=CARTESIAN_POINT('',(0.00542642114267399,0.0639996302844548,0.00399999999999946));
#6274=CARTESIAN_POINT('',(0.00486666721614217,0.0640373741383184,0.00522814533407605));
#6275=CARTESIAN_POINT('',(0.00699999999929707,0.0614966246734962,0.004));
#6276=CARTESIAN_POINT('',(0.00529494049881669,0.061243169765198,0.00400000000000267));
#6277=CARTESIAN_POINT('',(0.00499999999999996,0.0613807295717097,0.0056815808249405));
#6278=CARTESIAN_POINT('',(0.007,0.0595151354832723,0.004));
#6279=CARTESIAN_POINT('',(0.00499999999999999,0.0595151354832722,0.004));
#6280=CARTESIAN_POINT('',(0.005,0.0595151354832722,0.00600000000000002));
#6281=CARTESIAN_POINT('',(0.007,0.0595151354832723,0.006));
#6282=CARTESIAN_POINT('',(0.007,-5.85207919606634E-19,0.006));
#6283=CARTESIAN_POINT('',(0.007,0.0234100903221816,0.006));
#6284=CARTESIAN_POINT('',(1.58348978442783E-17,0.0234100903221816,0.006));
#6285=CARTESIAN_POINT('',(0.0005,0.0234100903221816,0.006));
#6286=CARTESIAN_POINT('',(0.0005,-4.18005656861872E-20,0.006));
#6287=CARTESIAN_POINT('',(0.000500000000000006,0.0390485046821306,0.006));
#6288=CARTESIAN_POINT('',(0.000500000000000006,0.0448748458462744,0.00387938524157182));
#6289=CARTESIAN_POINT('',(0.00250000000000001,0.0545644604029842,0.000352653961416928));
#6290=CARTESIAN_POINT('',(0.00250000000000001,0.0542716241185188,0.000367013345276637));
#6291=CARTESIAN_POINT('',(0.00248874040236704,0.0537242414124111,0.000393121924555408));
#6292=CARTESIAN_POINT('',(0.00245017227603028,0.0530208397799294,0.000427068197830003));
#6293=CARTESIAN_POINT('',(0.00240808013258083,0.0525283349619657,0.000451645447777275));
#6294=CARTESIAN_POINT('',(0.0023782855869784,0.0522413635552015,0.000466073459263675));
#6295=CARTESIAN_POINT('',(0.00235999723801686,0.0520811201445629,0.000474050014421226));
#6296=CARTESIAN_POINT('',(0.00235028363765815,0.051998495107736,0.00047812097054254));
#6297=CARTESIAN_POINT('',(0.0023261238893094,0.0518072205553328,0.00048742867247701));
#6298=CARTESIAN_POINT('',(0.00229717080522719,0.0515969186548463,0.000497655637795367));
#6299=CARTESIAN_POINT('',(0.00224079722923982,0.0512244862607386,0.000515764404159522));
#6300=CARTESIAN_POINT('',(0.00215353224535861,0.050744825249046,0.000539276337744016));
#6301=CARTESIAN_POINT('',(0.00203505483337749,0.0502200359772003,0.000565408591087712));
#6302=CARTESIAN_POINT('',(0.00192228727894741,0.049797839930411,0.000586538995894468));
#6303=CARTESIAN_POINT('',(0.00176107742507147,0.0493032392872599,0.000610312300430446));
#6304=CARTESIAN_POINT('',(0.00154378171394161,0.0487739064023938,0.000635252597246907));
#6305=CARTESIAN_POINT('',(0.00112710037409457,0.0480445855740454,0.000670112983750788));
#6306=CARTESIAN_POINT('',(0.000746057038030719,0.0478033472220408,0.000685142364833383));
#6307=CARTESIAN_POINT('',(0.000500000000000002,0.0478063751569604,0.000684040286651342));
#6308=CARTESIAN_POINT('',(-0.02325,0.0777632698070847,0.01));
#6309=CARTESIAN_POINT('',(-0.02325,0.0740010482305023,-0.00033661882864499));
#6310=CARTESIAN_POINT('',(-0.0240902018465707,0.0741865167878925,0.000172951844803437));
#6311=CARTESIAN_POINT('',(-0.0240902018465708,0.0741865167878925,0.00017295184480345));
#6312=CARTESIAN_POINT('',(-0.0239600990440221,0.0749716752489604,0.000101696582200112));
#6313=CARTESIAN_POINT('',(-0.0236751826802485,0.076164982555274,2.33314821264515E-18));
#6314=CARTESIAN_POINT('',(-0.02325,0.0777632698070847,1.73472347597681E-18));
#6315=CARTESIAN_POINT('',(-0.02325,0.0523044217913101,0.0075603073792141));
#6316=CARTESIAN_POINT('',(-0.02425,0.0721072868039628,0.000352653961416918));
#6317=CARTESIAN_POINT('',(-0.02425,0.073081287852507,0.000268473735390958));
#6318=CARTESIAN_POINT('',(-0.0241596506070102,0.0737743259138645,0.000208466977355412));
#6319=CARTESIAN_POINT('',(-0.0240902018465708,0.0741865167878926,0.000172951844803435));
#6320=CARTESIAN_POINT('',(-0.02325,0.0412663187047019,0.0115778483455014));
#6321=CARTESIAN_POINT('',(-0.02325,0.0388721777014222,0.005));
#6322=CARTESIAN_POINT('',(-0.02325,0.0388721777014222,0.012));
#6323=CARTESIAN_POINT('',(-0.02325,1.94372630440775E-18,0.012));
#6324=CARTESIAN_POINT('',(-0.02725,0.0777632698070847,0.01));
#6325=CARTESIAN_POINT('',(-0.02725,0.0777632698070847,1.73472347597681E-18));
#6326=CARTESIAN_POINT('',(-0.0268248173197514,0.0761649825552738,2.33314821264528E-18));
#6327=CARTESIAN_POINT('',(-0.0265399009559779,0.0749716752489601,0.000101696582200139));
#6328=CARTESIAN_POINT('',(-0.0264097981534292,0.0741865167878925,0.00017295184480345));
#6329=CARTESIAN_POINT('',(-0.0264097981534292,0.0741865167878925,0.000172951844803434));
#6330=CARTESIAN_POINT('',(-0.02725,0.0740010482305023,-0.000336618828644989));
#6331=CARTESIAN_POINT('',(-0.02725,0.00613783748182866,0.0243635698856064));
#6332=CARTESIAN_POINT('',(-0.0264097981534292,0.0741865167878925,0.000172951844803443));
#6333=CARTESIAN_POINT('',(-0.0263403493929898,0.0737743259138645,0.000208466977355398));
#6334=CARTESIAN_POINT('',(-0.02625,0.073081287852507,0.000268473735390948));
#6335=CARTESIAN_POINT('',(-0.02625,0.0721072868039627,0.000352653961416932));
#6336=CARTESIAN_POINT('',(-0.02725,0.0412663187047019,0.0115778483455014));
#6337=CARTESIAN_POINT('',(-0.02725,0.0388721777014222,0.005));
#6338=CARTESIAN_POINT('',(-0.02725,0.0388721777014222,0.012));
#6339=CARTESIAN_POINT('',(-0.02725,0.0328464419346358,0.012));
#6340=CARTESIAN_POINT('',(0.0015,0.0777632698070847,0.01));
#6341=CARTESIAN_POINT('',(0.0015,0.0777632698070847,1.73472347597681E-18));
#6342=CARTESIAN_POINT('',(0.00192518268024848,0.0761649825552741,2.33314821264512E-18));
#6343=CARTESIAN_POINT('',(0.00221009904402205,0.0749716752489604,0.000101696582200105));
#6344=CARTESIAN_POINT('',(0.00234020184657076,0.0741865167878925,0.00017295184480345));
#6345=CARTESIAN_POINT('',(0.00234020184657077,0.0741865167878925,0.00017295184480343));
#6346=CARTESIAN_POINT('',(0.0015,0.0740010482305023,-0.00033661882864499));
#6347=CARTESIAN_POINT('',(0.0015,0.00613783748182866,0.0243635698856064));
#6348=CARTESIAN_POINT('',(0.00234020184657077,0.0741865167878925,0.00017295184480344));
#6349=CARTESIAN_POINT('',(0.0024096506070102,0.0737743259138645,0.000208466977355412));
#6350=CARTESIAN_POINT('',(0.0025,0.073081287852507,0.000268473735390963));
#6351=CARTESIAN_POINT('',(0.0025,0.0721072868039627,0.000352653961416932));
#6352=CARTESIAN_POINT('',(0.0015,0.0412663187047019,0.0115778483455014));
#6353=CARTESIAN_POINT('',(0.0015,0.0388721777014222,0.005));
#6354=CARTESIAN_POINT('',(0.0015,0.0388721777014222,0.012));
#6355=CARTESIAN_POINT('',(0.0015,0.0328464419346358,0.012));
#6356=CARTESIAN_POINT('',(0.0015,0.0259958767598084,0.012));
#6357=CARTESIAN_POINT('',(0.0015,0.0152479383799042,0.0227479383799042));
#6358=CARTESIAN_POINT('',(-0.052,0.0777632698070847,0.01));
#6359=CARTESIAN_POINT('',(-0.052,0.0740010482305023,-0.000336618828644989));
#6360=CARTESIAN_POINT('',(-0.0528402018465707,0.0741865167878925,0.000172951844803439));
#6361=CARTESIAN_POINT('',(-0.0528402018465708,0.0741865167878925,0.00017295184480345));
#6362=CARTESIAN_POINT('',(-0.0527100990440219,0.0749716752489611,0.000101696582200047));
#6363=CARTESIAN_POINT('',(-0.0524251826802483,0.0761649825552748,2.33314821264476E-18));
#6364=CARTESIAN_POINT('',(-0.052,0.0777632698070847,1.73472347597681E-18));
#6365=CARTESIAN_POINT('',(-0.052,0.0523044217913101,0.0075603073792141));
#6366=CARTESIAN_POINT('',(-0.053,0.0721072868039628,0.000352653961416918));
#6367=CARTESIAN_POINT('',(-0.053,0.0730812878525073,0.000268473735390944));
#6368=CARTESIAN_POINT('',(-0.0529096506070102,0.0737743259138648,0.000208466977355388));
#6369=CARTESIAN_POINT('',(-0.0528402018465708,0.0741865167878926,0.000172951844803435));
#6370=CARTESIAN_POINT('',(-0.052,0.0412663187047019,0.0115778483455014));
#6371=CARTESIAN_POINT('',(-0.052,0.0388721777014222,0.005));
#6372=CARTESIAN_POINT('',(-0.052,0.0388721777014222,0.012));
#6373=CARTESIAN_POINT('',(-0.052,4.34725883136356E-18,0.012));
#6374=CARTESIAN_POINT('',(-0.052,0.0259958767598084,0.012));
#6375=CARTESIAN_POINT('',(-0.052,0.0152479383799042,0.0227479383799042));
#6376=CARTESIAN_POINT('',(-0.0240902018465707,0.0741865167878925,0.000172951844803438));
#6377=CARTESIAN_POINT('',(-0.0238918847364253,0.0753733790505648,6.42430241764114E-5));
#6378=CARTESIAN_POINT('',(-0.0235683191665099,0.0765666889267382,-6.87992097009584E-7));
#6379=CARTESIAN_POINT('',(-0.02325,0.0777632698070847,-6.45100292628875E-18));
#6380=CARTESIAN_POINT('',(-0.0243865023561537,0.0742519230093744,0.));
#6381=CARTESIAN_POINT('',(-0.0241182479314988,0.0754562856823982,3.87025123333175E-18));
#6382=CARTESIAN_POINT('',(-0.0236805756815744,0.0766093228269519,-8.04025958904523E-18));
#6383=CARTESIAN_POINT('',(-0.02325,0.0777632698070847,6.50521303491303E-18));
#6384=CARTESIAN_POINT('',(-0.0240902018465707,0.0741865167878925,0.000172951844803438));
#6385=CARTESIAN_POINT('',(-0.0241889686830984,0.0742083188617198,0.000115301229868959));
#6386=CARTESIAN_POINT('',(-0.0242877355196261,0.0742301209355471,5.76506149344793E-5));
#6387=CARTESIAN_POINT('',(-0.0243865023561537,0.0742519230093744,0.));
#6388=CARTESIAN_POINT('',(-0.0243865023561537,0.0742519230093744,3.25260651745652E-19));
#6389=CARTESIAN_POINT('',(-0.0245270461215041,0.0736175027351893,3.25260651745651E-19));
#6390=CARTESIAN_POINT('',(-0.0246030740795561,0.0728631603778274,3.25260651745651E-19));
#6391=CARTESIAN_POINT('',(-0.0246026539614169,0.0721072868039627,3.25260651745652E-19));
#6392=CARTESIAN_POINT('',(-0.0240902018465707,0.0741865167878925,0.000172951844803438));
#6393=CARTESIAN_POINT('',(-0.0241941040783013,0.0735714447989136,0.000226110821512822));
#6394=CARTESIAN_POINT('',(-0.0242503105880374,0.0728401080604881,0.000289318240061046));
#6395=CARTESIAN_POINT('',(-0.02425,0.0721072868039627,0.000352653961416923));
#6396=CARTESIAN_POINT('',(-0.0246026539614169,0.0721072868039627,-7.04731412115578E-19));
#6397=CARTESIAN_POINT('',(-0.0244851026409446,0.0721072868039627,0.000117551320472308));
#6398=CARTESIAN_POINT('',(-0.0243675513204723,0.0721072868039627,0.000235102640944617));
#6399=CARTESIAN_POINT('',(-0.02425,0.0721072868039627,0.000352653961416926));
#6400=CARTESIAN_POINT('',(-0.02425,2.02732743578012E-18,0.000352653961416926));
#6401=CARTESIAN_POINT('',(-0.02425,0.0545644604029842,0.000352653961416925));
#6402=CARTESIAN_POINT('',(-0.0243675513204723,0.0545644604029842,0.000235102640944616));
#6403=CARTESIAN_POINT('',(-0.0244851026409446,0.0545644604029842,0.000117551320472308));
#6404=CARTESIAN_POINT('',(-0.0246026539614169,0.0545644604029842,0.));
#6405=CARTESIAN_POINT('',(-0.0246026539614169,0.0545644604029842,-1.0842021724855E-19));
#6406=CARTESIAN_POINT('',(-0.0246051531243377,0.0527611098974231,-1.0842021724855E-19));
#6407=CARTESIAN_POINT('',(-0.0243497097876271,0.0509756502813219,-1.0842021724855E-19));
#6408=CARTESIAN_POINT('',(-0.0234774453521795,0.0484253196868546,-1.0842021724855E-19));
#6409=CARTESIAN_POINT('',(-0.0228667821983784,0.0476784533349877,-1.0842021724855E-19));
#6410=CARTESIAN_POINT('',(-0.02225,0.0476857603985322,-1.0842021724855E-19));
#6411=CARTESIAN_POINT('',(-0.02425,0.0545644604029842,0.000352653961416924));
#6412=CARTESIAN_POINT('',(-0.0242521245478186,0.0527927307975131,0.000439531670396925));
#6413=CARTESIAN_POINT('',(-0.0240349709626509,0.0510385775560199,0.000525547512966902));
#6414=CARTESIAN_POINT('',(-0.0232934561620952,0.0485329674393481,0.000648411445398439));
#6415=CARTESIAN_POINT('',(-0.0227743288715582,0.0477991962193268,0.00068439230969853));
#6416=CARTESIAN_POINT('',(-0.02225,0.0478063751569604,0.000684040286651341));
#6417=CARTESIAN_POINT('',(-0.02225,0.0476857603985322,-3.25260651745651E-19));
#6418=CARTESIAN_POINT('',(-0.02225,0.0477259653180083,0.00022801342888378));
#6419=CARTESIAN_POINT('',(-0.02225,0.0477661702374843,0.00045602685776756));
#6420=CARTESIAN_POINT('',(-0.02225,0.0478063751569604,0.000684040286651341));
#6421=CARTESIAN_POINT('',(0.002502,0.0478063751569604,0.000684040286651341));
#6422=CARTESIAN_POINT('',(0.0005,0.0478063751569604,0.000684040286651341));
#6423=CARTESIAN_POINT('',(0.0005,0.0477661702374843,0.000456026857767561));
#6424=CARTESIAN_POINT('',(0.0005,0.0477259653180083,0.000228013428883781));
#6425=CARTESIAN_POINT('',(0.0005,0.0476857603985322,5.42101086242752E-19));
#6426=CARTESIAN_POINT('',(0.000500000000000006,0.0476857603985322,-1.0842021724855E-19));
#6427=CARTESIAN_POINT('',(0.0011167821983784,0.0476784533349877,-1.0842021724855E-19));
#6428=CARTESIAN_POINT('',(0.00172744535217955,0.0484253196868546,-1.0842021724855E-19));
#6429=CARTESIAN_POINT('',(0.0025997097876271,0.0509756502813219,-1.0842021724855E-19));
#6430=CARTESIAN_POINT('',(0.00285515312433773,0.0527611098974231,-1.0842021724855E-19));
#6431=CARTESIAN_POINT('',(0.00285265396141695,0.0545644604029842,-1.0842021724855E-19));
#6432=CARTESIAN_POINT('',(0.000500000000000007,0.0478063751569604,0.000684040286651341));
#6433=CARTESIAN_POINT('',(0.00102432887155826,0.0477991962193268,0.000684392309698528));
#6434=CARTESIAN_POINT('',(0.00154345616209527,0.0485329674393481,0.00064841144539844));
#6435=CARTESIAN_POINT('',(0.00228497096265093,0.0510385775560199,0.000525547512966902));
#6436=CARTESIAN_POINT('',(0.00250212454781858,0.0527927307975131,0.000439531670396925));
#6437=CARTESIAN_POINT('',(0.0025,0.0545644604029842,0.000352653961416925));
#6438=CARTESIAN_POINT('',(0.00285265396141694,0.0545644604029842,-2.16840434497101E-19));
#6439=CARTESIAN_POINT('',(0.00273510264094463,0.0545644604029842,0.000117551320472308));
#6440=CARTESIAN_POINT('',(0.00261755132047232,0.0545644604029842,0.000235102640944617));
#6441=CARTESIAN_POINT('',(0.0025,0.0545644604029842,0.000352653961416926));
#6442=CARTESIAN_POINT('',(0.0025,-2.09002828430941E-19,0.000352653961416926));
#6443=CARTESIAN_POINT('',(0.00250000000000001,0.0721072868039627,0.000352653961416923));
#6444=CARTESIAN_POINT('',(0.00261755132047232,0.0721072868039627,0.000235102640944616));
#6445=CARTESIAN_POINT('',(0.00273510264094463,0.0721072868039627,0.000117551320472309));
#6446=CARTESIAN_POINT('',(0.00285265396141694,0.0721072868039627,1.19262238973405E-18));
#6447=CARTESIAN_POINT('',(0.00285265396141695,0.0721072868039627,1.19262238973405E-18));
#6448=CARTESIAN_POINT('',(0.00285307407955612,0.0728631603778274,1.19262238973405E-18));
#6449=CARTESIAN_POINT('',(0.00277704612150414,0.0736175027351893,1.19262238973405E-18));
#6450=CARTESIAN_POINT('',(0.00263650235615377,0.0742519230093744,1.19262238973405E-18));
#6451=CARTESIAN_POINT('',(0.0025,0.0721072868039627,0.00035265396141692));
#6452=CARTESIAN_POINT('',(0.00250031058803742,0.0728401080604881,0.000289318240061042));
#6453=CARTESIAN_POINT('',(0.0024441040783013,0.0735714447989136,0.000226110821512823));
#6454=CARTESIAN_POINT('',(0.00234020184657077,0.0741865167878925,0.000172951844803429));
#6455=CARTESIAN_POINT('',(0.00234020184657077,0.0741865167878925,0.000172951844803429));
#6456=CARTESIAN_POINT('',(0.00243896868309843,0.0742083188617198,0.000115301229868953));
#6457=CARTESIAN_POINT('',(0.0025377355196261,0.0742301209355471,5.76506149344771E-5));
#6458=CARTESIAN_POINT('',(0.00263650235615377,0.0742519230093744,1.19262238973405E-18));
#6459=CARTESIAN_POINT('',(0.00263650235615377,0.0742519230093744,0.));
#6460=CARTESIAN_POINT('',(0.00236824793149877,0.0754562856823982,3.87025123333175E-18));
#6461=CARTESIAN_POINT('',(0.00193057568157443,0.0766093228269519,-8.04025958904523E-18));
#6462=CARTESIAN_POINT('',(0.0015,0.0777632698070847,6.50521303491303E-18));
#6463=CARTESIAN_POINT('',(0.00234020184657077,0.0741865167878925,0.000172951844803437));
#6464=CARTESIAN_POINT('',(0.00214188473642541,0.0753733790505648,6.42430241764127E-5));
#6465=CARTESIAN_POINT('',(0.00181831916650994,0.0765666889267382,-6.8799209701138E-7));
#6466=CARTESIAN_POINT('',(0.0015,0.0777632698070847,-6.45100292628875E-18));
#6467=CARTESIAN_POINT('',(-0.0528402018465707,0.0741865167878925,0.000172951844803437));
#6468=CARTESIAN_POINT('',(-0.0526418847364254,0.0753733790505648,6.42430241764102E-5));
#6469=CARTESIAN_POINT('',(-0.0523183191665099,0.0765666889267382,-6.87992097011194E-7));
#6470=CARTESIAN_POINT('',(-0.052,0.0777632698070847,-6.93889390390723E-18));
#6471=CARTESIAN_POINT('',(-0.0531365023561537,0.0742519230093744,0.));
#6472=CARTESIAN_POINT('',(-0.0528682479314987,0.0754562856823982,4.12826798222054E-18));
#6473=CARTESIAN_POINT('',(-0.0524305756815744,0.0766093228269519,-8.57627689498158E-18));
#6474=CARTESIAN_POINT('',(-0.052,0.0777632698070847,6.93889390390723E-18));
#6475=CARTESIAN_POINT('',(-0.0528402018465707,0.0741865167878925,0.000172951844803437));
#6476=CARTESIAN_POINT('',(-0.0529389686830984,0.0742083188617198,0.000115301229868958));
#6477=CARTESIAN_POINT('',(-0.053037735519626,0.0742301209355471,5.76506149344792E-5));
#6478=CARTESIAN_POINT('',(-0.0531365023561537,0.0742519230093744,0.));
#6479=CARTESIAN_POINT('',(-0.0531365023561538,0.0742519230093744,-4.87890977618477E-19));
#6480=CARTESIAN_POINT('',(-0.0532770461215041,0.0736175027351893,-4.87890977618477E-19));
#6481=CARTESIAN_POINT('',(-0.0533530740795561,0.0728631603778273,-4.87890977618477E-19));
#6482=CARTESIAN_POINT('',(-0.0533526539614169,0.0721072868039627,-4.87890977618477E-19));
#6483=CARTESIAN_POINT('',(-0.0528402018465707,0.0741865167878925,0.000172951844803438));
#6484=CARTESIAN_POINT('',(-0.0529441040783013,0.0735714447989136,0.000226110821512814));
#6485=CARTESIAN_POINT('',(-0.0530003105880374,0.0728401080604881,0.000289318240061047));
#6486=CARTESIAN_POINT('',(-0.053,0.0721072868039627,0.000352653961416921));
#6487=CARTESIAN_POINT('',(-0.0533526539614169,0.0721072868039627,3.25260651745651E-19));
#6488=CARTESIAN_POINT('',(-0.0532351026409446,0.0721072868039627,0.000117551320472309));
#6489=CARTESIAN_POINT('',(-0.0531175513204723,0.0721072868039627,0.000235102640944617));
#6490=CARTESIAN_POINT('',(-0.053,0.0721072868039627,0.000352653961416925));
#6491=CARTESIAN_POINT('',(-0.053,4.43085996273594E-18,0.000352653961416925));
#6492=CARTESIAN_POINT('',(-0.053,0.0545644604029842,0.000352653961416929));
#6493=CARTESIAN_POINT('',(-0.0531175513204723,0.0545644604029842,0.000235102640944621));
#6494=CARTESIAN_POINT('',(-0.0532351026409446,0.0545644604029842,0.000117551320472313));
#6495=CARTESIAN_POINT('',(-0.0533526539614169,0.0545644604029842,4.55364912443912E-18));
#6496=CARTESIAN_POINT('',(-0.0533526539614169,0.0545644604029842,-5.42101086242752E-20));
#6497=CARTESIAN_POINT('',(-0.0533551531243377,0.0527611098974232,-5.42101086242752E-20));
#6498=CARTESIAN_POINT('',(-0.0530997097876271,0.0509756502813219,-5.42101086242752E-20));
#6499=CARTESIAN_POINT('',(-0.0522274453521795,0.0484253196868546,-5.42101086242752E-20));
#6500=CARTESIAN_POINT('',(-0.0516167821983784,0.0476784533349877,-5.42101086242752E-20));
#6501=CARTESIAN_POINT('',(-0.051,0.0476857603985322,-5.42101086242752E-20));
#6502=CARTESIAN_POINT('',(-0.053,0.0545644604029842,0.000352653961416924));
#6503=CARTESIAN_POINT('',(-0.0530021245478185,0.0527927307975131,0.000439531670396925));
#6504=CARTESIAN_POINT('',(-0.0527849709626509,0.0510385775560199,0.000525547512966905));
#6505=CARTESIAN_POINT('',(-0.0520434561620952,0.0485329674393481,0.000648411445398437));
#6506=CARTESIAN_POINT('',(-0.0515243288715582,0.0477991962193268,0.00068439230969853));
#6507=CARTESIAN_POINT('',(-0.051,0.0478063751569604,0.00068404028665134));
#6508=CARTESIAN_POINT('',(-0.051,0.0476857603985322,-1.19262238973405E-18));
#6509=CARTESIAN_POINT('',(-0.051,0.0477259653180083,0.000228013428883779));
#6510=CARTESIAN_POINT('',(-0.051,0.0477661702374844,0.00045602685776756));
#6511=CARTESIAN_POINT('',(-0.051,0.0478063751569604,0.00068404028665134));
#6512=CARTESIAN_POINT('',(0.002502,0.0478063751569604,0.00068404028665134));
#6513=CARTESIAN_POINT('',(-0.02825,0.0478063751569604,0.000684040286651342));
#6514=CARTESIAN_POINT('',(-0.02825,0.0477661702374843,0.000456026857767561));
#6515=CARTESIAN_POINT('',(-0.02825,0.0477259653180083,0.000228013428883779));
#6516=CARTESIAN_POINT('',(-0.02825,0.0476857603985322,-2.16840434497101E-18));
#6517=CARTESIAN_POINT('',(-0.02825,0.0476857603985322,-1.35525271560688E-18));
#6518=CARTESIAN_POINT('',(-0.0276332178016216,0.0476784533349877,-1.35525271560688E-18));
#6519=CARTESIAN_POINT('',(-0.0270225546478204,0.0484253196868546,-1.35525271560688E-18));
#6520=CARTESIAN_POINT('',(-0.0261502902123729,0.0509756502813219,-1.35525271560688E-18));
#6521=CARTESIAN_POINT('',(-0.0258948468756623,0.0527611098974232,-1.35525271560688E-18));
#6522=CARTESIAN_POINT('',(-0.0258973460385831,0.0545644604029842,-1.35525271560688E-18));
#6523=CARTESIAN_POINT('',(-0.02825,0.0478063751569604,0.000684040286651341));
#6524=CARTESIAN_POINT('',(-0.0277256711284418,0.0477991962193269,0.000684392309698522));
#6525=CARTESIAN_POINT('',(-0.0272065438379047,0.0485329674393481,0.000648411445398438));
#6526=CARTESIAN_POINT('',(-0.0264650290373491,0.0510385775560199,0.000525547512966899));
#6527=CARTESIAN_POINT('',(-0.0262478754521814,0.0527927307975131,0.00043953167039692));
#6528=CARTESIAN_POINT('',(-0.02625,0.0545644604029842,0.000352653961416923));
#6529=CARTESIAN_POINT('',(-0.025897346038583,0.0545644604029842,-1.18862164074726E-18));
#6530=CARTESIAN_POINT('',(-0.0260148973590554,0.0545644604029842,0.000117551320472308));
#6531=CARTESIAN_POINT('',(-0.0261324486795277,0.0545644604029842,0.000235102640944617));
#6532=CARTESIAN_POINT('',(-0.02625,0.0545644604029842,0.000352653961416925));
#6533=CARTESIAN_POINT('',(-0.0258973460385831,2.16504742836747E-18,0.));
#6534=CARTESIAN_POINT('',(-0.02625,0.0721072868039627,0.000352653961416922));
#6535=CARTESIAN_POINT('',(-0.0261324486795277,0.0721072868039627,0.000235102640944614));
#6536=CARTESIAN_POINT('',(-0.0260148973590554,0.0721072868039627,0.000117551320472307));
#6537=CARTESIAN_POINT('',(-0.025897346038583,0.0721072868039627,-1.13294793125518E-18));
#6538=CARTESIAN_POINT('',(-0.0258973460385831,0.0721072868039627,-1.35525271560688E-18));
#6539=CARTESIAN_POINT('',(-0.0258969259204439,0.0728631603778274,-1.35525271560688E-18));
#6540=CARTESIAN_POINT('',(-0.0259729538784958,0.0736175027351893,-1.35525271560688E-18));
#6541=CARTESIAN_POINT('',(-0.0261134976438462,0.0742519230093744,-1.35525271560688E-18));
#6542=CARTESIAN_POINT('',(-0.02625,0.0721072868039627,0.00035265396141692));
#6543=CARTESIAN_POINT('',(-0.0262496894119626,0.0728401080604881,0.000289318240061038));
#6544=CARTESIAN_POINT('',(-0.0263058959216987,0.0735714447989136,0.000226110821512822));
#6545=CARTESIAN_POINT('',(-0.0264097981534293,0.0741865167878925,0.000172951844803427));
#6546=CARTESIAN_POINT('',(-0.0264097981534293,0.0741865167878925,0.000172951844803427));
#6547=CARTESIAN_POINT('',(-0.0263110313169016,0.0742083188617198,0.000115301229868951));
#6548=CARTESIAN_POINT('',(-0.0262122644803739,0.0742301209355471,5.76506149344748E-5));
#6549=CARTESIAN_POINT('',(-0.0261134976438462,0.0742519230093744,-1.35525271560688E-18));
#6550=CARTESIAN_POINT('',(-0.0261134976438462,0.0742519230093744,0.));
#6551=CARTESIAN_POINT('',(-0.0263817520685012,0.0754562856823982,4.12826798222054E-18));
#6552=CARTESIAN_POINT('',(-0.0268194243184255,0.0766093228269519,-8.57627689498158E-18));
#6553=CARTESIAN_POINT('',(-0.02725,0.0777632698070847,6.93889390390723E-18));
#6554=CARTESIAN_POINT('',(-0.0264097981534293,0.0741865167878925,0.000172951844803437));
#6555=CARTESIAN_POINT('',(-0.0266081152635746,0.0753733790505648,6.42430241764111E-5));
#6556=CARTESIAN_POINT('',(-0.0269316808334901,0.0765666889267382,-6.87992097011009E-7));
#6557=CARTESIAN_POINT('',(-0.02725,0.0777632698070847,-6.93889390390723E-18));
#6558=CARTESIAN_POINT('',(-0.073,-0.0735,0.018));
#6559=CARTESIAN_POINT('',(-0.073,-0.0735,0.007));
#6560=CARTESIAN_POINT('',(-0.07775,-0.0762726341266027,0.00699999999999412));
#6561=CARTESIAN_POINT('',(-0.0764910600109423,-0.07775,0.007));
#6562=CARTESIAN_POINT('',(-0.0764910600109423,-0.07775,0.018));
#6563=CARTESIAN_POINT('',(-0.07775,-0.0762726341266024,0.018));
#6564=CARTESIAN_POINT('',(0.022,-0.0735,0.018));
#6565=CARTESIAN_POINT('',(0.022,-0.0735,0.004));
#6566=CARTESIAN_POINT('',(0.0245,-0.0735,0.004));
#6567=CARTESIAN_POINT('',(0.022,-0.0735,0.018));
#6568=CARTESIAN_POINT('',(0.0254910600109422,-0.07775,0.018));
#6569=CARTESIAN_POINT('',(0.0254910600109422,-0.07775,0.007));
#6570=CARTESIAN_POINT('',(0.022,-0.0735,0.007));
#6571=CARTESIAN_POINT('',(0.0185089399890577,-0.07775,0.007));
#6572=CARTESIAN_POINT('',(0.0185089399890577,-0.07775,0.018));
#6573=CARTESIAN_POINT('',(1.38777878078145E-17,0.,0.004));
#6574=CARTESIAN_POINT('',(0.022,0.017,0.018));
#6575=CARTESIAN_POINT('',(0.022,0.017,0.004));
#6576=CARTESIAN_POINT('',(0.0245,0.017,0.004));
#6577=CARTESIAN_POINT('',(0.022,0.017,0.018));
#6578=CARTESIAN_POINT('',(0.0245,0.017,0.018));
#6579=CARTESIAN_POINT('',(0.022,0.017,0.018));
#6580=CARTESIAN_POINT('',(0.022,0.017,0.007));
#6581=CARTESIAN_POINT('',(0.0275,0.017,0.007));
#6582=CARTESIAN_POINT('',(0.022,0.017,0.018));
#6583=CARTESIAN_POINT('',(0.0275,0.017,0.018));
#6584=CARTESIAN_POINT('',(1.38777878078145E-17,0.,0.018));
#6585=CARTESIAN_POINT('',(1.38777878078145E-17,0.,0.004));
#6586=CARTESIAN_POINT('',(-0.073,0.017,0.018));
#6587=CARTESIAN_POINT('',(-0.073,0.017,0.004));
#6588=CARTESIAN_POINT('',(-0.0705,0.017,0.004));
#6589=CARTESIAN_POINT('',(-0.073,0.017,0.018));
#6590=CARTESIAN_POINT('',(-0.07775,0.0142273658733976,0.018));
#6591=CARTESIAN_POINT('',(-0.07775,0.0142273658733973,0.00699999999999619));
#6592=CARTESIAN_POINT('',(-0.073,0.017,0.007));
#6593=CARTESIAN_POINT('',(-0.07775,0.0197726341266024,0.007));
#6594=CARTESIAN_POINT('',(-0.07775,0.0197726341266024,0.018));
#6595=CARTESIAN_POINT('',(1.38777878078145E-17,0.,0.004));
#6596=CARTESIAN_POINT('',(0.0735,-0.0735,0.009));
#6597=CARTESIAN_POINT('',(0.0735,-0.0735,0.009));
#6598=CARTESIAN_POINT('',(0.0769910600109423,-0.07775,0.009));
#6599=CARTESIAN_POINT('',(0.0700089399890577,-0.07775,0.009));
#6600=CARTESIAN_POINT('',(0.0769910600109423,-0.07775,0.009));
#6601=CARTESIAN_POINT('',(0.0700089399890577,-0.07775,0.009));
#6602=CARTESIAN_POINT('',(1.38777878078145E-17,0.,0.009));
#6603=CARTESIAN_POINT('',(1.38777878078145E-17,-0.07775,0.009));
#6604=CARTESIAN_POINT('',(-0.073,0.073,0.009));
#6605=CARTESIAN_POINT('',(-0.073,0.073,0.009));
#6606=CARTESIAN_POINT('',(-0.07775,0.0702273658733976,0.009));
#6607=CARTESIAN_POINT('',(-0.07775,0.0757726341266024,0.009));
#6608=CARTESIAN_POINT('',(-0.07775,0.0702273658733976,0.009));
#6609=CARTESIAN_POINT('',(-0.07775,0.0757726341266024,0.009));
#6610=CARTESIAN_POINT('',(1.38777878078145E-17,0.,0.009));
#6611=CARTESIAN_POINT('',(-0.07775,0.,0.009));
#6612=CARTESIAN_POINT('',(0.0735,0.073,0.009));
#6613=CARTESIAN_POINT('',(0.0735,0.073,0.009));
#6614=CARTESIAN_POINT('',(0.079,0.073,0.009));
#6615=CARTESIAN_POINT('',(1.38777878078145E-17,0.,0.009));
#6616=CARTESIAN_POINT('',(-0.079,-0.079,0.004));
#6617=CARTESIAN_POINT('',(-0.079,-0.079,0.004));
#6618=CARTESIAN_POINT('',(-0.079,-0.079,0.004));
#6619=CARTESIAN_POINT('',(-0.079,6.60448937841772E-18,0.004));
#6620=CARTESIAN_POINT('',(-0.079,0.079,0.004));
#6621=CARTESIAN_POINT('',(2.04822771862322E-17,-0.079,0.004));
#6622=CARTESIAN_POINT('',(0.079,-0.079,0.004));
#6623=CARTESIAN_POINT('',(-0.079,0.079,0.004));
#6624=CARTESIAN_POINT('',(-0.079,0.079,0.004));
#6625=CARTESIAN_POINT('',(0.079,-0.079,0.004));
#6626=CARTESIAN_POINT('',(0.079,-0.079,0.004));
#6627=CARTESIAN_POINT('',(1.45465968587935E-17,0.079,0.004));
#6628=CARTESIAN_POINT('',(0.079,0.079,0.004));
#6629=CARTESIAN_POINT('',(0.079,3.34404525489505E-19,0.004));
#6630=CARTESIAN_POINT('',(0.079,0.079,0.004));
#6631=CARTESIAN_POINT('',(0.079,0.079,0.004));
#6632=CARTESIAN_POINT('',(0.0735,-0.0735,0.));
#6633=CARTESIAN_POINT('',(0.0735,0.073,0.));
#6634=CARTESIAN_POINT('',(-0.073,0.073,0.));
#6635=CARTESIAN_POINT('',(-0.073,-0.0735,0.));
#6636=CARTESIAN_POINT('',(0.0315,0.05495,0.024));
#6637=CARTESIAN_POINT('',(0.0315,0.0552,0.0185));
#6638=CARTESIAN_POINT('',(0.0315,0.0552,0.0155));
#6639=CARTESIAN_POINT('',(0.0315,0.05495,0.024));
#6640=CARTESIAN_POINT('',(0.0315,0.0622,0.024));
#6641=CARTESIAN_POINT('',(0.0315,0.0527,0.024));
#6642=CARTESIAN_POINT('',(0.0315,0.0527,0.021));
#6643=CARTESIAN_POINT('',(0.0315,0.0497,0.021));
#6644=CARTESIAN_POINT('',(0.0315,0.0497,0.024));
#6645=CARTESIAN_POINT('',(0.0315,0.0497,0.014125));
#6646=CARTESIAN_POINT('',(0.0315,0.05495,0.014125));
#6647=CARTESIAN_POINT('',(0.0315,0.0602,0.014125));
#6648=CARTESIAN_POINT('',(0.0315,0.0602,0.024));
#6649=CARTESIAN_POINT('',(0.0315,0.0602,0.016));
#6650=CARTESIAN_POINT('',(0.0315,0.0622,0.024));
#6651=CARTESIAN_POINT('',(0.0415,0.0602,0.024));
#6652=CARTESIAN_POINT('',(0.0315,0.0602,0.016));
#6653=CARTESIAN_POINT('',(0.0415,0.0602,0.014125));
#6654=CARTESIAN_POINT('',(0.054,0.0497,0.024));
#6655=CARTESIAN_POINT('',(0.0515,0.0497,0.024));
#6656=CARTESIAN_POINT('',(0.0515,0.0497,0.007));
#6657=CARTESIAN_POINT('',(0.054,0.0497,0.007));
#6658=CARTESIAN_POINT('',(0.0565,0.0497,0.007));
#6659=CARTESIAN_POINT('',(0.0565,0.0497,0.024));
#6660=CARTESIAN_POINT('',(0.0565,0.0497,0.021));
#6661=CARTESIAN_POINT('',(0.0515,0.0497,0.021));
#6662=CARTESIAN_POINT('',(0.0565,0.05745,0.024));
#6663=CARTESIAN_POINT('',(0.0565,0.05745,0.007));
#6664=CARTESIAN_POINT('',(0.0565,0.0652,0.007));
#6665=CARTESIAN_POINT('',(0.0565,0.0652,0.024));
#6666=CARTESIAN_POINT('',(0.0565,0.0652,0.021));
#6667=CARTESIAN_POINT('',(0.0565,0.0622,0.021));
#6668=CARTESIAN_POINT('',(0.0565,0.0527,0.021));
#6669=CARTESIAN_POINT('',(0.0415,0.0652,0.024));
#6670=CARTESIAN_POINT('',(0.0415,0.0652,0.007));
#6671=CARTESIAN_POINT('',(0.0265,0.0652,0.007));
#6672=CARTESIAN_POINT('',(0.0265,0.0652,0.024));
#6673=CARTESIAN_POINT('',(0.0265,0.0652,0.021));
#6674=CARTESIAN_POINT('',(0.0565,0.0652,0.021));
#6675=CARTESIAN_POINT('',(0.0265,0.05745,0.024));
#6676=CARTESIAN_POINT('',(0.0265,0.0552,0.0185));
#6677=CARTESIAN_POINT('',(0.0265,0.0552,0.0145));
#6678=CARTESIAN_POINT('',(0.0265,0.05745,0.007));
#6679=CARTESIAN_POINT('',(0.0265,0.0497,0.007));
#6680=CARTESIAN_POINT('',(0.0265,0.0497,0.024));
#6681=CARTESIAN_POINT('',(0.0265,0.0497,0.021));
#6682=CARTESIAN_POINT('',(0.0265,0.0527,0.021));
#6683=CARTESIAN_POINT('',(0.0265,0.0527,0.024));
#6684=CARTESIAN_POINT('',(0.0265,0.05745,0.024));
#6685=CARTESIAN_POINT('',(0.0265,0.0622,0.024));
#6686=CARTESIAN_POINT('',(0.0265,0.0622,0.021));
#6687=CARTESIAN_POINT('',(0.029,0.0497,0.024));
#6688=CARTESIAN_POINT('',(0.029,0.0497,0.007));
#6689=CARTESIAN_POINT('',(0.0315,0.0497,0.007));
#6690=CARTESIAN_POINT('',(0.0315,0.0497,0.024));
#6691=CARTESIAN_POINT('',(0.0265,0.0497,0.021));
#6692=CARTESIAN_POINT('',(0.038,-0.0064,0.024));
#6693=CARTESIAN_POINT('',(0.0265,0.0622,0.024));
#6694=CARTESIAN_POINT('',(0.0315,0.0527,0.024));
#6695=CARTESIAN_POINT('',(0.0315,0.05495,0.014125));
#6696=CARTESIAN_POINT('',(0.0315,0.05495,0.007));
#6697=CARTESIAN_POINT('',(0.0315,-0.07775,0.007));
#6698=CARTESIAN_POINT('',(0.0315,-0.07775,0.014125));
#6699=CARTESIAN_POINT('',(0.0315,-0.07775,0.014125));
#6700=CARTESIAN_POINT('',(0.0315,0.05495,0.014125));
#6701=CARTESIAN_POINT('',(0.0515,-0.01415,0.014125));
#6702=CARTESIAN_POINT('',(0.0515,-0.01415,0.014125));
#6703=CARTESIAN_POINT('',(0.0515,-0.07775,0.014125));
#6704=CARTESIAN_POINT('',(0.0515,-0.07775,0.014125));
#6705=CARTESIAN_POINT('',(0.0515,-0.07775,0.007));
#6706=CARTESIAN_POINT('',(0.0515,-0.01415,0.007));
#6707=CARTESIAN_POINT('',(0.038,-0.0064,0.014125));
#6708=CARTESIAN_POINT('',(0.038,-0.07775,0.014125));
#6709=CARTESIAN_POINT('',(0.083002,0.0552,0.0185));
#6710=CARTESIAN_POINT('',(0.0275,0.0552,0.0185));
#6711=CARTESIAN_POINT('',(0.0275,0.0552,0.0155));
#6712=CARTESIAN_POINT('',(0.0275,0.0552,0.0185));
#6713=CARTESIAN_POINT('',(0.038,0.0622,0.021));
#6714=CARTESIAN_POINT('',(0.0265,0.0622,0.024));
#6715=CARTESIAN_POINT('',(0.038,0.0527,0.021));
#6716=CARTESIAN_POINT('',(0.038,0.0527,0.021));
#6717=CARTESIAN_POINT('',(0.038,0.0622,0.024));
#6718=CARTESIAN_POINT('',(0.0415,0.0682,0.007));
#6719=CARTESIAN_POINT('',(0.0595,0.0682,0.007));
#6720=CARTESIAN_POINT('',(0.0235,0.0682,0.007));
#6721=CARTESIAN_POINT('',(0.0235,0.05745,0.007));
#6722=CARTESIAN_POINT('',(0.0235,0.0467,0.007));
#6723=CARTESIAN_POINT('',(0.0595,0.05745,0.007));
#6724=CARTESIAN_POINT('',(0.0595,0.0467,0.007));
#6725=CARTESIAN_POINT('',(0.022,-0.0735,0.007));
#6726=CARTESIAN_POINT('',(0.0146387840678322,-0.07775,0.00399999999999999));
#6727=CARTESIAN_POINT('',(0.0155344001619454,-0.07775,0.00399999999999998));
#6728=CARTESIAN_POINT('',(0.016846824295941,-0.07775,0.00443972495410645));
#6729=CARTESIAN_POINT('',(0.0181702934017985,-0.07775,0.00568343134517112));
#6730=CARTESIAN_POINT('',(0.0185089399890577,-0.07775,0.00654979989215397));
#6731=CARTESIAN_POINT('',(0.0185089399890577,-0.07775,0.007));
#6732=CARTESIAN_POINT('',(0.0254910600109422,-0.07775,0.007));
#6733=CARTESIAN_POINT('',(0.0254910600109422,-0.07775,0.00659342277432832));
#6734=CARTESIAN_POINT('',(0.0257741149423639,-0.07775,0.00578828218325535));
#6735=CARTESIAN_POINT('',(0.0269262022598498,-0.07775,0.00460258056411706));
#6736=CARTESIAN_POINT('',(0.0280871775480589,-0.07775,0.00411887598797207));
#6737=CARTESIAN_POINT('',(0.0288979166666666,-0.07775,0.004026506713243));
#6738=CARTESIAN_POINT('',(0.0288979166666667,-0.07775,0.00402650671324301));
#6739=CARTESIAN_POINT('',(0.0288979166666667,-0.07775,0.004026506713243));
#6740=CARTESIAN_POINT('',(0.0291229906422739,-0.0769556212625627,0.0040566263999179));
#6741=CARTESIAN_POINT('',(0.0294541419100728,-0.0753507708835833,0.00415125451267306));
#6742=CARTESIAN_POINT('',(0.0295542247639304,-0.072835354257804,0.0041923509683328));
#6743=CARTESIAN_POINT('',(0.0292439329780058,-0.070395691162226,0.00407895681705171));
#6744=CARTESIAN_POINT('',(0.0287819210452812,-0.0687957516379332,0.004));
#6745=CARTESIAN_POINT('',(0.0285,-0.0680227744249484,0.004));
#6746=CARTESIAN_POINT('',(0.022,0.017,0.007));
#6747=CARTESIAN_POINT('',(0.0285,0.0115227744249484,0.004));
#6748=CARTESIAN_POINT('',(0.0288181025339389,0.0123949548352741,0.004));
#6749=CARTESIAN_POINT('',(0.0293242561913641,0.0141999263201148,0.00410045413468471));
#6750=CARTESIAN_POINT('',(0.0295874341533445,0.0170017558412742,0.0042070204870803));
#6751=CARTESIAN_POINT('',(0.0293260071301993,0.0197896282341061,0.0041009011455145));
#6752=CARTESIAN_POINT('',(0.0288181025339394,0.0216050451647261,0.004));
#6753=CARTESIAN_POINT('',(0.0285,0.0224772255750516,0.004));
#6754=CARTESIAN_POINT('',(0.029,0.0467,0.007));
#6755=CARTESIAN_POINT('',(0.0285,0.0467,0.007));
#6756=CARTESIAN_POINT('',(0.054,0.0467,0.007));
#6757=CARTESIAN_POINT('',(0.0545,0.0467,0.007));
#6758=CARTESIAN_POINT('',(0.0285,0.05495,0.007));
#6759=CARTESIAN_POINT('',(0.0285,-0.07775,0.007));
#6760=CARTESIAN_POINT('',(0.0545,-0.01415,0.007));
#6761=CARTESIAN_POINT('',(0.0545,-0.07775,0.007));
#6762=CARTESIAN_POINT('',(-0.073,0.017,0.007));
#6763=CARTESIAN_POINT('',(-0.07775,0.0142273658733974,0.00699999999999618));
#6764=CARTESIAN_POINT('',(-0.07775,0.0142273658733962,0.00652519580190123));
#6765=CARTESIAN_POINT('',(-0.07775,0.0137565888607216,0.00564168764536216));
#6766=CARTESIAN_POINT('',(-0.07775,0.0126483822670427,0.00474837555018664));
#6767=CARTESIAN_POINT('',(-0.07775,0.0113535200877596,0.00415013800108299));
#6768=CARTESIAN_POINT('',(-0.07775,0.0104234457738886,0.004));
#6769=CARTESIAN_POINT('',(-0.07775,0.00995106391006414,0.004));
#6770=CARTESIAN_POINT('',(-0.07775,0.0240489360899359,0.004));
#6771=CARTESIAN_POINT('',(-0.07775,0.0235762115631294,0.004));
#6772=CARTESIAN_POINT('',(-0.07775,0.0226373442864579,0.00415270336450903));
#6773=CARTESIAN_POINT('',(-0.07775,0.0213488185673771,0.00475017073743351));
#6774=CARTESIAN_POINT('',(-0.07775,0.0202389856909257,0.00564748475064136));
#6775=CARTESIAN_POINT('',(-0.07775,0.0197726341266024,0.0065251815453638));
#6776=CARTESIAN_POINT('',(-0.07775,0.0197726341266024,0.007));
#6777=CARTESIAN_POINT('',(-0.073,-0.0735,0.007));
#6778=CARTESIAN_POINT('',(-0.07775,-0.0762726341266026,0.00699999999999411));
#6779=CARTESIAN_POINT('',(-0.07775,-0.0762726341266043,0.00655220666313055));
#6780=CARTESIAN_POINT('',(-0.07775,-0.0766938452551516,0.00570943986661761));
#6781=CARTESIAN_POINT('',(-0.07775,-0.0773812954285143,0.00513058755567265));
#6782=CARTESIAN_POINT('',(-0.07775,-0.07775,0.00488359628996577));
#6783=CARTESIAN_POINT('',(-0.07775,-0.07775,0.0048835962899658));
#6784=CARTESIAN_POINT('',(-0.07775,-0.07775,0.00488359628996577));
#6785=CARTESIAN_POINT('',(-0.0774081522277777,-0.07775,0.00513953766974449));
#6786=CARTESIAN_POINT('',(-0.0767937751104843,-0.07775,0.0057506826398314));
#6787=CARTESIAN_POINT('',(-0.0764910600109422,-0.07775,0.00657126140479695));
#6788=CARTESIAN_POINT('',(-0.0764910600109422,-0.07775,0.00699999999999999));
#6789=CARTESIAN_POINT('',(-0.07775,0.000625,0.018002));
#6790=CARTESIAN_POINT('',(-0.07775,-0.07775,0.018002));
#6791=CARTESIAN_POINT('',(0.002625,-0.07775,0.018002));
#6792=CARTESIAN_POINT('',(-0.07775,0.000625,0.018002));
#6793=CARTESIAN_POINT('',(0.002625,-0.07775,0.018002));
#6794=CARTESIAN_POINT('',(-0.07775,0.000625,0.018002));
#6795=CARTESIAN_POINT('',(0.002625,-0.07775,0.018002));
#6796=MECHANICAL_DESIGN_GEOMETRIC_PRESENTATION_REPRESENTATION('',(#3745),
#6797);
#6797=(
GEOMETRIC_REPRESENTATION_CONTEXT(3)
GLOBAL_UNCERTAINTY_ASSIGNED_CONTEXT((#6798))
GLOBAL_UNIT_ASSIGNED_CONTEXT((#6801,#6800,#6799))
REPRESENTATION_CONTEXT('Base','TOP_LEVEL_ASSEMBLY_PART')
);
#6798=UNCERTAINTY_MEASURE_WITH_UNIT(LENGTH_MEASURE(2.E-5),#6801,
'DISTANCE_ACCURACY_VALUE','Maximum Tolerance applied to model');
#6799=(
NAMED_UNIT(*)
SI_UNIT($,.STERADIAN.)
SOLID_ANGLE_UNIT()
);
#6800=(
NAMED_UNIT(*)
PLANE_ANGLE_UNIT()
SI_UNIT($,.RADIAN.)
);
#6801=(
LENGTH_UNIT()
NAMED_UNIT(*)
SI_UNIT($,.METRE.)
);
#6802=PRODUCT_DEFINITION_SHAPE('','',#6803);
#6803=PRODUCT_DEFINITION('','',#6805,#6804);
#6804=PRODUCT_DEFINITION_CONTEXT('',#6811,'design');
#6805=PRODUCT_DEFINITION_FORMATION_WITH_SPECIFIED_SOURCE('','',#6807,
 .NOT_KNOWN.);
#6806=PRODUCT_RELATED_PRODUCT_CATEGORY('','',(#6807));
#6807=PRODUCT('Base','Base','Base',(#6809));
#6808=PRODUCT_CATEGORY('','');
#6809=PRODUCT_CONTEXT('',#6811,'mechanical');
#6810=APPLICATION_PROTOCOL_DEFINITION('international standard',
'ap242_managed_model_based_3d_engineering',2020,#6811);
#6811=APPLICATION_CONTEXT('managed model based 3d engineering');
ENDSEC;
END-ISO-10303-21;
